minor_gid,org_id,votes
713096,1,24
713096,2,31
713096,3,441
713096,4,17
713096,5,19
713096,6,34
713096,8,87
713096,9,24
713096,10,7
713096,11,203
713096,12,230
713096,13,179
713096,14,97
713096,16,31
713096,17,1
713098,1,5
713098,2,88
713098,3,162
713098,4,50
713098,5,9
713098,6,12
713098,8,104
713098,9,17
713098,10,2
713098,11,217
713098,12,160
713098,13,453
713098,14,227
713098,16,104
713098,17,1
713100,1,3
713100,2,2
713100,3,50
713100,4,4
713100,5,4
713100,6,3
713100,8,7
713100,9,8
713100,10,0
713100,11,26
713100,12,35
713100,13,23
713100,14,10
713100,16,5
713100,17,2
713102,1,12
713102,2,21
713102,3,215
713102,4,10
713102,5,10
713102,6,12
713102,8,99
713102,9,26
713102,10,3
713102,11,74
713102,12,125
713102,13,80
713102,14,33
713102,16,24
713102,17,1
713104,1,3
713104,2,0
713104,3,31
713104,4,1
713104,5,1
713104,6,3
713104,8,4
713104,9,0
713104,10,3
713104,11,9
713104,12,17
713104,13,6
713104,14,3
713104,16,2
713104,17,10
713106,1,0
713106,2,4
713106,3,16
713106,4,0
713106,5,6
713106,6,89
713106,8,6
713106,9,2
713106,10,1
713106,11,6
713106,12,7
713106,13,11
713106,14,3
713106,16,2
713106,17,11
713108,1,5
713108,2,15
713108,3,123
713108,4,8
713108,5,10
713108,6,45
713108,8,33
713108,9,19
713108,10,0
713108,11,65
713108,12,84
713108,13,94
713108,14,36
713108,16,20
713108,17,0
713110,1,2
713110,2,1
713110,3,12
713110,4,0
713110,5,1
713110,6,42
713110,8,2
713110,9,3
713110,10,1
713110,11,5
713110,12,7
713110,13,11
713110,14,3
713110,16,0
713110,17,0
713112,1,20
713112,2,39
713112,3,372
713112,4,19
713112,5,10
713112,6,26
713112,8,76
713112,9,31
713112,10,6
713112,11,163
713112,12,163
713112,13,219
713112,14,75
713112,16,38
713112,17,2
713114,1,10
713114,2,32
713114,3,298
713114,4,16
713114,5,22
713114,6,31
713114,8,128
713114,9,35
713114,10,1
713114,11,130
713114,12,184
713114,13,202
713114,14,77
713114,16,42
713114,17,2
713116,1,16
713116,2,33
713116,3,104
713116,4,20
713116,5,56
713116,6,8
713116,8,27
713116,9,34
713116,10,49
713116,11,52
713116,12,95
713116,13,147
713116,14,49
713116,16,52
713116,17,113
713118,1,25
713118,2,73
713118,3,320
713118,4,52
713118,5,38
713118,6,25
713118,8,144
713118,9,44
713118,10,9
713118,11,251
713118,12,305
713118,13,453
713118,14,155
713118,16,90
713118,17,3
713120,1,319
713120,2,335
713120,3,1024
713120,4,434
713120,5,373
713120,6,186
713120,8,662
713120,9,349
713120,10,132
713120,11,452
713120,12,1149
713120,13,2577
713120,14,779
713120,16,1397
713120,17,59
713126,1,9
713126,2,15
713126,3,173
713126,4,19
713126,5,139
713126,6,24
713126,8,47
713126,9,54
713126,10,26
713126,11,82
713126,12,130
713126,13,99
713126,14,45
713126,16,49
713126,17,292
713128,1,21
713128,2,32
713128,3,246
713128,4,12
713128,5,19
713128,6,15
713128,8,70
713128,9,23
713128,10,1
713128,11,141
713128,12,305
713128,13,182
713128,14,149
713128,16,26
713128,17,0
713130,1,2
713130,2,0
713130,3,41
713130,4,1
713130,5,2
713130,6,6
713130,8,17
713130,9,6
713130,10,0
713130,11,11
713130,12,41
713130,13,8
713130,14,8
713130,16,2
713130,17,1
713132,1,4
713132,2,5
713132,3,50
713132,4,5
713132,5,9
713132,6,8
713132,8,5
713132,9,9
713132,10,5
713132,11,23
713132,12,33
713132,13,13
713132,14,12
713132,16,4
713132,17,1
713134,1,14
713134,2,15
713134,3,122
713134,4,8
713134,5,35
713134,6,14
713134,8,33
713134,9,17
713134,10,9
713134,11,63
713134,12,72
713134,13,136
713134,14,63
713134,16,44
713134,17,211
713136,1,1
713136,2,33
713136,3,108
713136,4,8
713136,5,19
713136,6,8
713136,8,32
713136,9,6
713136,10,2
713136,11,55
713136,12,43
713136,13,259
713136,14,129
713136,16,60
713136,17,43
713138,1,5
713138,2,39
713138,3,150
713138,4,19
713138,5,20
713138,6,18
713138,8,32
713138,9,13
713138,10,17
713138,11,94
713138,12,74
713138,13,350
713138,14,173
713138,16,89
713138,17,106
713140,1,7
713140,2,30
713140,3,112
713140,4,5
713140,5,14
713140,6,12
713140,8,23
713140,9,25
713140,10,5
713140,11,39
713140,12,51
713140,13,105
713140,14,40
713140,16,17
713140,17,263
713142,1,5
713142,2,34
713142,3,156
713142,4,13
713142,5,18
713142,6,9
713142,8,47
713142,9,22
713142,10,7
713142,11,90
713142,12,66
713142,13,376
713142,14,170
713142,16,81
713142,17,65
713144,1,10
713144,2,25
713144,3,77
713144,4,8
713144,5,25
713144,6,5
713144,8,12
713144,9,12
713144,10,3
713144,11,31
713144,12,60
713144,13,86
713144,14,35
713144,16,25
713144,17,174
713146,1,5
713146,2,7
713146,3,101
713146,4,3
713146,5,34
713146,6,10
713146,8,11
713146,9,19
713146,10,5
713146,11,20
713146,12,57
713146,13,41
713146,14,15
713146,16,29
713146,17,330
713148,1,5
713148,2,18
713148,3,114
713148,4,12
713148,5,54
713148,6,7
713148,8,20
713148,9,23
713148,10,7
713148,11,67
713148,12,90
713148,13,138
713148,14,62
713148,16,61
713148,17,327
713150,1,9
713150,2,16
713150,3,165
713150,4,10
713150,5,48
713150,6,16
713150,8,19
713150,9,19
713150,10,5
713150,11,22
713150,12,72
713150,13,55
713150,14,28
713150,16,24
713150,17,247
713152,1,8
713152,2,14
713152,3,172
713152,4,11
713152,5,80
713152,6,12
713152,8,21
713152,9,25
713152,10,4
713152,11,52
713152,12,81
713152,13,78
713152,14,29
713152,16,20
713152,17,306
713154,1,9
713154,2,18
713154,3,179
713154,4,9
713154,5,49
713154,6,5
713154,8,29
713154,9,21
713154,10,7
713154,11,64
713154,12,101
713154,13,127
713154,14,47
713154,16,28
713154,17,102
713156,1,2
713156,2,4
713156,3,18
713156,4,15
713156,5,8
713156,6,0
713156,8,19
713156,9,2
713156,10,10
713156,11,13
713156,12,9
713156,13,169
713156,14,32
713156,16,69
713156,17,1
713158,1,0
713158,2,0
713158,3,29
713158,4,1
713158,5,1
713158,6,4
713158,8,10
713158,9,5
713158,10,0
713158,11,2
713158,12,16
713158,13,3
713158,14,3
713158,16,1
713158,17,0
713160,1,1
713160,2,2
713160,3,63
713160,4,5
713160,5,2
713160,6,9
713160,8,5
713160,9,5
713160,10,1
713160,11,14
713160,12,17
713160,13,38
713160,14,12
713160,16,5
713160,17,0
713162,1,3
713162,2,6
713162,3,50
713162,4,2
713162,5,7
713162,6,4
713162,8,21
713162,9,8
713162,10,0
713162,11,16
713162,12,44
713162,13,20
713162,14,5
713162,16,4
713162,17,1
713164,1,1
713164,2,5
713164,3,119
713164,4,6
713164,5,13
713164,6,6
713164,8,59
713164,9,9
713164,10,1
713164,11,37
713164,12,84
713164,13,43
713164,14,7
713164,16,6
713164,17,1
713166,1,18
713166,2,62
713166,3,253
713166,4,18
713166,5,78
713166,6,13
713166,8,67
713166,9,40
713166,10,24
713166,11,131
713166,12,144
713166,13,361
713166,14,102
713166,16,95
713166,17,161
713168,1,15
713168,2,25
713168,3,109
713168,4,9
713168,5,7
713168,6,11
713168,8,34
713168,9,10
713168,10,3
713168,11,85
713168,12,70
713168,13,144
713168,14,88
713168,16,41
713168,17,1
713170,1,5
713170,2,33
713170,3,146
713170,4,29
713170,5,9
713170,6,13
713170,8,47
713170,9,8
713170,10,0
713170,11,101
713170,12,95
713170,13,271
713170,14,117
713170,16,63
713170,17,2
713172,1,4
713172,2,4
713172,3,54
713172,4,5
713172,5,6
713172,6,4
713172,8,14
713172,9,0
713172,10,2
713172,11,15
713172,12,18
713172,13,13
713172,14,13
713172,16,5
713172,17,0
713174,1,0
713174,2,0
713174,3,3
713174,4,0
713174,5,10
713174,6,0
713174,8,0
713174,9,0
713174,10,0
713174,11,0
713174,12,5
713174,13,0
713174,14,0
713174,16,0
713174,17,138
713176,1,10
713176,2,81
713176,3,198
713176,4,45
713176,5,33
713176,6,19
713176,8,96
713176,9,37
713176,10,42
713176,11,130
713176,12,113
713176,13,598
713176,14,234
713176,16,154
713176,17,84
713178,1,15
713178,2,4
713178,3,110
713178,4,7
713178,5,12
713178,6,16
713178,8,103
713178,9,5
713178,10,6
713178,11,53
713178,12,30
713178,13,39
713178,14,14
713178,16,6
713178,17,0
713180,1,12
713180,2,7
713180,3,88
713180,4,7
713180,5,8
713180,6,59
713180,8,28
713180,9,4
713180,10,6
713180,11,33
713180,12,37
713180,13,49
713180,14,16
713180,16,9
713180,17,3
713182,1,4
713182,2,24
713182,3,132
713182,4,9
713182,5,12
713182,6,10
713182,8,65
713182,9,21
713182,10,4
713182,11,63
713182,12,84
713182,13,139
713182,14,55
713182,16,28
713182,17,2
713184,1,8
713184,2,10
713184,3,105
713184,4,3
713184,5,12
713184,6,11
713184,8,19
713184,9,4
713184,10,0
713184,11,39
713184,12,83
713184,13,86
713184,14,46
713184,16,10
713184,17,1
713186,1,1
713186,2,6
713186,3,13
713186,4,0
713186,5,0
713186,6,78
713186,8,7
713186,9,0
713186,10,1
713186,11,13
713186,12,22
713186,13,15
713186,14,4
713186,16,2
713186,17,0
713188,1,20
713188,2,8
713188,3,120
713188,4,8
713188,5,10
713188,6,13
713188,8,19
713188,9,3
713188,10,1
713188,11,61
713188,12,69
713188,13,61
713188,14,10
713188,16,9
713188,17,1
713190,1,10
713190,2,7
713190,3,92
713190,4,4
713190,5,8
713190,6,26
713190,8,28
713190,9,4
713190,10,0
713190,11,41
713190,12,59
713190,13,38
713190,14,16
713190,16,3
713190,17,0
713192,1,25
713192,2,76
713192,3,329
713192,4,45
713192,5,26
713192,6,31
713192,8,165
713192,9,40
713192,10,10
713192,11,202
713192,12,298
713192,13,417
713192,14,201
713192,16,77
713192,17,8
713194,1,13
713194,2,83
713194,3,187
713194,4,50
713194,5,42
713194,6,13
713194,8,52
713194,9,33
713194,10,25
713194,11,121
713194,12,131
713194,13,447
713194,14,165
713194,16,172
713194,17,107
713196,1,9
713196,2,3
713196,3,141
713196,4,4
713196,5,6
713196,6,4
713196,8,27
713196,9,5
713196,10,3
713196,11,94
713196,12,57
713196,13,26
713196,14,12
713196,16,9
713196,17,2
713198,1,7
713198,2,1
713198,3,31
713198,4,1
713198,5,1
713198,6,4
713198,8,5
713198,9,2
713198,10,1
713198,11,21
713198,12,22
713198,13,7
713198,14,7
713198,16,2
713198,17,0
713200,1,4
713200,2,75
713200,3,121
713200,4,35
713200,5,18
713200,6,13
713200,8,29
713200,9,27
713200,10,12
713200,11,107
713200,12,98
713200,13,451
713200,14,179
713200,16,160
713200,17,46
713202,1,9
713202,2,8
713202,3,178
713202,4,7
713202,5,19
713202,6,10
713202,8,72
713202,9,10
713202,10,2
713202,11,105
713202,12,207
713202,13,78
713202,14,39
713202,16,14
713202,17,1
713204,1,20
713204,2,100
713204,3,281
713204,4,25
713204,5,61
713204,6,39
713204,8,91
713204,9,56
713204,10,27
713204,11,206
713204,12,208
713204,13,464
713204,14,177
713204,16,91
713204,17,232
713206,1,39
713206,2,28
713206,3,240
713206,4,25
713206,5,65
713206,6,25
713206,8,130
713206,9,45
713206,10,3
713206,11,163
713206,12,420
713206,13,160
713206,14,100
713206,16,58
713206,17,22
713208,1,5
713208,2,17
713208,3,187
713208,4,24
713208,5,16
713208,6,13
713208,8,96
713208,9,24
713208,10,1
713208,11,89
713208,12,145
713208,13,174
713208,14,76
713208,16,28
713208,17,0
713210,1,45
713210,2,63
713210,3,326
713210,4,39
713210,5,35
713210,6,32
713210,8,135
713210,9,24
713210,10,5
713210,11,229
713210,12,320
713210,13,349
713210,14,147
713210,16,71
713210,17,3
713212,1,13
713212,2,27
713212,3,143
713212,4,11
713212,5,26
713212,6,12
713212,8,81
713212,9,24
713212,10,6
713212,11,132
713212,12,192
713212,13,243
713212,14,173
713212,16,73
713212,17,24
713214,1,9
713214,2,13
713214,3,148
713214,4,9
713214,5,20
713214,6,7
713214,8,24
713214,9,12
713214,10,0
713214,11,41
713214,12,54
713214,13,49
713214,14,26
713214,16,9
713214,17,2
713216,1,3
713216,2,4
713216,3,44
713216,4,1
713216,5,1
713216,6,3
713216,8,15
713216,9,8
713216,10,0
713216,11,17
713216,12,38
713216,13,21
713216,14,10
713216,16,0
713216,17,0
713218,1,39
713218,2,19
713218,3,222
713218,4,11
713218,5,20
713218,6,8
713218,8,106
713218,9,15
713218,10,1
713218,11,104
713218,12,234
713218,13,154
713218,14,117
713218,16,34
713218,17,2
713220,1,12
713220,2,37
713220,3,224
713220,4,30
713220,5,16
713220,6,12
713220,8,95
713220,9,20
713220,10,0
713220,11,120
713220,12,143
713220,13,277
713220,14,70
713220,16,45
713220,17,4
713222,1,15
713222,2,78
713222,3,222
713222,4,28
713222,5,51
713222,6,15
713222,8,170
713222,9,39
713222,10,7
713222,11,174
713222,12,306
713222,13,520
713222,14,272
713222,16,86
713222,17,38
713224,1,7
713224,2,62
713224,3,162
713224,4,15
713224,5,28
713224,6,4
713224,8,61
713224,9,24
713224,10,14
713224,11,95
713224,12,129
713224,13,390
713224,14,144
713224,16,94
713224,17,103
713226,1,1
713226,2,4
713226,3,22
713226,4,2
713226,5,2
713226,6,3
713226,8,3
713226,9,7
713226,10,1
713226,11,5
713226,12,14
713226,13,2
713226,14,11
713226,16,5
713226,17,14
713228,1,5
713228,2,4
713228,3,91
713228,4,3
713228,5,5
713228,6,7
713228,8,71
713228,9,11
713228,10,1
713228,11,38
713228,12,62
713228,13,69
713228,14,15
713228,16,8
713228,17,1
713230,1,1
713230,2,3
713230,3,1
713230,4,1
713230,5,2
713230,6,0
713230,8,3
713230,9,0
713230,10,0
713230,11,3
713230,12,6
713230,13,35
713230,14,10
713230,16,7
713230,17,0
713232,1,1
713232,2,0
713232,3,36
713232,4,3
713232,5,0
713232,6,1
713232,8,25
713232,9,4
713232,10,0
713232,11,9
713232,12,27
713232,13,19
713232,14,7
713232,16,4
713232,17,1
713234,1,21
713234,2,84
713234,3,272
713234,4,26
713234,5,113
713234,6,35
713234,8,89
713234,9,59
713234,10,19
713234,11,207
713234,12,190
713234,13,493
713234,14,226
713234,16,144
713234,17,174
713236,1,14
713236,2,37
713236,3,225
713236,4,10
713236,5,22
713236,6,18
713236,8,71
713236,9,23
713236,10,5
713236,11,93
713236,12,152
713236,13,172
713236,14,69
713236,16,41
713236,17,5
713238,1,5
713238,2,48
713238,3,207
713238,4,13
713238,5,19
713238,6,11
713238,8,126
713238,9,18
713238,10,1
713238,11,106
713238,12,229
713238,13,148
713238,14,78
713238,16,44
713238,17,1
713240,1,1
713240,2,0
713240,3,5
713240,4,5
713240,5,0
713240,6,1
713240,8,0
713240,9,1
713240,10,0
713240,11,0
713240,12,0
713240,13,19
713240,14,6
713240,16,22
713240,17,0
713242,1,1
713242,2,30
713242,3,39
713242,4,33
713242,5,13
713242,6,2
713242,8,33
713242,9,11
713242,10,8
713242,11,17
713242,12,16
713242,13,390
713242,14,88
713242,16,165
713242,17,3
713244,1,11
713244,2,30
713244,3,49
713244,4,35
713244,5,18
713244,6,7
713244,8,35
713244,9,12
713244,10,2
713244,11,23
713244,12,32
713244,13,258
713244,14,52
713244,16,103
713244,17,3
713246,1,17
713246,2,62
713246,3,146
713246,4,31
713246,5,58
713246,6,2
713246,8,54
713246,9,36
713246,10,17
713246,11,59
713246,12,69
713246,13,329
713246,14,80
713246,16,92
713246,17,69
713248,1,9
713248,2,2
713248,3,79
713248,4,2
713248,5,1
713248,6,26
713248,8,26
713248,9,5
713248,10,1
713248,11,36
713248,12,66
713248,13,39
713248,14,8
713248,16,10
713248,17,0
713250,1,6
713250,2,7
713250,3,171
713250,4,14
713250,5,11
713250,6,23
713250,8,167
713250,9,16
713250,10,3
713250,11,85
713250,12,130
713250,13,63
713250,14,25
713250,16,10
713250,17,2
713252,1,17
713252,2,114
713252,3,320
713252,4,59
713252,5,22
713252,6,24
713252,8,180
713252,9,35
713252,10,3
713252,11,287
713252,12,205
713252,13,563
713252,14,256
713252,16,133
713252,17,1
713254,1,12
713254,2,59
713254,3,248
713254,4,30
713254,5,37
713254,6,24
713254,8,151
713254,9,43
713254,10,5
713254,11,186
713254,12,306
713254,13,365
713254,14,245
713254,16,104
713254,17,19
713256,1,6
713256,2,119
713256,3,186
713256,4,29
713256,5,47
713256,6,10
713256,8,55
713256,9,18
713256,10,21
713256,11,207
713256,12,124
713256,13,761
713256,14,285
713256,16,247
713256,17,70
713258,1,5
713258,2,83
713258,3,100
713258,4,36
713258,5,18
713258,6,8
713258,8,44
713258,9,14
713258,10,18
713258,11,151
713258,12,61
713258,13,843
713258,14,271
713258,16,284
713258,17,60
713260,1,1
713260,2,4
713260,3,8
713260,4,5
713260,5,4
713260,6,2
713260,8,6
713260,9,2
713260,10,1
713260,11,1
713260,12,3
713260,13,50
713260,14,19
713260,16,32
713260,17,2
713262,1,3
713262,2,13
713262,3,14
713262,4,24
713262,5,6
713262,6,2
713262,8,7
713262,9,5
713262,10,1
713262,11,9
713262,12,7
713262,13,107
713262,14,24
713262,16,40
713262,17,0
713264,1,20
713264,2,12
713264,3,255
713264,4,8
713264,5,21
713264,6,14
713264,8,49
713264,9,10
713264,10,10
713264,11,108
713264,12,121
713264,13,135
713264,14,103
713264,16,22
713264,17,3
713266,1,0
713266,2,1
713266,3,38
713266,4,6
713266,5,3
713266,6,5
713266,8,23
713266,9,2
713266,10,1
713266,11,10
713266,12,20
713266,13,23
713266,14,2
713266,16,8
713266,17,1
713268,1,4
713268,2,3
713268,3,90
713268,4,2
713268,5,3
713268,6,10
713268,8,12
713268,9,6
713268,10,0
713268,11,4
713268,12,33
713268,13,9
713268,14,3
713268,16,4
713268,17,0
713270,1,12
713270,2,6
713270,3,59
713270,4,2
713270,5,5
713270,6,18
713270,8,18
713270,9,9
713270,10,2
713270,11,23
713270,12,34
713270,13,18
713270,14,32
713270,16,4
713270,17,0
713272,1,14
713272,2,11
713272,3,237
713272,4,15
713272,5,20
713272,6,21
713272,8,66
713272,9,20
713272,10,7
713272,11,95
713272,12,152
713272,13,121
713272,14,53
713272,16,35
713272,17,4
713274,1,8
713274,2,20
713274,3,172
713274,4,9
713274,5,6
713274,6,12
713274,8,49
713274,9,15
713274,10,4
713274,11,59
713274,12,102
713274,13,100
713274,14,33
713274,16,23
713274,17,0
713276,1,8
713276,2,23
713276,3,62
713276,4,11
713276,5,23
713276,6,4
713276,8,25
713276,9,11
713276,10,19
713276,11,63
713276,12,77
713276,13,192
713276,14,62
713276,16,48
713276,17,178
713278,1,15
713278,2,71
713278,3,307
713278,4,24
713278,5,84
713278,6,16
713278,8,84
713278,9,44
713278,10,33
713278,11,204
713278,12,199
713278,13,460
713278,14,205
713278,16,147
713278,17,185
713280,1,12
713280,2,28
713280,3,247
713280,4,21
713280,5,25
713280,6,14
713280,8,56
713280,9,20
713280,10,3
713280,11,120
713280,12,139
713280,13,200
713280,14,85
713280,16,40
713280,17,1
713282,1,4
713282,2,19
713282,3,203
713282,4,8
713282,5,8
713282,6,15
713282,8,35
713282,9,15
713282,10,5
713282,11,63
713282,12,83
713282,13,100
713282,14,24
713282,16,22
713282,17,1
713284,1,1
713284,2,2
713284,3,27
713284,4,5
713284,5,2
713284,6,0
713284,8,26
713284,9,1
713284,10,0
713284,11,14
713284,12,22
713284,13,7
713284,14,14
713284,16,2
713284,17,0
713286,1,14
713286,2,15
713286,3,157
713286,4,13
713286,5,9
713286,6,14
713286,8,40
713286,9,12
713286,10,4
713286,11,91
713286,12,174
713286,13,64
713286,14,32
713286,16,22
713286,17,2
713288,1,6
713288,2,1
713288,3,106
713288,4,8
713288,5,5
713288,6,2
713288,8,20
713288,9,13
713288,10,4
713288,11,55
713288,12,46
713288,13,33
713288,14,7
713288,16,13
713288,17,3
713290,1,0
713290,2,0
713290,3,62
713290,4,5
713290,5,1
713290,6,4
713290,8,29
713290,9,7
713290,10,0
713290,11,14
713290,12,32
713290,13,28
713290,14,4
713290,16,13
713290,17,0
713292,1,7
713292,2,51
713292,3,168
713292,4,30
713292,5,63
713292,6,18
713292,8,56
713292,9,31
713292,10,25
713292,11,123
713292,12,129
713292,13,302
713292,14,108
713292,16,97
713292,17,121
713294,1,9
713294,2,16
713294,3,161
713294,4,7
713294,5,18
713294,6,12
713294,8,75
713294,9,17
713294,10,2
713294,11,69
713294,12,127
713294,13,89
713294,14,39
713294,16,30
713294,17,0
713300,1,5
713300,2,15
713300,3,81
713300,4,2
713300,5,30
713300,6,9
713300,8,39
713300,9,13
713300,10,2
713300,11,46
713300,12,105
713300,13,89
713300,14,52
713300,16,18
713300,17,9
713302,1,4
713302,2,0
713302,3,29
713302,4,0
713302,5,3
713302,6,3
713302,8,5
713302,9,1
713302,10,1
713302,11,8
713302,12,22
713302,13,5
713302,14,7
713302,16,0
713302,17,0
713304,1,5
713304,2,4
713304,3,43
713304,4,3
713304,5,4
713304,6,2
713304,8,6
713304,9,5
713304,10,4
713304,11,18
713304,12,16
713304,13,17
713304,14,25
713304,16,7
713304,17,0
713306,1,1
713306,2,0
713306,3,29
713306,4,0
713306,5,0
713306,6,0
713306,8,1
713306,9,4
713306,10,1
713306,11,10
713306,12,8
713306,13,9
713306,14,10
713306,16,0
713306,17,2
713308,1,7
713308,2,1
713308,3,37
713308,4,2
713308,5,2
713308,6,4
713308,8,8
713308,9,3
713308,10,3
713308,11,20
713308,12,24
713308,13,17
713308,14,25
713308,16,5
713308,17,0
713310,1,18
713310,2,15
713310,3,204
713310,4,9
713310,5,29
713310,6,32
713310,8,52
713310,9,32
713310,10,3
713310,11,116
713310,12,147
713310,13,89
713310,14,76
713310,16,30
713310,17,6
713312,1,3
713312,2,1
713312,3,10
713312,4,0
713312,5,2
713312,6,55
713312,8,2
713312,9,0
713312,10,0
713312,11,5
713312,12,10
713312,13,6
713312,14,1
713312,16,1
713312,17,0
713314,1,4
713314,2,0
713314,3,29
713314,4,0
713314,5,0
713314,6,0
713314,8,17
713314,9,3
713314,10,0
713314,11,6
713314,12,28
713314,13,11
713314,14,9
713314,16,3
713314,17,0
713316,1,29
713316,2,15
713316,3,360
713316,4,15
713316,5,9
713316,6,30
713316,8,107
713316,9,12
713316,10,5
713316,11,221
713316,12,196
713316,13,164
713316,14,59
713316,16,18
713316,17,1
713318,1,9
713318,2,7
713318,3,234
713318,4,4
713318,5,9
713318,6,9
713318,8,53
713318,9,14
713318,10,0
713318,11,41
713318,12,143
713318,13,75
713318,14,36
713318,16,16
713318,17,0
713324,1,17
713324,2,26
713324,3,90
713324,4,11
713324,5,13
713324,6,12
713324,8,26
713324,9,14
713324,10,1
713324,11,46
713324,12,99
713324,13,100
713324,14,44
713324,16,19
713324,17,0
713326,1,11
713326,2,42
713326,3,194
713326,4,30
713326,5,13
713326,6,12
713326,8,129
713326,9,15
713326,10,5
713326,11,154
713326,12,205
713326,13,317
713326,14,173
713326,16,77
713326,17,0
713328,1,8
713328,2,43
713328,3,123
713328,4,37
713328,5,13
713328,6,18
713328,8,47
713328,9,14
713328,10,2
713328,11,116
713328,12,79
713328,13,219
713328,14,107
713328,16,52
713328,17,2
713330,1,17
713330,2,9
713330,3,192
713330,4,13
713330,5,18
713330,6,9
713330,8,35
713330,9,26
713330,10,2
713330,11,40
713330,12,79
713330,13,44
713330,14,24
713330,16,14
713330,17,2
713332,1,10
713332,2,18
713332,3,185
713332,4,21
713332,5,21
713332,6,19
713332,8,70
713332,9,20
713332,10,6
713332,11,86
713332,12,136
713332,13,136
713332,14,63
713332,16,39
713332,17,0
713334,1,7
713334,2,53
713334,3,200
713334,4,13
713334,5,13
713334,6,30
713334,8,79
713334,9,12
713334,10,6
713334,11,148
713334,12,181
713334,13,326
713334,14,202
713334,16,91
713334,17,6
713336,1,15
713336,2,7
713336,3,113
713336,4,3
713336,5,12
713336,6,17
713336,8,52
713336,9,7
713336,10,8
713336,11,33
713336,12,95
713336,13,38
713336,14,17
713336,16,6
713336,17,1
713338,1,11
713338,2,25
713338,3,279
713338,4,12
713338,5,16
713338,6,9
713338,8,80
713338,9,8
713338,10,2
713338,11,129
713338,12,168
713338,13,164
713338,14,46
713338,16,25
713338,17,1
713340,1,5
713340,2,2
713340,3,37
713340,4,2
713340,5,3
713340,6,6
713340,8,13
713340,9,3
713340,10,2
713340,11,21
713340,12,42
713340,13,13
713340,14,0
713340,16,2
713340,17,0
713342,1,10
713342,2,10
713342,3,167
713342,4,6
713342,5,16
713342,6,8
713342,8,60
713342,9,16
713342,10,2
713342,11,78
713342,12,204
713342,13,117
713342,14,123
713342,16,14
713342,17,1
713344,1,21
713344,2,64
713344,3,267
713344,4,32
713344,5,65
713344,6,29
713344,8,65
713344,9,43
713344,10,22
713344,11,166
713344,12,183
713344,13,425
713344,14,165
713344,16,135
713344,17,127
713346,1,12
713346,2,34
713346,3,149
713346,4,18
713346,5,12
713346,6,15
713346,8,76
713346,9,20
713346,10,5
713346,11,118
713346,12,134
713346,13,219
713346,14,106
713346,16,53
713346,17,2
713348,1,13
713348,2,113
713348,3,313
713348,4,48
713348,5,24
713348,6,33
713348,8,117
713348,9,19
713348,10,1
713348,11,194
713348,12,201
713348,13,436
713348,14,234
713348,16,99
713348,17,2
713350,1,13
713350,2,27
713350,3,215
713350,4,18
713350,5,10
713350,6,21
713350,8,62
713350,9,16
713350,10,5
713350,11,95
713350,12,95
713350,13,227
713350,14,123
713350,16,43
713350,17,1
713354,1,8
713354,2,128
713354,3,162
713354,4,38
713354,5,72
713354,6,21
713354,8,77
713354,9,45
713354,10,43
713354,11,220
713354,12,155
713354,13,848
713354,14,330
713354,16,244
713354,17,118
713356,1,14
713356,2,16
713356,3,243
713356,4,10
713356,5,7
713356,6,52
713356,8,69
713356,9,23
713356,10,1
713356,11,130
713356,12,162
713356,13,59
713356,14,15
713356,16,12
713356,17,0
713358,1,18
713358,2,9
713358,3,359
713358,4,10
713358,5,21
713358,6,8
713358,8,58
713358,9,21
713358,10,0
713358,11,99
713358,12,151
713358,13,145
713358,14,67
713358,16,29
713358,17,2
713360,1,18
713360,2,37
713360,3,490
713360,4,21
713360,5,28
713360,6,31
713360,8,100
713360,9,26
713360,10,5
713360,11,209
713360,12,234
713360,13,212
713360,14,106
713360,16,42
713360,17,2
713362,1,22
713362,2,23
713362,3,421
713362,4,17
713362,5,22
713362,6,15
713362,8,89
713362,9,24
713362,10,7
713362,11,110
713362,12,210
713362,13,175
713362,14,69
713362,16,46
713362,17,1
713364,1,2
713364,2,7
713364,3,117
713364,4,3
713364,5,13
713364,6,11
713364,8,15
713364,9,12
713364,10,3
713364,11,19
713364,12,109
713364,13,27
713364,14,8
713364,16,3
713364,17,0
713366,1,1
713366,2,2
713366,3,25
713366,4,2
713366,5,2
713366,6,5
713366,8,15
713366,9,2
713366,10,0
713366,11,3
713366,12,23
713366,13,10
713366,14,2
713366,16,5
713366,17,0
713368,1,0
713368,2,7
713368,3,62
713368,4,1
713368,5,4
713368,6,3
713368,8,11
713368,9,0
713368,10,1
713368,11,24
713368,12,21
713368,13,23
713368,14,10
713368,16,4
713368,17,0
713374,1,14
713374,2,21
713374,3,226
713374,4,14
713374,5,19
713374,6,11
713374,8,112
713374,9,26
713374,10,2
713374,11,135
713374,12,224
713374,13,170
713374,14,75
713374,16,29
713374,17,1
713376,1,6
713376,2,9
713376,3,111
713376,4,7
713376,5,1
713376,6,5
713376,8,12
713376,9,3
713376,10,5
713376,11,37
713376,12,23
713376,13,56
713376,14,32
713376,16,12
713376,17,0
713378,1,3
713378,2,1
713378,3,31
713378,4,1
713378,5,2
713378,6,3
713378,8,5
713378,9,0
713378,10,1
713378,11,18
713378,12,24
713378,13,4
713378,14,2
713378,16,3
713378,17,3
713380,1,58
713380,2,39
713380,3,89
713380,4,23
713380,5,55
713380,6,23
713380,8,93
713380,9,66
713380,10,21
713380,11,63
713380,12,131
713380,13,434
713380,14,88
713380,16,76
713380,17,3
713382,1,9
713382,2,9
713382,3,18
713382,4,15
713382,5,6
713382,6,4
713382,8,12
713382,9,7
713382,10,4
713382,11,15
713382,12,17
713382,13,160
713382,14,30
713382,16,47
713382,17,3
713408,1,2
713408,2,20
713408,3,99
713408,4,9
713408,5,9
713408,6,3
713408,8,49
713408,9,9
713408,10,0
713408,11,29
713408,12,38
713408,13,58
713408,14,19
713408,16,6
713408,17,0
713412,1,0
713412,2,0
713412,3,1
713412,4,5
713412,5,0
713412,6,0
713412,8,0
713412,9,1
713412,10,0
713412,11,3
713412,12,0
713412,13,46
713412,14,6
713412,16,23
713412,17,0
713414,1,2
713414,2,3
713414,3,9
713414,4,0
713414,5,7
713414,6,1
713414,8,11
713414,9,0
713414,10,1
713414,11,4
713414,12,4
713414,13,5
713414,14,6
713414,16,1
713414,17,1
713416,1,1
713416,2,1
713416,3,2
713416,4,0
713416,5,3
713416,6,1
713416,8,0
713416,9,2
713416,10,0
713416,11,2
713416,12,2
713416,13,3
713416,14,2
713416,16,0
713416,17,0
713418,1,7
713418,2,18
713418,3,33
713418,4,27
713418,5,11
713418,6,2
713418,8,27
713418,9,9
713418,10,6
713418,11,27
713418,12,31
713418,13,218
713418,14,73
713418,16,114
713418,17,3
713420,1,6
713420,2,12
713420,3,22
713420,4,16
713420,5,15
713420,6,2
713420,8,7
713420,9,4
713420,10,3
713420,11,9
713420,12,26
713420,13,135
713420,14,30
713420,16,83
713420,17,4
713422,1,17
713422,2,18
713422,3,106
713422,4,8
713422,5,29
713422,6,10
713422,8,46
713422,9,13
713422,10,3
713422,11,125
713422,12,70
713422,13,56
713422,14,38
713422,16,17
713422,17,25
713424,1,5
713424,2,7
713424,3,49
713424,4,3
713424,5,6
713424,6,2
713424,8,44
713424,9,2
713424,10,0
713424,11,32
713424,12,44
713424,13,13
713424,14,11
713424,16,5
713424,17,0
713426,1,0
713426,2,3
713426,3,5
713426,4,0
713426,5,0
713426,6,0
713426,8,3
713426,9,1
713426,10,2
713426,11,6
713426,12,4
713426,13,15
713426,14,4
713426,16,11
713426,17,0
713428,1,2
713428,2,0
713428,3,36
713428,4,4
713428,5,0
713428,6,6
713428,8,11
713428,9,1
713428,10,0
713428,11,6
713428,12,12
713428,13,15
713428,14,5
713428,16,1
713428,17,0
713430,1,7
713430,2,2
713430,3,44
713430,4,2
713430,5,2
713430,6,1
713430,8,15
713430,9,0
713430,10,0
713430,11,21
713430,12,6
713430,13,7
713430,14,4
713430,16,1
713430,17,0
713432,1,18
713432,2,6
713432,3,120
713432,4,12
713432,5,10
713432,6,7
713432,8,72
713432,9,14
713432,10,2
713432,11,27
713432,12,95
713432,13,40
713432,14,13
713432,16,5
713432,17,1
713434,1,5
713434,2,3
713434,3,117
713434,4,6
713434,5,6
713434,6,6
713434,8,16
713434,9,3
713434,10,2
713434,11,41
713434,12,51
713434,13,56
713434,14,33
713434,16,13
713434,17,2
713436,1,16
713436,2,151
713436,3,296
713436,4,59
713436,5,52
713436,6,14
713436,8,133
713436,9,39
713436,10,27
713436,11,217
713436,12,190
713436,13,990
713436,14,295
713436,16,200
713436,17,85
713438,1,3
713438,2,0
713438,3,11
713438,4,2
713438,5,0
713438,6,1
713438,8,1
713438,9,0
713438,10,0
713438,11,4
713438,12,0
713438,13,94
713438,14,8
713438,16,20
713438,17,0
713440,1,13
713440,2,15
713440,3,25
713440,4,14
713440,5,3
713440,6,2
713440,8,24
713440,9,11
713440,10,10
713440,11,9
713440,12,39
713440,13,242
713440,14,42
713440,16,82
713440,17,0
713442,1,4
713442,2,2
713442,3,43
713442,4,4
713442,5,7
713442,6,2
713442,8,8
713442,9,13
713442,10,1
713442,11,29
713442,12,96
713442,13,17
713442,14,4
713442,16,1
713442,17,0
713444,1,2
713444,2,1
713444,3,51
713444,4,1
713444,5,5
713444,6,7
713444,8,4
713444,9,6
713444,10,0
713444,11,18
713444,12,7
713444,13,33
713444,14,15
713444,16,4
713444,17,0
713446,1,5
713446,2,10
713446,3,73
713446,4,3
713446,5,10
713446,6,7
713446,8,22
713446,9,9
713446,10,1
713446,11,39
713446,12,83
713446,13,23
713446,14,17
713446,16,9
713446,17,0
713448,1,11
713448,2,15
713448,3,219
713448,4,10
713448,5,13
713448,6,18
713448,8,73
713448,9,12
713448,10,7
713448,11,53
713448,12,106
713448,13,154
713448,14,30
713448,16,15
713448,17,1
713450,1,2
713450,2,1
713450,3,25
713450,4,3
713450,5,10
713450,6,0
713450,8,7
713450,9,4
713450,10,1
713450,11,5
713450,12,19
713450,13,3
713450,14,4
713450,16,2
713450,17,0
713452,1,11
713452,2,61
713452,3,162
713452,4,29
713452,5,80
713452,6,10
713452,8,63
713452,9,27
713452,10,9
713452,11,72
713452,12,115
713452,13,316
713452,14,104
713452,16,103
713452,17,86
713454,1,3
713454,2,5
713454,3,62
713454,4,4
713454,5,3
713454,6,1
713454,8,30
713454,9,6
713454,10,1
713454,11,18
713454,12,110
713454,13,54
713454,14,55
713454,16,11
713454,17,0
713456,1,2
713456,2,0
713456,3,24
713456,4,3
713456,5,1
713456,6,2
713456,8,17
713456,9,0
713456,10,1
713456,11,17
713456,12,22
713456,13,14
713456,14,2
713456,16,2
713456,17,0
713458,1,1
713458,2,1
713458,3,57
713458,4,1
713458,5,3
713458,6,1
713458,8,23
713458,9,9
713458,10,0
713458,11,28
713458,12,36
713458,13,27
713458,14,7
713458,16,1
713458,17,0
713482,1,3
713482,2,7
713482,3,62
713482,4,2
713482,5,3
713482,6,0
713482,8,9
713482,9,3
713482,10,4
713482,11,18
713482,12,21
713482,13,25
713482,14,14
713482,16,5
713482,17,0
713484,1,8
713484,2,2
713484,3,60
713484,4,6
713484,5,5
713484,6,2
713484,8,29
713484,9,36
713484,10,1
713484,11,25
713484,12,32
713484,13,20
713484,14,19
713484,16,3
713484,17,1
713634,1,15
713634,2,52
713634,3,181
713634,4,22
713634,5,25
713634,6,16
713634,8,120
713634,9,20
713634,10,1
713634,11,112
713634,12,228
713634,13,193
713634,14,118
713634,16,56
713634,17,1
713636,1,19
713636,2,44
713636,3,254
713636,4,21
713636,5,44
713636,6,22
713636,8,218
713636,9,43
713636,10,8
713636,11,159
713636,12,292
713636,13,238
713636,14,156
713636,16,52
713636,17,4
713638,1,12
713638,2,23
713638,3,206
713638,4,9
713638,5,34
713638,6,19
713638,8,110
713638,9,23
713638,10,2
713638,11,130
713638,12,245
713638,13,181
713638,14,95
713638,16,33
713638,17,2
713640,1,22
713640,2,34
713640,3,235
713640,4,18
713640,5,31
713640,6,20
713640,8,143
713640,9,21
713640,10,2
713640,11,139
713640,12,280
713640,13,145
713640,14,76
713640,16,49
713640,17,2
713642,1,7
713642,2,2
713642,3,49
713642,4,2
713642,5,2
713642,6,2
713642,8,16
713642,9,1
713642,10,0
713642,11,36
713642,12,36
713642,13,15
713642,14,1
713642,16,5
713642,17,0
713644,1,6
713644,2,2
713644,3,30
713644,4,1
713644,5,5
713644,6,3
713644,8,5
713644,9,4
713644,10,1
713644,11,45
713644,12,46
713644,13,6
713644,14,4
713644,16,5
713644,17,2
713646,1,3
713646,2,3
713646,3,64
713646,4,1
713646,5,4
713646,6,0
713646,8,11
713646,9,4
713646,10,1
713646,11,45
713646,12,39
713646,13,21
713646,14,8
713646,16,5
713646,17,1
713648,1,18
713648,2,23
713648,3,139
713648,4,11
713648,5,46
713648,6,8
713648,8,54
713648,9,26
713648,10,5
713648,11,61
713648,12,163
713648,13,98
713648,14,83
713648,16,35
713648,17,63
713650,1,14
713650,2,27
713650,3,85
713650,4,8
713650,5,22
713650,6,5
713650,8,70
713650,9,11
713650,10,1
713650,11,37
713650,12,146
713650,13,80
713650,14,43
713650,16,14
713650,17,55
713652,1,3
713652,2,0
713652,3,46
713652,4,1
713652,5,0
713652,6,6
713652,8,6
713652,9,1
713652,10,0
713652,11,20
713652,12,44
713652,13,19
713652,14,4
713652,16,2
713652,17,0
713654,1,10
713654,2,12
713654,3,144
713654,4,7
713654,5,15
713654,6,9
713654,8,86
713654,9,12
713654,10,2
713654,11,59
713654,12,157
713654,13,98
713654,14,48
713654,16,29
713654,17,1
713656,1,3
713656,2,12
713656,3,73
713656,4,5
713656,5,2
713656,6,11
713656,8,18
713656,9,0
713656,10,0
713656,11,30
713656,12,44
713656,13,45
713656,14,8
713656,16,10
713656,17,2
713658,1,7
713658,2,15
713658,3,108
713658,4,3
713658,5,2
713658,6,8
713658,8,27
713658,9,2
713658,10,2
713658,11,35
713658,12,49
713658,13,61
713658,14,18
713658,16,9
713658,17,0
713660,1,4
713660,2,9
713660,3,54
713660,4,7
713660,5,1
713660,6,5
713660,8,17
713660,9,5
713660,10,0
713660,11,21
713660,12,34
713660,13,42
713660,14,8
713660,16,5
713660,17,0
713662,1,2
713662,2,3
713662,3,62
713662,4,6
713662,5,6
713662,6,8
713662,8,45
713662,9,2
713662,10,0
713662,11,13
713662,12,34
713662,13,40
713662,14,9
713662,16,8
713662,17,1
713664,1,2
713664,2,7
713664,3,84
713664,4,6
713664,5,7
713664,6,13
713664,8,22
713664,9,9
713664,10,1
713664,11,33
713664,12,46
713664,13,51
713664,14,6
713664,16,6
713664,17,0
713666,1,1
713666,2,3
713666,3,47
713666,4,1
713666,5,3
713666,6,4
713666,8,3
713666,9,4
713666,10,1
713666,11,9
713666,12,28
713666,13,9
713666,14,0
713666,16,1
713666,17,0
713668,1,2
713668,2,3
713668,3,43
713668,4,3
713668,5,0
713668,6,2
713668,8,4
713668,9,3
713668,10,2
713668,11,12
713668,12,28
713668,13,19
713668,14,0
713668,16,4
713668,17,0
713670,1,5
713670,2,1
713670,3,51
713670,4,2
713670,5,2
713670,6,13
713670,8,9
713670,9,0
713670,10,1
713670,11,9
713670,12,22
713670,13,10
713670,14,8
713670,16,8
713670,17,0
713672,1,32
713672,2,28
713672,3,335
713672,4,8
713672,5,45
713672,6,51
713672,8,107
713672,9,23
713672,10,1
713672,11,161
713672,12,314
713672,13,209
713672,14,77
713672,16,30
713672,17,2
713674,1,2
713674,2,1
713674,3,37
713674,4,2
713674,5,3
713674,6,2
713674,8,24
713674,9,11
713674,10,1
713674,11,4
713674,12,27
713674,13,11
713674,14,0
713674,16,1
713674,17,1
713676,1,1
713676,2,0
713676,3,19
713676,4,2
713676,5,0
713676,6,8
713676,8,7
713676,9,1
713676,10,1
713676,11,7
713676,12,13
713676,13,4
713676,14,1
713676,16,1
713676,17,0
713678,1,3
713678,2,1
713678,3,104
713678,4,5
713678,5,4
713678,6,6
713678,8,20
713678,9,1
713678,10,2
713678,11,21
713678,12,51
713678,13,49
713678,14,9
713678,16,4
713678,17,0
713680,1,1
713680,2,0
713680,3,46
713680,4,6
713680,5,4
713680,6,3
713680,8,19
713680,9,12
713680,10,0
713680,11,6
713680,12,29
713680,13,6
713680,14,4
713680,16,5
713680,17,0
713682,1,14
713682,2,53
713682,3,127
713682,4,13
713682,5,26
713682,6,14
713682,8,54
713682,9,23
713682,10,12
713682,11,96
713682,12,114
713682,13,234
713682,14,141
713682,16,71
713682,17,81
713684,1,11
713684,2,93
713684,3,153
713684,4,37
713684,5,33
713684,6,5
713684,8,61
713684,9,28
713684,10,25
713684,11,105
713684,12,94
713684,13,535
713684,14,166
713684,16,183
713684,17,66
713686,1,17
713686,2,20
713686,3,215
713686,4,12
713686,5,11
713686,6,2
713686,8,67
713686,9,12
713686,10,7
713686,11,52
713686,12,95
713686,13,108
713686,14,43
713686,16,23
713686,17,0
713688,1,12
713688,2,44
713688,3,215
713688,4,15
713688,5,14
713688,6,10
713688,8,87
713688,9,27
713688,10,4
713688,11,109
713688,12,202
713688,13,186
713688,14,122
713688,16,40
713688,17,1
713690,1,18
713690,2,52
713690,3,245
713690,4,32
713690,5,21
713690,6,20
713690,8,84
713690,9,31
713690,10,4
713690,11,131
713690,12,171
713690,13,276
713690,14,170
713690,16,103
713690,17,0
713692,1,4
713692,2,8
713692,3,168
713692,4,8
713692,5,10
713692,6,19
713692,8,39
713692,9,8
713692,10,4
713692,11,37
713692,12,73
713692,13,84
713692,14,27
713692,16,10
713692,17,0
713694,1,13
713694,2,8
713694,3,56
713694,4,9
713694,5,123
713694,6,40
713694,8,67
713694,9,29
713694,10,4
713694,11,45
713694,12,19
713694,13,33
713694,14,83
713694,16,18
713694,17,57
713696,1,12
713696,2,19
713696,3,303
713696,4,9
713696,5,8
713696,6,16
713696,8,54
713696,9,13
713696,10,3
713696,11,119
713696,12,126
713696,13,134
713696,14,49
713696,16,32
713696,17,1
713698,1,7
713698,2,15
713698,3,138
713698,4,1
713698,5,19
713698,6,5
713698,8,52
713698,9,11
713698,10,0
713698,11,54
713698,12,198
713698,13,88
713698,14,85
713698,16,18
713698,17,2
713700,1,9
713700,2,16
713700,3,224
713700,4,20
713700,5,22
713700,6,15
713700,8,78
713700,9,20
713700,10,2
713700,11,91
713700,12,249
713700,13,117
713700,14,91
713700,16,21
713700,17,0
713702,1,4
713702,2,8
713702,3,64
713702,4,6
713702,5,7
713702,6,10
713702,8,32
713702,9,4
713702,10,1
713702,11,35
713702,12,144
713702,13,58
713702,14,57
713702,16,14
713702,17,0
713704,1,13
713704,2,81
713704,3,174
713704,4,41
713704,5,49
713704,6,11
713704,8,80
713704,9,35
713704,10,28
713704,11,140
713704,12,120
713704,13,605
713704,14,217
713704,16,163
713704,17,77
713708,1,9
713708,2,25
713708,3,324
713708,4,13
713708,5,32
713708,6,27
713708,8,88
713708,9,22
713708,10,3
713708,11,135
713708,12,197
713708,13,239
713708,14,53
713708,16,36
713708,17,1
713710,1,30
713710,2,30
713710,3,343
713710,4,29
713710,5,40
713710,6,24
713710,8,219
713710,9,27
713710,10,3
713710,11,205
713710,12,405
713710,13,205
713710,14,131
713710,16,47
713710,17,5
713712,1,5
713712,2,8
713712,3,107
713712,4,10
713712,5,46
713712,6,10
713712,8,9
713712,9,14
713712,10,1
713712,11,23
713712,12,47
713712,13,50
713712,14,20
713712,16,25
713712,17,234
713714,1,13
713714,2,28
713714,3,178
713714,4,15
713714,5,48
713714,6,12
713714,8,56
713714,9,38
713714,10,5
713714,11,77
713714,12,210
713714,13,139
713714,14,91
713714,16,34
713714,17,65
713716,1,10
713716,2,29
713716,3,127
713716,4,18
713716,5,67
713716,6,12
713716,8,111
713716,9,27
713716,10,4
713716,11,87
713716,12,192
713716,13,148
713716,14,94
713716,16,33
713716,17,81
713718,1,6
713718,2,22
713718,3,100
713718,4,12
713718,5,36
713718,6,6
713718,8,50
713718,9,26
713718,10,3
713718,11,67
713718,12,130
713718,13,100
713718,14,62
713718,16,12
713718,17,57
713720,1,4
713720,2,12
713720,3,183
713720,4,6
713720,5,22
713720,6,3
713720,8,47
713720,9,7
713720,10,26
713720,11,75
713720,12,367
713720,13,173
713720,14,35
713720,16,29
713720,17,0
713722,1,1
713722,2,2
713722,3,19
713722,4,2
713722,5,2
713722,6,1
713722,8,7
713722,9,3
713722,10,0
713722,11,44
713722,12,90
713722,13,9
713722,14,2
713722,16,1
713722,17,0
713724,1,1
713724,2,3
713724,3,51
713724,4,0
713724,5,3
713724,6,0
713724,8,23
713724,9,1
713724,10,0
713724,11,27
713724,12,73
713724,13,11
713724,14,15
713724,16,8
713724,17,0
713726,1,5
713726,2,1
713726,3,54
713726,4,3
713726,5,6
713726,6,5
713726,8,22
713726,9,6
713726,10,1
713726,11,17
713726,12,85
713726,13,19
713726,14,23
713726,16,8
713726,17,0
713728,1,1
713728,2,5
713728,3,30
713728,4,4
713728,5,0
713728,6,4
713728,8,57
713728,9,5
713728,10,0
713728,11,12
713728,12,78
713728,13,30
713728,14,41
713728,16,5
713728,17,0
713730,1,4
713730,2,7
713730,3,131
713730,4,5
713730,5,12
713730,6,9
713730,8,20
713730,9,12
713730,10,1
713730,11,41
713730,12,80
713730,13,48
713730,14,18
713730,16,13
713730,17,2
713732,1,1
713732,2,0
713732,3,37
713732,4,1
713732,5,5
713732,6,5
713732,8,26
713732,9,3
713732,10,0
713732,11,34
713732,12,44
713732,13,13
713732,14,8
713732,16,6
713732,17,0
713734,1,6
713734,2,2
713734,3,39
713734,4,2
713734,5,1
713734,6,1
713734,8,9
713734,9,2
713734,10,0
713734,11,25
713734,12,24
713734,13,17
713734,14,13
713734,16,3
713734,17,0
713736,1,0
713736,2,2
713736,3,21
713736,4,0
713736,5,2
713736,6,0
713736,8,2
713736,9,0
713736,10,0
713736,11,71
713736,12,10
713736,13,24
713736,14,6
713736,16,0
713736,17,0
713738,1,28
713738,2,42
713738,3,227
713738,4,14
713738,5,84
713738,6,12
713738,8,125
713738,9,33
713738,10,5
713738,11,108
713738,12,339
713738,13,203
713738,14,113
713738,16,45
713738,17,99
713740,1,14
713740,2,34
713740,3,382
713740,4,23
713740,5,33
713740,6,20
713740,8,60
713740,9,30
713740,10,7
713740,11,92
713740,12,166
713740,13,158
713740,14,86
713740,16,36
713740,17,6
713742,1,0
713742,2,6
713742,3,133
713742,4,1
713742,5,9
713742,6,19
713742,8,32
713742,9,9
713742,10,3
713742,11,35
713742,12,60
713742,13,40
713742,14,17
713742,16,11
713742,17,0
713744,1,14
713744,2,37
713744,3,73
713744,4,63
713744,5,19
713744,6,8
713744,8,41
713744,9,20
713744,10,7
713744,11,37
713744,12,84
713744,13,479
713744,14,138
713744,16,225
713744,17,0
713746,1,0
713746,2,3
713746,3,3
713746,4,3
713746,5,0
713746,6,0
713746,8,0
713746,9,0
713746,10,0
713746,11,0
713746,12,0
713746,13,18
713746,14,10
713746,16,8
713746,17,1
713748,1,19
713748,2,26
713748,3,222
713748,4,16
713748,5,13
713748,6,20
713748,8,59
713748,9,21
713748,10,5
713748,11,143
713748,12,221
713748,13,152
713748,14,46
713748,16,32
713748,17,1
713750,1,28
713750,2,29
713750,3,270
713750,4,9
713750,5,19
713750,6,21
713750,8,106
713750,9,26
713750,10,5
713750,11,148
713750,12,281
713750,13,148
713750,14,63
713750,16,26
713750,17,0
713752,1,0
713752,2,2
713752,3,73
713752,4,3
713752,5,7
713752,6,1
713752,8,4
713752,9,1
713752,10,12
713752,11,1
713752,12,5
713752,13,6
713752,14,1
713752,16,3
713752,17,20
713754,1,23
713754,2,12
713754,3,311
713754,4,7
713754,5,34
713754,6,16
713754,8,82
713754,9,24
713754,10,3
713754,11,69
713754,12,271
713754,13,190
713754,14,191
713754,16,29
713754,17,1
713756,1,4
713756,2,3
713756,3,86
713756,4,5
713756,5,4
713756,6,4
713756,8,33
713756,9,4
713756,10,3
713756,11,11
713756,12,97
713756,13,19
713756,14,54
713756,16,2
713756,17,0
713758,1,2
713758,2,8
713758,3,88
713758,4,4
713758,5,4
713758,6,4
713758,8,23
713758,9,2
713758,10,0
713758,11,21
713758,12,75
713758,13,45
713758,14,61
713758,16,8
713758,17,2
713760,1,0
713760,2,2
713760,3,44
713760,4,3
713760,5,2
713760,6,2
713760,8,13
713760,9,2
713760,10,1
713760,11,8
713760,12,23
713760,13,16
713760,14,13
713760,16,1
713760,17,0
713762,1,4
713762,2,6
713762,3,65
713762,4,3
713762,5,8
713762,6,8
713762,8,19
713762,9,2
713762,10,2
713762,11,17
713762,12,108
713762,13,20
713762,14,40
713762,16,11
713762,17,0
713764,1,14
713764,2,33
713764,3,85
713764,4,7
713764,5,16
713764,6,7
713764,8,33
713764,9,11
713764,10,3
713764,11,49
713764,12,76
713764,13,138
713764,14,59
713764,16,32
713764,17,1
713766,1,20
713766,2,53
713766,3,138
713766,4,34
713766,5,25
713766,6,14
713766,8,74
713766,9,34
713766,10,4
713766,11,158
713766,12,185
713766,13,222
713766,14,82
713766,16,48
713766,17,0
713768,1,33
713768,2,128
713768,3,356
713768,4,53
713768,5,40
713768,6,29
713768,8,140
713768,9,46
713768,10,6
713768,11,243
713768,12,313
713768,13,537
713768,14,185
713768,16,119
713768,17,10
713770,1,15
713770,2,45
713770,3,151
713770,4,15
713770,5,16
713770,6,1
713770,8,63
713770,9,23
713770,10,16
713770,11,105
713770,12,174
713770,13,220
713770,14,87
713770,16,48
713770,17,5
713772,1,9
713772,2,17
713772,3,124
713772,4,11
713772,5,26
713772,6,3
713772,8,60
713772,9,9
713772,10,0
713772,11,49
713772,12,134
713772,13,80
713772,14,47
713772,16,23
713772,17,32
713774,1,18
713774,2,22
713774,3,191
713774,4,12
713774,5,40
713774,6,8
713774,8,81
713774,9,26
713774,10,1
713774,11,80
713774,12,192
713774,13,166
713774,14,119
713774,16,31
713774,17,49
713776,1,1
713776,2,1
713776,3,39
713776,4,1
713776,5,17
713776,6,3
713776,8,7
713776,9,6
713776,10,1
713776,11,1
713776,12,18
713776,13,8
713776,14,2
713776,16,5
713776,17,244
713778,1,8
713778,2,65
713778,3,225
713778,4,28
713778,5,31
713778,6,16
713778,8,57
713778,9,19
713778,10,20
713778,11,126
713778,12,112
713778,13,432
713778,14,197
713778,16,100
713778,17,99
713780,1,3
713780,2,4
713780,3,27
713780,4,1
713780,5,5
713780,6,9
713780,8,8
713780,9,17
713780,10,0
713780,11,15
713780,12,15
713780,13,33
713780,14,14
713780,16,15
713780,17,159
713782,1,2
713782,2,60
713782,3,152
713782,4,10
713782,5,16
713782,6,16
713782,8,39
713782,9,16
713782,10,6
713782,11,87
713782,12,59
713782,13,379
713782,14,208
713782,16,92
713782,17,72
713784,1,2
713784,2,1
713784,3,38
713784,4,1
713784,5,3
713784,6,1
713784,8,4
713784,9,1
713784,10,0
713784,11,17
713784,12,14
713784,13,2
713784,14,4
713784,16,1
713784,17,1
713786,1,16
713786,2,55
713786,3,220
713786,4,31
713786,5,24
713786,6,22
713786,8,80
713786,9,18
713786,10,2
713786,11,125
713786,12,184
713786,13,222
713786,14,111
713786,16,41
713786,17,1
713788,1,21
713788,2,39
713788,3,237
713788,4,22
713788,5,25
713788,6,34
713788,8,77
713788,9,28
713788,10,2
713788,11,146
713788,12,218
713788,13,215
713788,14,99
713788,16,55
713788,17,3
713790,1,31
713790,2,26
713790,3,210
713790,4,14
713790,5,15
713790,6,25
713790,8,82
713790,9,10
713790,10,0
713790,11,155
713790,12,163
713790,13,163
713790,14,50
713790,16,21
713790,17,2
713792,1,12
713792,2,26
713792,3,254
713792,4,22
713792,5,26
713792,6,9
713792,8,77
713792,9,25
713792,10,2
713792,11,93
713792,12,176
713792,13,148
713792,14,51
713792,16,29
713792,17,12
713794,1,10
713794,2,30
713794,3,214
713794,4,21
713794,5,17
713794,6,8
713794,8,85
713794,9,17
713794,10,2
713794,11,106
713794,12,129
713794,13,217
713794,14,84
713794,16,41
713794,17,1
713796,1,17
713796,2,40
713796,3,227
713796,4,15
713796,5,24
713796,6,16
713796,8,72
713796,9,18
713796,10,3
713796,11,139
713796,12,179
713796,13,219
713796,14,85
713796,16,34
713796,17,1
713798,1,9
713798,2,58
713798,3,161
713798,4,25
713798,5,35
713798,6,14
713798,8,49
713798,9,28
713798,10,9
713798,11,164
713798,12,114
713798,13,358
713798,14,129
713798,16,114
713798,17,112
713800,1,11
713800,2,40
713800,3,143
713800,4,14
713800,5,35
713800,6,7
713800,8,46
713800,9,29
713800,10,8
713800,11,77
713800,12,106
713800,13,267
713800,14,74
713800,16,58
713800,17,94
713802,1,12
713802,2,72
713802,3,144
713802,4,39
713802,5,26
713802,6,1
713802,8,62
713802,9,24
713802,10,30
713802,11,158
713802,12,99
713802,13,803
713802,14,294
713802,16,249
713802,17,57
713804,1,3
713804,2,52
713804,3,87
713804,4,33
713804,5,22
713804,6,4
713804,8,35
713804,9,18
713804,10,15
713804,11,56
713804,12,56
713804,13,469
713804,14,179
713804,16,127
713804,17,13
713806,1,9
713806,2,8
713806,3,68
713806,4,5
713806,5,7
713806,6,6
713806,8,13
713806,9,6
713806,10,0
713806,11,28
713806,12,30
713806,13,37
713806,14,11
713806,16,6
713806,17,0
713808,1,9
713808,2,7
713808,3,171
713808,4,4
713808,5,15
713808,6,4
713808,8,61
713808,9,6
713808,10,5
713808,11,48
713808,12,119
713808,13,68
713808,14,39
713808,16,5
713808,17,0
713810,1,3
713810,2,1
713810,3,20
713810,4,3
713810,5,0
713810,6,0
713810,8,5
713810,9,3
713810,10,0
713810,11,7
713810,12,22
713810,13,4
713810,14,3
713810,16,0
713810,17,0
713812,1,2
713812,2,2
713812,3,52
713812,4,3
713812,5,5
713812,6,2
713812,8,18
713812,9,3
713812,10,1
713812,11,15
713812,12,36
713812,13,22
713812,14,19
713812,16,3
713812,17,1
713814,1,2
713814,2,2
713814,3,76
713814,4,1
713814,5,3
713814,6,9
713814,8,15
713814,9,3
713814,10,0
713814,11,39
713814,12,28
713814,13,17
713814,14,3
713814,16,3
713814,17,0
713816,1,7
713816,2,0
713816,3,46
713816,4,0
713816,5,3
713816,6,1
713816,8,9
713816,9,3
713816,10,0
713816,11,30
713816,12,94
713816,13,22
713816,14,3
713816,16,1
713816,17,0
713818,1,1
713818,2,12
713818,3,75
713818,4,2
713818,5,7
713818,6,4
713818,8,22
713818,9,13
713818,10,3
713818,11,102
713818,12,181
713818,13,72
713818,14,32
713818,16,10
713818,17,3
713820,1,4
713820,2,0
713820,3,45
713820,4,1
713820,5,3
713820,6,6
713820,8,19
713820,9,1
713820,10,5
713820,11,23
713820,12,44
713820,13,16
713820,14,6
713820,16,10
713820,17,0
713822,1,2
713822,2,3
713822,3,33
713822,4,4
713822,5,3
713822,6,2
713822,8,18
713822,9,7
713822,10,2
713822,11,15
713822,12,23
713822,13,9
713822,14,6
713822,16,3
713822,17,0
713824,1,11
713824,2,37
713824,3,295
713824,4,28
713824,5,34
713824,6,22
713824,8,182
713824,9,33
713824,10,4
713824,11,217
713824,12,347
713824,13,206
713824,14,148
713824,16,52
713824,17,0
713826,1,3
713826,2,3
713826,3,59
713826,4,3
713826,5,1
713826,6,1
713826,8,26
713826,9,5
713826,10,2
713826,11,31
713826,12,88
713826,13,19
713826,14,4
713826,16,8
713826,17,1
713828,1,5
713828,2,5
713828,3,14
713828,4,4
713828,5,2
713828,6,3
713828,8,7
713828,9,0
713828,10,1
713828,11,28
713828,12,74
713828,13,7
713828,14,7
713828,16,5
713828,17,0
713830,1,1
713830,2,2
713830,3,20
713830,4,2
713830,5,3
713830,6,6
713830,8,4
713830,9,0
713830,10,0
713830,11,13
713830,12,65
713830,13,6
713830,14,1
713830,16,4
713830,17,1
714112,1,8
714112,2,4
714112,3,36
714112,4,3
714112,5,5
714112,6,2
714112,8,16
714112,9,1
714112,10,0
714112,11,28
714112,12,43
714112,13,13
714112,14,1
714112,16,3
714112,17,0
714114,1,4
714114,2,2
714114,3,34
714114,4,2
714114,5,0
714114,6,2
714114,8,19
714114,9,2
714114,10,0
714114,11,9
714114,12,13
714114,13,22
714114,14,3
714114,16,2
714114,17,2
714116,1,12
714116,2,9
714116,3,112
714116,4,6
714116,5,12
714116,6,5
714116,8,16
714116,9,6
714116,10,1
714116,11,127
714116,12,57
714116,13,62
714116,14,27
714116,16,6
714116,17,0
714118,1,31
714118,2,64
714118,3,330
714118,4,38
714118,5,54
714118,6,35
714118,8,162
714118,9,40
714118,10,5
714118,11,197
714118,12,274
714118,13,360
714118,14,138
714118,16,87
714118,17,6
714120,1,31
714120,2,89
714120,3,297
714120,4,32
714120,5,33
714120,6,33
714120,8,118
714120,9,21
714120,10,5
714120,11,168
714120,12,215
714120,13,312
714120,14,128
714120,16,69
714120,17,0
714122,1,3
714122,2,1
714122,3,27
714122,4,1
714122,5,0
714122,6,2
714122,8,2
714122,9,0
714122,10,2
714122,11,14
714122,12,9
714122,13,14
714122,14,11
714122,16,2
714122,17,1
714124,1,3
714124,2,1
714124,3,24
714124,4,0
714124,5,4
714124,6,2
714124,8,4
714124,9,0
714124,10,3
714124,11,7
714124,12,7
714124,13,14
714124,14,8
714124,16,2
714124,17,0
714126,1,3
714126,2,15
714126,3,56
714126,4,2
714126,5,5
714126,6,2
714126,8,10
714126,9,1
714126,10,9
714126,11,18
714126,12,29
714126,13,35
714126,14,42
714126,16,3
714126,17,0
714128,1,1
714128,2,1
714128,3,19
714128,4,5
714128,5,0
714128,6,1
714128,8,10
714128,9,2
714128,10,1
714128,11,6
714128,12,7
714128,13,9
714128,14,4
714128,16,1
714128,17,0
714130,1,7
714130,2,13
714130,3,123
714130,4,3
714130,5,10
714130,6,2
714130,8,19
714130,9,6
714130,10,7
714130,11,41
714130,12,91
714130,13,96
714130,14,61
714130,16,7
714130,17,0
714132,1,15
714132,2,8
714132,3,240
714132,4,7
714132,5,19
714132,6,36
714132,8,69
714132,9,17
714132,10,3
714132,11,111
714132,12,214
714132,13,105
714132,14,48
714132,16,12
714132,17,0
714134,1,12
714134,2,11
714134,3,148
714134,4,6
714134,5,10
714134,6,17
714134,8,50
714134,9,12
714134,10,1
714134,11,63
714134,12,106
714134,13,95
714134,14,15
714134,16,12
714134,17,3
714136,1,4
714136,2,3
714136,3,44
714136,4,4
714136,5,4
714136,6,1
714136,8,24
714136,9,6
714136,10,0
714136,11,21
714136,12,48
714136,13,17
714136,14,5
714136,16,2
714136,17,0
714138,1,6
714138,2,3
714138,3,49
714138,4,5
714138,5,3
714138,6,3
714138,8,27
714138,9,6
714138,10,0
714138,11,23
714138,12,54
714138,13,16
714138,14,4
714138,16,2
714138,17,0
714140,1,2
714140,2,0
714140,3,32
714140,4,2
714140,5,2
714140,6,2
714140,8,13
714140,9,1
714140,10,0
714140,11,4
714140,12,17
714140,13,7
714140,14,0
714140,16,2
714140,17,0
714142,1,6
714142,2,1
714142,3,120
714142,4,5
714142,5,9
714142,6,11
714142,8,57
714142,9,9
714142,10,1
714142,11,43
714142,12,126
714142,13,32
714142,14,10
714142,16,10
714142,17,0
714144,1,28
714144,2,35
714144,3,193
714144,4,25
714144,5,16
714144,6,7
714144,8,53
714144,9,16
714144,10,0
714144,11,77
714144,12,106
714144,13,143
714144,14,58
714144,16,32
714144,17,1
714146,1,3
714146,2,2
714146,3,38
714146,4,2
714146,5,8
714146,6,1
714146,8,24
714146,9,5
714146,10,0
714146,11,12
714146,12,45
714146,13,8
714146,14,15
714146,16,1
714146,17,0
714148,1,17
714148,2,25
714148,3,191
714148,4,11
714148,5,15
714148,6,16
714148,8,64
714148,9,24
714148,10,0
714148,11,102
714148,12,172
714148,13,197
714148,14,77
714148,16,32
714148,17,0
714150,1,11
714150,2,5
714150,3,80
714150,4,2
714150,5,5
714150,6,8
714150,8,24
714150,9,5
714150,10,2
714150,11,23
714150,12,44
714150,13,24
714150,14,21
714150,16,11
714150,17,0
714152,1,2
714152,2,9
714152,3,89
714152,4,7
714152,5,5
714152,6,7
714152,8,40
714152,9,5
714152,10,3
714152,11,27
714152,12,53
714152,13,47
714152,14,26
714152,16,10
714152,17,0
714154,1,9
714154,2,11
714154,3,265
714154,4,16
714154,5,10
714154,6,29
714154,8,61
714154,9,24
714154,10,2
714154,11,60
714154,12,187
714154,13,81
714154,14,33
714154,16,14
714154,17,0
714156,1,12
714156,2,13
714156,3,224
714156,4,15
714156,5,17
714156,6,20
714156,8,105
714156,9,15
714156,10,3
714156,11,71
714156,12,187
714156,13,84
714156,14,21
714156,16,8
714156,17,0
714158,1,1
714158,2,0
714158,3,113
714158,4,2
714158,5,6
714158,6,7
714158,8,10
714158,9,8
714158,10,1
714158,11,6
714158,12,42
714158,13,15
714158,14,4
714158,16,4
714158,17,0
714160,1,1
714160,2,5
714160,3,7
714160,4,2
714160,5,0
714160,6,0
714160,8,0
714160,9,0
714160,10,2
714160,11,1
714160,12,0
714160,13,30
714160,14,9
714160,16,13
714160,17,1
714162,1,3
714162,2,13
714162,3,139
714162,4,3
714162,5,6
714162,6,7
714162,8,14
714162,9,10
714162,10,1
714162,11,17
714162,12,81
714162,13,38
714162,14,18
714162,16,4
714162,17,0
714164,1,5
714164,2,3
714164,3,116
714164,4,9
714164,5,8
714164,6,9
714164,8,47
714164,9,8
714164,10,2
714164,11,24
714164,12,65
714164,13,23
714164,14,21
714164,16,9
714164,17,0
714166,1,6
714166,2,1
714166,3,56
714166,4,0
714166,5,3
714166,6,0
714166,8,11
714166,9,3
714166,10,1
714166,11,10
714166,12,37
714166,13,5
714166,14,4
714166,16,6
714166,17,0
714168,1,24
714168,2,13
714168,3,279
714168,4,15
714168,5,10
714168,6,28
714168,8,98
714168,9,3
714168,10,3
714168,11,131
714168,12,171
714168,13,149
714168,14,35
714168,16,20
714168,17,1
714170,1,29
714170,2,13
714170,3,252
714170,4,13
714170,5,17
714170,6,21
714170,8,117
714170,9,11
714170,10,2
714170,11,131
714170,12,141
714170,13,156
714170,14,38
714170,16,25
714170,17,0
714172,1,17
714172,2,23
714172,3,109
714172,4,12
714172,5,9
714172,6,15
714172,8,51
714172,9,6
714172,10,2
714172,11,54
714172,12,59
714172,13,90
714172,14,26
714172,16,22
714172,17,1
714174,1,9
714174,2,18
714174,3,331
714174,4,14
714174,5,11
714174,6,40
714174,8,125
714174,9,52
714174,10,2
714174,11,71
714174,12,215
714174,13,170
714174,14,35
714174,16,37
714174,17,1
714176,1,7
714176,2,1
714176,3,111
714176,4,14
714176,5,11
714176,6,15
714176,8,93
714176,9,25
714176,10,5
714176,11,26
714176,12,59
714176,13,55
714176,14,13
714176,16,7
714176,17,1
714178,1,3
714178,2,1
714178,3,47
714178,4,2
714178,5,0
714178,6,6
714178,8,15
714178,9,7
714178,10,0
714178,11,11
714178,12,42
714178,13,11
714178,14,4
714178,16,1
714178,17,0
714180,1,5
714180,2,1
714180,3,56
714180,4,2
714180,5,6
714180,6,6
714180,8,9
714180,9,5
714180,10,0
714180,11,7
714180,12,35
714180,13,15
714180,14,3
714180,16,0
714180,17,0
714182,1,5
714182,2,0
714182,3,55
714182,4,6
714182,5,3
714182,6,14
714182,8,11
714182,9,10
714182,10,0
714182,11,3
714182,12,32
714182,13,25
714182,14,4
714182,16,2
714182,17,0
714184,1,3
714184,2,6
714184,3,75
714184,4,3
714184,5,3
714184,6,2
714184,8,13
714184,9,5
714184,10,0
714184,11,9
714184,12,37
714184,13,13
714184,14,0
714184,16,1
714184,17,0
714186,1,6
714186,2,4
714186,3,59
714186,4,3
714186,5,2
714186,6,6
714186,8,20
714186,9,9
714186,10,2
714186,11,15
714186,12,46
714186,13,18
714186,14,12
714186,16,7
714186,17,1
714188,1,5
714188,2,14
714188,3,95
714188,4,4
714188,5,7
714188,6,8
714188,8,41
714188,9,14
714188,10,2
714188,11,18
714188,12,45
714188,13,47
714188,14,3
714188,16,6
714188,17,0
714190,1,3
714190,2,6
714190,3,101
714190,4,1
714190,5,0
714190,6,4
714190,8,19
714190,9,10
714190,10,0
714190,11,21
714190,12,41
714190,13,27
714190,14,12
714190,16,4
714190,17,0
714192,1,0
714192,2,0
714192,3,34
714192,4,1
714192,5,0
714192,6,1
714192,8,14
714192,9,3
714192,10,0
714192,11,5
714192,12,19
714192,13,10
714192,14,1
714192,16,2
714192,17,0
714194,1,13
714194,2,1
714194,3,136
714194,4,1
714194,5,12
714194,6,15
714194,8,32
714194,9,3
714194,10,0
714194,11,95
714194,12,56
714194,13,26
714194,14,4
714194,16,5
714194,17,0
714224,1,4
714224,2,4
714224,3,21
714224,4,1
714224,5,2
714224,6,6
714224,8,7
714224,9,1
714224,10,0
714224,11,9
714224,12,12
714224,13,5
714224,14,6
714224,16,0
714224,17,0
714226,1,8
714226,2,4
714226,3,77
714226,4,0
714226,5,7
714226,6,7
714226,8,15
714226,9,5
714226,10,1
714226,11,40
714226,12,42
714226,13,23
714226,14,5
714226,16,6
714226,17,0
714228,1,3
714228,2,0
714228,3,37
714228,4,0
714228,5,0
714228,6,2
714228,8,19
714228,9,8
714228,10,1
714228,11,3
714228,12,24
714228,13,8
714228,14,2
714228,16,2
714228,17,0
714230,1,18
714230,2,65
714230,3,164
714230,4,36
714230,5,23
714230,6,11
714230,8,89
714230,9,28
714230,10,2
714230,11,120
714230,12,139
714230,13,378
714230,14,169
714230,16,61
714230,17,1
714232,1,7
714232,2,2
714232,3,58
714232,4,2
714232,5,2
714232,6,4
714232,8,8
714232,9,2
714232,10,0
714232,11,19
714232,12,116
714232,13,30
714232,14,16
714232,16,2
714232,17,0
714234,1,7
714234,2,1
714234,3,85
714234,4,0
714234,5,3
714234,6,2
714234,8,28
714234,9,4
714234,10,1
714234,11,29
714234,12,107
714234,13,34
714234,14,59
714234,16,2
714234,17,0
714236,1,1
714236,2,5
714236,3,34
714236,4,2
714236,5,4
714236,6,1
714236,8,20
714236,9,2
714236,10,1
714236,11,15
714236,12,43
714236,13,20
714236,14,21
714236,16,2
714236,17,0
714238,1,3
714238,2,1
714238,3,65
714238,4,14
714238,5,3
714238,6,1
714238,8,157
714238,9,3
714238,10,1
714238,11,11
714238,12,34
714238,13,14
714238,14,4
714238,16,5
714238,17,0
714240,1,25
714240,2,80
714240,3,355
714240,4,36
714240,5,28
714240,6,25
714240,8,164
714240,9,29
714240,10,4
714240,11,163
714240,12,254
714240,13,406
714240,14,139
714240,16,83
714240,17,1
714242,1,18
714242,2,27
714242,3,172
714242,4,25
714242,5,22
714242,6,21
714242,8,81
714242,9,19
714242,10,3
714242,11,82
714242,12,150
714242,13,184
714242,14,79
714242,16,38
714242,17,4
714244,1,44
714244,2,65
714244,3,347
714244,4,42
714244,5,37
714244,6,27
714244,8,155
714244,9,34
714244,10,7
714244,11,190
714244,12,286
714244,13,446
714244,14,155
714244,16,82
714244,17,7
714246,1,17
714246,2,74
714246,3,276
714246,4,46
714246,5,33
714246,6,23
714246,8,135
714246,9,38
714246,10,4
714246,11,191
714246,12,233
714246,13,555
714246,14,159
714246,16,99
714246,17,2
714248,1,24
714248,2,71
714248,3,230
714248,4,45
714248,5,32
714248,6,34
714248,8,129
714248,9,37
714248,10,3
714248,11,122
714248,12,211
714248,13,328
714248,14,94
714248,16,76
714248,17,1
714250,1,9
714250,2,30
714250,3,305
714250,4,24
714250,5,35
714250,6,21
714250,8,146
714250,9,29
714250,10,7
714250,11,145
714250,12,269
714250,13,160
714250,14,81
714250,16,49
714250,17,2
714252,1,9
714252,2,2
714252,3,58
714252,4,2
714252,5,4
714252,6,3
714252,8,13
714252,9,5
714252,10,1
714252,11,2
714252,12,32
714252,13,14
714252,14,3
714252,16,3
714252,17,1
714254,1,4
714254,2,0
714254,3,80
714254,4,3
714254,5,0
714254,6,4
714254,8,12
714254,9,5
714254,10,0
714254,11,12
714254,12,24
714254,13,18
714254,14,5
714254,16,5
714254,17,0
714256,1,4
714256,2,1
714256,3,43
714256,4,5
714256,5,0
714256,6,3
714256,8,32
714256,9,1
714256,10,3
714256,11,10
714256,12,42
714256,13,23
714256,14,4
714256,16,7
714256,17,1
714258,1,18
714258,2,94
714258,3,220
714258,4,37
714258,5,26
714258,6,26
714258,8,117
714258,9,19
714258,10,4
714258,11,223
714258,12,198
714258,13,420
714258,14,158
714258,16,71
714258,17,1
714260,1,0
714260,2,0
714260,3,32
714260,4,3
714260,5,2
714260,6,1
714260,8,10
714260,9,9
714260,10,0
714260,11,15
714260,12,20
714260,13,8
714260,14,7
714260,16,3
714260,17,0
714262,1,33
714262,2,26
714262,3,401
714262,4,21
714262,5,43
714262,6,46
714262,8,129
714262,9,34
714262,10,2
714262,11,166
714262,12,385
714262,13,150
714262,14,72
714262,16,41
714262,17,6
714264,1,4
714264,2,0
714264,3,16
714264,4,3
714264,5,5
714264,6,2
714264,8,22
714264,9,2
714264,10,0
714264,11,20
714264,12,29
714264,13,4
714264,14,1
714264,16,3
714264,17,0
714266,1,4
714266,2,0
714266,3,51
714266,4,2
714266,5,5
714266,6,5
714266,8,115
714266,9,4
714266,10,0
714266,11,30
714266,12,72
714266,13,24
714266,14,6
714266,16,4
714266,17,0
714268,1,2
714268,2,3
714268,3,84
714268,4,9
714268,5,9
714268,6,33
714268,8,91
714268,9,8
714268,10,1
714268,11,66
714268,12,80
714268,13,15
714268,14,6
714268,16,4
714268,17,0
714270,1,1
714270,2,0
714270,3,51
714270,4,0
714270,5,7
714270,6,2
714270,8,44
714270,9,2
714270,10,0
714270,11,19
714270,12,36
714270,13,11
714270,14,16
714270,16,1
714270,17,0
714272,1,1
714272,2,0
714272,3,61
714272,4,0
714272,5,1
714272,6,2
714272,8,3
714272,9,3
714272,10,0
714272,11,6
714272,12,14
714272,13,6
714272,14,1
714272,16,1
714272,17,0
714274,1,5
714274,2,2
714274,3,60
714274,4,3
714274,5,7
714274,6,3
714274,8,29
714274,9,11
714274,10,7
714274,11,34
714274,12,169
714274,13,73
714274,14,6
714274,16,5
714274,17,0
714276,1,1
714276,2,0
714276,3,25
714276,4,0
714276,5,0
714276,6,1
714276,8,5
714276,9,0
714276,10,2
714276,11,14
714276,12,77
714276,13,23
714276,14,1
714276,16,3
714276,17,1
714278,1,0
714278,2,1
714278,3,15
714278,4,2
714278,5,2
714278,6,6
714278,8,5
714278,9,0
714278,10,0
714278,11,12
714278,12,28
714278,13,5
714278,14,3
714278,16,2
714278,17,0
714280,1,1
714280,2,1
714280,3,12
714280,4,2
714280,5,0
714280,6,0
714280,8,15
714280,9,0
714280,10,3
714280,11,6
714280,12,43
714280,13,5
714280,14,1
714280,16,0
714280,17,1
714282,1,1
714282,2,0
714282,3,30
714282,4,0
714282,5,0
714282,6,1
714282,8,17
714282,9,2
714282,10,0
714282,11,11
714282,12,65
714282,13,17
714282,14,0
714282,16,2
714282,17,0
714284,1,2
714284,2,0
714284,3,37
714284,4,0
714284,5,4
714284,6,1
714284,8,17
714284,9,2
714284,10,13
714284,11,25
714284,12,112
714284,13,31
714284,14,6
714284,16,3
714284,17,1
714286,1,1
714286,2,1
714286,3,38
714286,4,0
714286,5,0
714286,6,1
714286,8,10
714286,9,0
714286,10,2
714286,11,10
714286,12,60
714286,13,16
714286,14,3
714286,16,5
714286,17,0
714288,1,4
714288,2,4
714288,3,41
714288,4,0
714288,5,1
714288,6,1
714288,8,10
714288,9,3
714288,10,2
714288,11,15
714288,12,113
714288,13,37
714288,14,1
714288,16,2
714288,17,0
714290,1,2
714290,2,2
714290,3,42
714290,4,1
714290,5,7
714290,6,0
714290,8,9
714290,9,7
714290,10,0
714290,11,119
714290,12,93
714290,13,19
714290,14,7
714290,16,8
714290,17,0
714292,1,13
714292,2,47
714292,3,119
714292,4,26
714292,5,55
714292,6,12
714292,8,44
714292,9,23
714292,10,17
714292,11,72
714292,12,78
714292,13,281
714292,14,98
714292,16,103
714292,17,97
714294,1,8
714294,2,98
714294,3,201
714294,4,51
714294,5,47
714294,6,25
714294,8,80
714294,9,52
714294,10,30
714294,11,253
714294,12,158
714294,13,923
714294,14,370
714294,16,327
714294,17,95
714296,1,1
714296,2,1
714296,3,80
714296,4,2
714296,5,3
714296,6,1
714296,8,11
714296,9,7
714296,10,0
714296,11,70
714296,12,129
714296,13,54
714296,14,9
714296,16,14
714296,17,0
714298,1,20
714298,2,56
714298,3,407
714298,4,24
714298,5,28
714298,6,27
714298,8,138
714298,9,32
714298,10,5
714298,11,221
714298,12,348
714298,13,342
714298,14,146
714298,16,55
714298,17,0
714300,1,25
714300,2,58
714300,3,419
714300,4,41
714300,5,36
714300,6,23
714300,8,175
714300,9,46
714300,10,5
714300,11,237
714300,12,342
714300,13,330
714300,14,175
714300,16,64
714300,17,2
714302,1,6
714302,2,17
714302,3,318
714302,4,13
714302,5,22
714302,6,30
714302,8,115
714302,9,17
714302,10,2
714302,11,112
714302,12,370
714302,13,236
714302,14,240
714302,16,29
714302,17,1
714304,1,4
714304,2,2
714304,3,89
714304,4,6
714304,5,6
714304,6,3
714304,8,28
714304,9,1
714304,10,0
714304,11,35
714304,12,64
714304,13,34
714304,14,19
714304,16,2
714304,17,1
714306,1,19
714306,2,60
714306,3,183
714306,4,12
714306,5,54
714306,6,8
714306,8,53
714306,9,41
714306,10,10
714306,11,121
714306,12,135
714306,13,266
714306,14,67
714306,16,65
714306,17,134
714308,1,14
714308,2,52
714308,3,166
714308,4,13
714308,5,39
714308,6,12
714308,8,34
714308,9,25
714308,10,17
714308,11,77
714308,12,107
714308,13,236
714308,14,103
714308,16,66
714308,17,70
714310,1,30
714310,2,33
714310,3,369
714310,4,18
714310,5,44
714310,6,34
714310,8,86
714310,9,44
714310,10,6
714310,11,402
714310,12,245
714310,13,187
714310,14,171
714310,16,57
714310,17,19
714312,1,8
714312,2,2
714312,3,70
714312,4,2
714312,5,3
714312,6,4
714312,8,17
714312,9,3
714312,10,2
714312,11,4
714312,12,15
714312,13,5
714312,14,9
714312,16,1
714312,17,1
714314,1,8
714314,2,22
714314,3,76
714314,4,10
714314,5,16
714314,6,10
714314,8,35
714314,9,26
714314,10,6
714314,11,68
714314,12,92
714314,13,123
714314,14,86
714314,16,39
714314,17,71
714316,1,6
714316,2,70
714316,3,87
714316,4,24
714316,5,22
714316,6,3
714316,8,36
714316,9,13
714316,10,17
714316,11,44
714316,12,50
714316,13,468
714316,14,143
714316,16,125
714316,17,29
714318,1,12
714318,2,85
714318,3,228
714318,4,30
714318,5,65
714318,6,13
714318,8,48
714318,9,38
714318,10,19
714318,11,135
714318,12,142
714318,13,415
714318,14,128
714318,16,111
714318,17,113
714320,1,0
714320,2,3
714320,3,8
714320,4,4
714320,5,0
714320,6,0
714320,8,2
714320,9,0
714320,10,0
714320,11,1
714320,12,3
714320,13,22
714320,14,6
714320,16,9
714320,17,0
714322,1,10
714322,2,24
714322,3,53
714322,4,127
714322,5,18
714322,6,8
714322,8,33
714322,9,10
714322,10,5
714322,11,29
714322,12,38
714322,13,444
714322,14,157
714322,16,448
714322,17,1
714324,1,1
714324,2,5
714324,3,39
714324,4,1
714324,5,1
714324,6,1
714324,8,4
714324,9,3
714324,10,0
714324,11,10
714324,12,14
714324,13,12
714324,14,5
714324,16,1
714324,17,0
714326,1,19
714326,2,58
714326,3,170
714326,4,12
714326,5,15
714326,6,34
714326,8,92
714326,9,19
714326,10,4
714326,11,139
714326,12,126
714326,13,255
714326,14,85
714326,16,47
714326,17,0
714328,1,6
714328,2,42
714328,3,93
714328,4,15
714328,5,8
714328,6,13
714328,8,39
714328,9,8
714328,10,2
714328,11,92
714328,12,82
714328,13,190
714328,14,94
714328,16,36
714328,17,4
714330,1,23
714330,2,65
714330,3,379
714330,4,42
714330,5,32
714330,6,30
714330,8,118
714330,9,33
714330,10,5
714330,11,174
714330,12,261
714330,13,350
714330,14,147
714330,16,88
714330,17,3
714332,1,14
714332,2,28
714332,3,109
714332,4,5
714332,5,37
714332,6,3
714332,8,48
714332,9,31
714332,10,2
714332,11,48
714332,12,134
714332,13,98
714332,14,55
714332,16,36
714332,17,47
714334,1,18
714334,2,51
714334,3,173
714334,4,30
714334,5,31
714334,6,13
714334,8,105
714334,9,28
714334,10,4
714334,11,113
714334,12,257
714334,13,348
714334,14,172
714334,16,64
714334,17,22
714336,1,23
714336,2,47
714336,3,238
714336,4,32
714336,5,71
714336,6,26
714336,8,108
714336,9,47
714336,10,11
714336,11,150
714336,12,268
714336,13,332
714336,14,167
714336,16,80
714336,17,86
714338,1,12
714338,2,48
714338,3,163
714338,4,14
714338,5,35
714338,6,5
714338,8,115
714338,9,36
714338,10,2
714338,11,105
714338,12,200
714338,13,290
714338,14,151
714338,16,62
714338,17,16
714340,1,5
714340,2,5
714340,3,32
714340,4,1
714340,5,2
714340,6,5
714340,8,11
714340,9,9
714340,10,0
714340,11,9
714340,12,24
714340,13,16
714340,14,5
714340,16,3
714340,17,0
714342,1,4
714342,2,2
714342,3,46
714342,4,7
714342,5,3
714342,6,8
714342,8,10
714342,9,4
714342,10,1
714342,11,27
714342,12,26
714342,13,46
714342,14,6
714342,16,6
714342,17,0
714344,1,1
714344,2,2
714344,3,46
714344,4,0
714344,5,1
714344,6,3
714344,8,11
714344,9,1
714344,10,1
714344,11,8
714344,12,25
714344,13,10
714344,14,3
714344,16,4
714344,17,0
714346,1,0
714346,2,1
714346,3,28
714346,4,2
714346,5,2
714346,6,1
714346,8,5
714346,9,0
714346,10,0
714346,11,3
714346,12,16
714346,13,7
714346,14,5
714346,16,0
714346,17,0
714348,1,5
714348,2,9
714348,3,137
714348,4,6
714348,5,1
714348,6,5
714348,8,19
714348,9,7
714348,10,0
714348,11,23
714348,12,49
714348,13,21
714348,14,15
714348,16,4
714348,17,0
714350,1,0
714350,2,0
714350,3,52
714350,4,1
714350,5,0
714350,6,2
714350,8,18
714350,9,1
714350,10,0
714350,11,4
714350,12,25
714350,13,8
714350,14,2
714350,16,0
714350,17,0
714352,1,2
714352,2,1
714352,3,96
714352,4,0
714352,5,7
714352,6,3
714352,8,20
714352,9,3
714352,10,1
714352,11,13
714352,12,36
714352,13,16
714352,14,15
714352,16,6
714352,17,0
714354,1,5
714354,2,18
714354,3,190
714354,4,5
714354,5,9
714354,6,66
714354,8,45
714354,9,34
714354,10,5
714354,11,117
714354,12,97
714354,13,166
714354,14,58
714354,16,35
714354,17,2
714356,1,14
714356,2,43
714356,3,144
714356,4,19
714356,5,25
714356,6,78
714356,8,73
714356,9,37
714356,10,5
714356,11,103
714356,12,132
714356,13,158
714356,14,41
714356,16,21
714356,17,0
714358,1,12
714358,2,23
714358,3,204
714358,4,5
714358,5,28
714358,6,103
714358,8,54
714358,9,43
714358,10,4
714358,11,95
714358,12,125
714358,13,72
714358,14,44
714358,16,14
714358,17,6
714360,1,9
714360,2,29
714360,3,263
714360,4,8
714360,5,20
714360,6,75
714360,8,49
714360,9,36
714360,10,2
714360,11,119
714360,12,141
714360,13,145
714360,14,53
714360,16,27
714360,17,2
714362,1,14
714362,2,19
714362,3,105
714362,4,6
714362,5,8
714362,6,40
714362,8,46
714362,9,6
714362,10,1
714362,11,73
714362,12,76
714362,13,51
714362,14,14
714362,16,11
714362,17,0
714364,1,5
714364,2,5
714364,3,29
714364,4,2
714364,5,3
714364,6,20
714364,8,11
714364,9,2
714364,10,0
714364,11,5
714364,12,17
714364,13,18
714364,14,5
714364,16,2
714364,17,0
714366,1,2
714366,2,3
714366,3,29
714366,4,2
714366,5,1
714366,6,1
714366,8,8
714366,9,15
714366,10,0
714366,11,10
714366,12,30
714366,13,5
714366,14,4
714366,16,0
714366,17,1
714368,1,1
714368,2,1
714368,3,44
714368,4,2
714368,5,3
714368,6,0
714368,8,7
714368,9,3
714368,10,0
714368,11,11
714368,12,57
714368,13,3
714368,14,9
714368,16,4
714368,17,0
714370,1,38
714370,2,5
714370,3,167
714370,4,6
714370,5,14
714370,6,18
714370,8,32
714370,9,17
714370,10,1
714370,11,73
714370,12,163
714370,13,56
714370,14,123
714370,16,13
714370,17,0
714372,1,12
714372,2,21
714372,3,149
714372,4,9
714372,5,15
714372,6,16
714372,8,34
714372,9,10
714372,10,2
714372,11,117
714372,12,361
714372,13,95
714372,14,32
714372,16,30
714372,17,0
714374,1,10
714374,2,5
714374,3,237
714374,4,12
714374,5,20
714374,6,11
714374,8,104
714374,9,18
714374,10,1
714374,11,44
714374,12,110
714374,13,54
714374,14,34
714374,16,10
714374,17,0
714376,1,2
714376,2,5
714376,3,220
714376,4,11
714376,5,12
714376,6,4
714376,8,61
714376,9,8
714376,10,0
714376,11,41
714376,12,130
714376,13,40
714376,14,33
714376,16,10
714376,17,2
714378,1,0
714378,2,0
714378,3,75
714378,4,6
714378,5,2
714378,6,3
714378,8,74
714378,9,9
714378,10,0
714378,11,19
714378,12,42
714378,13,19
714378,14,6
714378,16,3
714378,17,0
714380,1,3
714380,2,1
714380,3,69
714380,4,9
714380,5,3
714380,6,3
714380,8,55
714380,9,6
714380,10,0
714380,11,19
714380,12,29
714380,13,12
714380,14,6
714380,16,3
714380,17,1
714382,1,1
714382,2,5
714382,3,82
714382,4,5
714382,5,0
714382,6,1
714382,8,37
714382,9,6
714382,10,0
714382,11,9
714382,12,33
714382,13,18
714382,14,12
714382,16,4
714382,17,0
714384,1,4
714384,2,70
714384,3,64
714384,4,22
714384,5,15
714384,6,11
714384,8,35
714384,9,7
714384,10,16
714384,11,55
714384,12,48
714384,13,396
714384,14,144
714384,16,142
714384,17,26
714386,1,2
714386,2,2
714386,3,29
714386,4,1
714386,5,7
714386,6,4
714386,8,16
714386,9,15
714386,10,1
714386,11,10
714386,12,17
714386,13,12
714386,14,11
714386,16,6
714386,17,2
714388,1,2
714388,2,1
714388,3,24
714388,4,0
714388,5,5
714388,6,1
714388,8,16
714388,9,1
714388,10,1
714388,11,11
714388,12,23
714388,13,19
714388,14,21
714388,16,7
714388,17,38
714390,1,24
714390,2,91
714390,3,190
714390,4,41
714390,5,87
714390,6,20
714390,8,74
714390,9,51
714390,10,53
714390,11,115
714390,12,125
714390,13,406
714390,14,135
714390,16,130
714390,17,230
714392,1,13
714392,2,26
714392,3,404
714392,4,9
714392,5,22
714392,6,22
714392,8,84
714392,9,26
714392,10,2
714392,11,118
714392,12,263
714392,13,170
714392,14,62
714392,16,33
714392,17,1
714394,1,4
714394,2,5
714394,3,55
714394,4,0
714394,5,0
714394,6,1
714394,8,21
714394,9,5
714394,10,1
714394,11,22
714394,12,39
714394,13,26
714394,14,11
714394,16,1
714394,17,1
714396,1,0
714396,2,0
714396,3,53
714396,4,1
714396,5,1
714396,6,0
714396,8,7
714396,9,1
714396,10,0
714396,11,5
714396,12,32
714396,13,11
714396,14,3
714396,16,3
714396,17,0
714398,1,0
714398,2,10
714398,3,6
714398,4,11
714398,5,2
714398,6,0
714398,8,6
714398,9,2
714398,10,1
714398,11,5
714398,12,1
714398,13,71
714398,14,18
714398,16,43
714398,17,0
714400,1,6
714400,2,2
714400,3,84
714400,4,6
714400,5,8
714400,6,1
714400,8,44
714400,9,6
714400,10,0
714400,11,28
714400,12,69
714400,13,24
714400,14,10
714400,16,4
714400,17,2
714402,1,0
714402,2,0
714402,3,28
714402,4,3
714402,5,1
714402,6,1
714402,8,12
714402,9,6
714402,10,0
714402,11,3
714402,12,43
714402,13,5
714402,14,0
714402,16,0
714402,17,0
714404,1,1
714404,2,0
714404,3,24
714404,4,0
714404,5,1
714404,6,3
714404,8,2
714404,9,0
714404,10,0
714404,11,4
714404,12,42
714404,13,8
714404,14,3
714404,16,2
714404,17,0
714406,1,3
714406,2,1
714406,3,62
714406,4,1
714406,5,4
714406,6,4
714406,8,7
714406,9,1
714406,10,2
714406,11,10
714406,12,55
714406,13,18
714406,14,2
714406,16,2
714406,17,1
714408,1,2
714408,2,2
714408,3,40
714408,4,1
714408,5,3
714408,6,2
714408,8,13
714408,9,2
714408,10,1
714408,11,11
714408,12,48
714408,13,9
714408,14,3
714408,16,0
714408,17,0
714410,1,11
714410,2,2
714410,3,77
714410,4,4
714410,5,3
714410,6,2
714410,8,31
714410,9,5
714410,10,2
714410,11,28
714410,12,92
714410,13,39
714410,14,9
714410,16,10
714410,17,2
714412,1,1
714412,2,0
714412,3,26
714412,4,1
714412,5,4
714412,6,0
714412,8,7
714412,9,0
714412,10,0
714412,11,10
714412,12,46
714412,13,10
714412,14,4
714412,16,1
714412,17,0
714414,1,9
714414,2,12
714414,3,221
714414,4,3
714414,5,21
714414,6,22
714414,8,56
714414,9,18
714414,10,0
714414,11,79
714414,12,192
714414,13,113
714414,14,65
714414,16,14
714414,17,1
714416,1,2
714416,2,2
714416,3,39
714416,4,3
714416,5,1
714416,6,9
714416,8,11
714416,9,4
714416,10,0
714416,11,12
714416,12,63
714416,13,9
714416,14,5
714416,16,0
714416,17,0
714418,1,11
714418,2,6
714418,3,111
714418,4,8
714418,5,10
714418,6,19
714418,8,70
714418,9,7
714418,10,1
714418,11,44
714418,12,119
714418,13,58
714418,14,73
714418,16,10
714418,17,1
714420,1,8
714420,2,3
714420,3,68
714420,4,2
714420,5,3
714420,6,0
714420,8,26
714420,9,4
714420,10,0
714420,11,11
714420,12,52
714420,13,13
714420,14,11
714420,16,3
714420,17,0
714422,1,15
714422,2,5
714422,3,62
714422,4,2
714422,5,6
714422,6,7
714422,8,22
714422,9,2
714422,10,0
714422,11,18
714422,12,61
714422,13,33
714422,14,19
714422,16,9
714422,17,0
714424,1,0
714424,2,1
714424,3,25
714424,4,1
714424,5,4
714424,6,1
714424,8,13
714424,9,1
714424,10,0
714424,11,5
714424,12,20
714424,13,11
714424,14,4
714424,16,2
714424,17,0
714426,1,27
714426,2,27
714426,3,420
714426,4,21
714426,5,24
714426,6,14
714426,8,126
714426,9,15
714426,10,1
714426,11,96
714426,12,256
714426,13,115
714426,14,102
714426,16,28
714426,17,2
714428,1,42
714428,2,14
714428,3,180
714428,4,21
714428,5,17
714428,6,7
714428,8,164
714428,9,21
714428,10,3
714428,11,92
714428,12,241
714428,13,158
714428,14,74
714428,16,27
714428,17,3
714430,1,16
714430,2,7
714430,3,106
714430,4,3
714430,5,13
714430,6,6
714430,8,67
714430,9,4
714430,10,3
714430,11,38
714430,12,107
714430,13,62
714430,14,31
714430,16,7
714430,17,0
714432,1,43
714432,2,36
714432,3,279
714432,4,27
714432,5,32
714432,6,20
714432,8,155
714432,9,33
714432,10,2
714432,11,151
714432,12,415
714432,13,176
714432,14,174
714432,16,55
714432,17,5
714434,1,15
714434,2,26
714434,3,141
714434,4,14
714434,5,29
714434,6,12
714434,8,76
714434,9,24
714434,10,7
714434,11,70
714434,12,252
714434,13,121
714434,14,101
714434,16,38
714434,17,17
714436,1,12
714436,2,5
714436,3,59
714436,4,2
714436,5,13
714436,6,8
714436,8,20
714436,9,6
714436,10,1
714436,11,26
714436,12,77
714436,13,45
714436,14,29
714436,16,11
714436,17,2
714438,1,5
714438,2,39
714438,3,156
714438,4,11
714438,5,41
714438,6,9
714438,8,47
714438,9,19
714438,10,9
714438,11,78
714438,12,92
714438,13,232
714438,14,148
714438,16,62
714438,17,291
714440,1,2
714440,2,23
714440,3,103
714440,4,12
714440,5,37
714440,6,6
714440,8,20
714440,9,25
714440,10,6
714440,11,60
714440,12,84
714440,13,223
714440,14,109
714440,16,84
714440,17,332
714442,1,12
714442,2,2
714442,3,35
714442,4,2
714442,5,22
714442,6,3
714442,8,5
714442,9,6
714442,10,1
714442,11,1
714442,12,14
714442,13,2
714442,14,4
714442,16,7
714442,17,268
714444,1,1
714444,2,1
714444,3,108
714444,4,4
714444,5,11
714444,6,2
714444,8,3
714444,9,6
714444,10,0
714444,11,8
714444,12,23
714444,13,19
714444,14,3
714444,16,4
714444,17,205
714446,1,2
714446,2,3
714446,3,17
714446,4,1
714446,5,4
714446,6,2
714446,8,2
714446,9,5
714446,10,3
714446,11,3
714446,12,8
714446,13,3
714446,14,1
714446,16,4
714446,17,75
714448,1,4
714448,2,2
714448,3,23
714448,4,2
714448,5,22
714448,6,0
714448,8,4
714448,9,8
714448,10,1
714448,11,6
714448,12,22
714448,13,7
714448,14,3
714448,16,4
714448,17,156
714450,1,16
714450,2,11
714450,3,293
714450,4,11
714450,5,59
714450,6,9
714450,8,27
714450,9,19
714450,10,1
714450,11,20
714450,12,60
714450,13,81
714450,14,24
714450,16,42
714450,17,363
714452,1,10
714452,2,9
714452,3,244
714452,4,5
714452,5,49
714452,6,7
714452,8,17
714452,9,25
714452,10,4
714452,11,32
714452,12,48
714452,13,63
714452,14,17
714452,16,24
714452,17,392
714454,1,8
714454,2,6
714454,3,45
714454,4,4
714454,5,24
714454,6,2
714454,8,13
714454,9,5
714454,10,5
714454,11,19
714454,12,28
714454,13,25
714454,14,10
714454,16,10
714454,17,220
714456,1,4
714456,2,17
714456,3,79
714456,4,3
714456,5,25
714456,6,10
714456,8,15
714456,9,20
714456,10,4
714456,11,26
714456,12,73
714456,13,61
714456,14,27
714456,16,23
714456,17,123
714458,1,4
714458,2,11
714458,3,125
714458,4,11
714458,5,51
714458,6,8
714458,8,31
714458,9,20
714458,10,5
714458,11,26
714458,12,77
714458,13,81
714458,14,28
714458,16,27
714458,17,179
714460,1,3
714460,2,4
714460,3,53
714460,4,2
714460,5,24
714460,6,4
714460,8,12
714460,9,14
714460,10,0
714460,11,11
714460,12,57
714460,13,21
714460,14,17
714460,16,13
714460,17,176
714462,1,3
714462,2,0
714462,3,35
714462,4,1
714462,5,2
714462,6,3
714462,8,14
714462,9,0
714462,10,0
714462,11,30
714462,12,24
714462,13,18
714462,14,17
714462,16,4
714462,17,1
714464,1,4
714464,2,3
714464,3,85
714464,4,5
714464,5,2
714464,6,3
714464,8,16
714464,9,5
714464,10,1
714464,11,39
714464,12,48
714464,13,28
714464,14,28
714464,16,9
714464,17,2
714466,1,28
714466,2,49
714466,3,369
714466,4,20
714466,5,56
714466,6,38
714466,8,110
714466,9,51
714466,10,7
714466,11,327
714466,12,319
714466,13,352
714466,14,269
714466,16,88
714466,17,13
714468,1,14
714468,2,16
714468,3,216
714468,4,9
714468,5,24
714468,6,11
714468,8,41
714468,9,21
714468,10,6
714468,11,127
714468,12,142
714468,13,129
714468,14,94
714468,16,35
714468,17,3
714470,1,12
714470,2,23
714470,3,204
714470,4,15
714470,5,44
714470,6,27
714470,8,52
714470,9,16
714470,10,1
714470,11,159
714470,12,165
714470,13,121
714470,14,75
714470,16,38
714470,17,7
714472,1,7
714472,2,2
714472,3,45
714472,4,6
714472,5,6
714472,6,7
714472,8,16
714472,9,2
714472,10,0
714472,11,31
714472,12,40
714472,13,19
714472,14,16
714472,16,2
714472,17,0
714474,1,8
714474,2,5
714474,3,115
714474,4,2
714474,5,6
714474,6,11
714474,8,19
714474,9,6
714474,10,4
714474,11,68
714474,12,66
714474,13,39
714474,14,59
714474,16,17
714474,17,0
714476,1,4
714476,2,3
714476,3,74
714476,4,1
714476,5,3
714476,6,6
714476,8,21
714476,9,11
714476,10,0
714476,11,23
714476,12,33
714476,13,24
714476,14,9
714476,16,3
714476,17,0
714478,1,1
714478,2,3
714478,3,23
714478,4,2
714478,5,6
714478,6,4
714478,8,15
714478,9,2
714478,10,0
714478,11,4
714478,12,5
714478,13,4
714478,14,6
714478,16,1
714478,17,1
714480,1,9
714480,2,2
714480,3,47
714480,4,2
714480,5,19
714480,6,10
714480,8,15
714480,9,10
714480,10,2
714480,11,12
714480,12,9
714480,13,4
714480,14,15
714480,16,3
714480,17,74
714482,1,8
714482,2,20
714482,3,250
714482,4,15
714482,5,24
714482,6,39
714482,8,71
714482,9,21
714482,10,16
714482,11,57
714482,12,137
714482,13,98
714482,14,56
714482,16,21
714482,17,0
714484,1,10
714484,2,18
714484,3,296
714484,4,11
714484,5,60
714484,6,31
714484,8,70
714484,9,52
714484,10,2
714484,11,98
714484,12,166
714484,13,100
714484,14,84
714484,16,31
714484,17,10
714486,1,12
714486,2,15
714486,3,127
714486,4,5
714486,5,38
714486,6,15
714486,8,39
714486,9,28
714486,10,10
714486,11,44
714486,12,67
714486,13,57
714486,14,43
714486,16,13
714486,17,3
714488,1,11
714488,2,12
714488,3,228
714488,4,4
714488,5,22
714488,6,20
714488,8,57
714488,9,23
714488,10,4
714488,11,61
714488,12,91
714488,13,81
714488,14,69
714488,16,28
714488,17,11
714490,1,0
714490,2,3
714490,3,44
714490,4,10
714490,5,4
714490,6,3
714490,8,49
714490,9,2
714490,10,1
714490,11,17
714490,12,18
714490,13,7
714490,14,5
714490,16,6
714490,17,0
714492,1,11
714492,2,4
714492,3,142
714492,4,11
714492,5,35
714492,6,4
714492,8,60
714492,9,18
714492,10,0
714492,11,39
714492,12,20
714492,13,27
714492,14,17
714492,16,10
714492,17,9
714494,1,4
714494,2,6
714494,3,108
714494,4,5
714494,5,4
714494,6,1
714494,8,61
714494,9,0
714494,10,3
714494,11,20
714494,12,19
714494,13,30
714494,14,2
714494,16,7
714494,17,0
714496,1,24
714496,2,17
714496,3,197
714496,4,11
714496,5,21
714496,6,24
714496,8,68
714496,9,15
714496,10,2
714496,11,100
714496,12,211
714496,13,112
714496,14,45
714496,16,24
714496,17,0
714498,1,5
714498,2,5
714498,3,53
714498,4,2
714498,5,6
714498,6,8
714498,8,34
714498,9,7
714498,10,1
714498,11,34
714498,12,78
714498,13,41
714498,14,9
714498,16,6
714498,17,1
714500,1,19
714500,2,10
714500,3,160
714500,4,12
714500,5,9
714500,6,24
714500,8,46
714500,9,12
714500,10,2
714500,11,97
714500,12,220
714500,13,96
714500,14,29
714500,16,27
714500,17,1
714502,1,15
714502,2,4
714502,3,68
714502,4,2
714502,5,12
714502,6,11
714502,8,24
714502,9,5
714502,10,0
714502,11,83
714502,12,94
714502,13,40
714502,14,11
714502,16,9
714502,17,0
714504,1,36
714504,2,12
714504,3,170
714504,4,14
714504,5,14
714504,6,19
714504,8,66
714504,9,8
714504,10,1
714504,11,124
714504,12,228
714504,13,89
714504,14,29
714504,16,25
714504,17,0
714506,1,14
714506,2,7
714506,3,81
714506,4,5
714506,5,5
714506,6,13
714506,8,45
714506,9,4
714506,10,2
714506,11,36
714506,12,73
714506,13,39
714506,14,16
714506,16,5
714506,17,0
714508,1,6
714508,2,4
714508,3,73
714508,4,2
714508,5,8
714508,6,16
714508,8,19
714508,9,11
714508,10,0
714508,11,63
714508,12,114
714508,13,33
714508,14,19
714508,16,12
714508,17,0
714510,1,7
714510,2,3
714510,3,48
714510,4,5
714510,5,3
714510,6,2
714510,8,32
714510,9,8
714510,10,0
714510,11,18
714510,12,56
714510,13,10
714510,14,1
714510,16,1
714510,17,0
714512,1,5
714512,2,3
714512,3,52
714512,4,5
714512,5,4
714512,6,5
714512,8,27
714512,9,1
714512,10,0
714512,11,9
714512,12,40
714512,13,4
714512,14,6
714512,16,0
714512,17,0
714514,1,18
714514,2,10
714514,3,186
714514,4,10
714514,5,10
714514,6,10
714514,8,99
714514,9,15
714514,10,4
714514,11,64
714514,12,210
714514,13,61
714514,14,26
714514,16,18
714514,17,0
714516,1,17
714516,2,20
714516,3,172
714516,4,13
714516,5,91
714516,6,21
714516,8,38
714516,9,20
714516,10,3
714516,11,80
714516,12,137
714516,13,85
714516,14,105
714516,16,20
714516,17,183
714518,1,17
714518,2,17
714518,3,212
714518,4,8
714518,5,47
714518,6,14
714518,8,51
714518,9,40
714518,10,5
714518,11,67
714518,12,158
714518,13,99
714518,14,189
714518,16,29
714518,17,108
714520,1,0
714520,2,3
714520,3,7
714520,4,2
714520,5,7
714520,6,1
714520,8,3
714520,9,0
714520,10,0
714520,11,2
714520,12,11
714520,13,7
714520,14,57
714520,16,1
714520,17,50
714522,1,7
714522,2,12
714522,3,153
714522,4,9
714522,5,23
714522,6,11
714522,8,20
714522,9,12
714522,10,2
714522,11,52
714522,12,63
714522,13,79
714522,14,73
714522,16,30
714522,17,246
714524,1,3
714524,2,15
714524,3,34
714524,4,5
714524,5,9
714524,6,4
714524,8,5
714524,9,5
714524,10,2
714524,11,28
714524,12,42
714524,13,67
714524,14,67
714524,16,21
714524,17,72
714526,1,12
714526,2,25
714526,3,172
714526,4,18
714526,5,76
714526,6,20
714526,8,46
714526,9,31
714526,10,11
714526,11,54
714526,12,154
714526,13,136
714526,14,165
714526,16,38
714526,17,178
714528,1,16
714528,2,25
714528,3,383
714528,4,20
714528,5,47
714528,6,24
714528,8,58
714528,9,25
714528,10,14
714528,11,98
714528,12,130
714528,13,210
714528,14,180
714528,16,56
714528,17,82
714530,1,7
714530,2,10
714530,3,96
714530,4,6
714530,5,16
714530,6,3
714530,8,18
714530,9,10
714530,10,5
714530,11,19
714530,12,32
714530,13,61
714530,14,50
714530,16,11
714530,17,50
714532,1,1
714532,2,0
714532,3,37
714532,4,1
714532,5,1
714532,6,4
714532,8,2
714532,9,2
714532,10,1
714532,11,14
714532,12,12
714532,13,11
714532,14,15
714532,16,1
714532,17,6
714534,1,3
714534,2,2
714534,3,24
714534,4,1
714534,5,7
714534,6,2
714534,8,7
714534,9,6
714534,10,2
714534,11,11
714534,12,14
714534,13,26
714534,14,23
714534,16,10
714534,17,16
714536,1,2
714536,2,17
714536,3,100
714536,4,8
714536,5,15
714536,6,7
714536,8,27
714536,9,6
714536,10,2
714536,11,52
714536,12,57
714536,13,56
714536,14,69
714536,16,12
714536,17,57
714538,1,26
714538,2,32
714538,3,277
714538,4,19
714538,5,21
714538,6,108
714538,8,92
714538,9,61
714538,10,9
714538,11,142
714538,12,164
714538,13,180
714538,14,63
714538,16,25
714538,17,1
714540,1,9
714540,2,27
714540,3,135
714540,4,10
714540,5,12
714540,6,45
714540,8,50
714540,9,22
714540,10,1
714540,11,90
714540,12,85
714540,13,113
714540,14,44
714540,16,21
714540,17,3
714542,1,17
714542,2,33
714542,3,283
714542,4,14
714542,5,32
714542,6,110
714542,8,74
714542,9,50
714542,10,3
714542,11,156
714542,12,155
714542,13,190
714542,14,66
714542,16,39
714542,17,6
714544,1,4
714544,2,22
714544,3,98
714544,4,6
714544,5,7
714544,6,40
714544,8,33
714544,9,10
714544,10,1
714544,11,44
714544,12,51
714544,13,71
714544,14,21
714544,16,8
714544,17,0
714546,1,5
714546,2,20
714546,3,110
714546,4,11
714546,5,9
714546,6,21
714546,8,46
714546,9,29
714546,10,1
714546,11,62
714546,12,42
714546,13,61
714546,14,24
714546,16,13
714546,17,1
714548,1,12
714548,2,9
714548,3,117
714548,4,3
714548,5,9
714548,6,26
714548,8,39
714548,9,12
714548,10,1
714548,11,95
714548,12,67
714548,13,57
714548,14,22
714548,16,20
714548,17,5
714550,1,4
714550,2,7
714550,3,55
714550,4,5
714550,5,0
714550,6,27
714550,8,17
714550,9,15
714550,10,2
714550,11,28
714550,12,42
714550,13,38
714550,14,9
714550,16,8
714550,17,1
714552,1,10
714552,2,13
714552,3,215
714552,4,6
714552,5,25
714552,6,13
714552,8,56
714552,9,13
714552,10,19
714552,11,107
714552,12,495
714552,13,216
714552,14,28
714552,16,26
714552,17,2
714554,1,3
714554,2,0
714554,3,42
714554,4,3
714554,5,4
714554,6,1
714554,8,10
714554,9,3
714554,10,33
714554,11,17
714554,12,112
714554,13,24
714554,14,7
714554,16,4
714554,17,1
714556,1,3
714556,2,8
714556,3,67
714556,4,8
714556,5,5
714556,6,14
714556,8,28
714556,9,4
714556,10,5
714556,11,18
714556,12,194
714556,13,66
714556,14,9
714556,16,12
714556,17,0
714558,1,5
714558,2,4
714558,3,35
714558,4,1
714558,5,1
714558,6,2
714558,8,16
714558,9,2
714558,10,4
714558,11,10
714558,12,182
714558,13,31
714558,14,3
714558,16,5
714558,17,0
714560,1,3
714560,2,1
714560,3,52
714560,4,2
714560,5,2
714560,6,3
714560,8,14
714560,9,5
714560,10,8
714560,11,10
714560,12,133
714560,13,45
714560,14,6
714560,16,4
714560,17,0
714562,1,2
714562,2,1
714562,3,54
714562,4,4
714562,5,12
714562,6,4
714562,8,31
714562,9,0
714562,10,0
714562,11,41
714562,12,209
714562,13,52
714562,14,2
714562,16,5
714562,17,1
714564,1,1
714564,2,4
714564,3,65
714564,4,3
714564,5,3
714564,6,0
714564,8,11
714564,9,2
714564,10,14
714564,11,20
714564,12,148
714564,13,48
714564,14,5
714564,16,3
714564,17,1
714566,1,3
714566,2,0
714566,3,19
714566,4,1
714566,5,5
714566,6,0
714566,8,2
714566,9,2
714566,10,3
714566,11,2
714566,12,52
714566,13,15
714566,14,2
714566,16,1
714566,17,0
714568,1,14
714568,2,20
714568,3,179
714568,4,6
714568,5,17
714568,6,10
714568,8,54
714568,9,19
714568,10,2
714568,11,154
714568,12,425
714568,13,135
714568,14,64
714568,16,31
714568,17,0
714570,1,6
714570,2,8
714570,3,124
714570,4,3
714570,5,11
714570,6,7
714570,8,27
714570,9,7
714570,10,2
714570,11,92
714570,12,272
714570,13,109
714570,14,25
714570,16,25
714570,17,0
714572,1,2
714572,2,0
714572,3,34
714572,4,2
714572,5,0
714572,6,3
714572,8,4
714572,9,1
714572,10,1
714572,11,16
714572,12,37
714572,13,6
714572,14,1
714572,16,4
714572,17,0
714574,1,2
714574,2,6
714574,3,47
714574,4,6
714574,5,6
714574,6,3
714574,8,18
714574,9,8
714574,10,0
714574,11,61
714574,12,147
714574,13,52
714574,14,25
714574,16,9
714574,17,0
714576,1,4
714576,2,2
714576,3,49
714576,4,5
714576,5,4
714576,6,3
714576,8,7
714576,9,2
714576,10,0
714576,11,59
714576,12,134
714576,13,33
714576,14,10
714576,16,5
714576,17,0
714578,1,3
714578,2,1
714578,3,40
714578,4,2
714578,5,1
714578,6,3
714578,8,10
714578,9,1
714578,10,1
714578,11,41
714578,12,102
714578,13,25
714578,14,7
714578,16,0
714578,17,0
714580,1,3
714580,2,2
714580,3,49
714580,4,0
714580,5,5
714580,6,2
714580,8,12
714580,9,3
714580,10,1
714580,11,23
714580,12,162
714580,13,17
714580,14,4
714580,16,3
714580,17,0
714582,1,9
714582,2,10
714582,3,156
714582,4,7
714582,5,18
714582,6,13
714582,8,46
714582,9,12
714582,10,1
714582,11,97
714582,12,248
714582,13,146
714582,14,31
714582,16,18
714582,17,1
714584,1,1
714584,2,2
714584,3,51
714584,4,10
714584,5,5
714584,6,3
714584,8,30
714584,9,0
714584,10,0
714584,11,30
714584,12,21
714584,13,46
714584,14,18
714584,16,6
714584,17,3
714586,1,0
714586,2,1
714586,3,0
714586,4,0
714586,5,0
714586,6,0
714586,8,0
714586,9,0
714586,10,0
714586,11,1
714586,12,0
714586,13,7
714586,14,4
714586,16,5
714586,17,0
714588,1,23
714588,2,22
714588,3,193
714588,4,14
714588,5,21
714588,6,5
714588,8,116
714588,9,18
714588,10,5
714588,11,116
714588,12,250
714588,13,122
714588,14,74
714588,16,32
714588,17,0
714590,1,14
714590,2,33
714590,3,142
714590,4,14
714590,5,16
714590,6,8
714590,8,92
714590,9,11
714590,10,4
714590,11,82
714590,12,135
714590,13,185
714590,14,74
714590,16,47
714590,17,1
714592,1,8
714592,2,16
714592,3,154
714592,4,14
714592,5,22
714592,6,17
714592,8,39
714592,9,6
714592,10,0
714592,11,147
714592,12,119
714592,13,65
714592,14,35
714592,16,29
714592,17,3
714594,1,5
714594,2,3
714594,3,95
714594,4,7
714594,5,11
714594,6,14
714594,8,24
714594,9,4
714594,10,0
714594,11,79
714594,12,44
714594,13,56
714594,14,17
714594,16,3
714594,17,0
714596,1,26
714596,2,15
714596,3,218
714596,4,19
714596,5,78
714596,6,9
714596,8,116
714596,9,34
714596,10,5
714596,11,89
714596,12,257
714596,13,145
714596,14,104
714596,16,27
714596,17,80
714598,1,17
714598,2,25
714598,3,227
714598,4,19
714598,5,75
714598,6,9
714598,8,126
714598,9,33
714598,10,1
714598,11,106
714598,12,258
714598,13,141
714598,14,110
714598,16,34
714598,17,92
714600,1,5
714600,2,5
714600,3,68
714600,4,7
714600,5,11
714600,6,14
714600,8,26
714600,9,5
714600,10,1
714600,11,71
714600,12,58
714600,13,16
714600,14,8
714600,16,17
714600,17,1
714602,1,6
714602,2,4
714602,3,69
714602,4,9
714602,5,8
714602,6,20
714602,8,22
714602,9,10
714602,10,1
714602,11,44
714602,12,69
714602,13,41
714602,14,10
714602,16,8
714602,17,0
714604,1,2
714604,2,3
714604,3,66
714604,4,5
714604,5,1
714604,6,4
714604,8,26
714604,9,8
714604,10,0
714604,11,14
714604,12,31
714604,13,33
714604,14,8
714604,16,4
714604,17,0
714606,1,3
714606,2,5
714606,3,61
714606,4,2
714606,5,2
714606,6,3
714606,8,34
714606,9,2
714606,10,0
714606,11,28
714606,12,39
714606,13,22
714606,14,2
714606,16,7
714606,17,0
714608,1,15
714608,2,10
714608,3,184
714608,4,7
714608,5,21
714608,6,10
714608,8,56
714608,9,23
714608,10,3
714608,11,65
714608,12,77
714608,13,49
714608,14,21
714608,16,9
714608,17,1
714610,1,6
714610,2,4
714610,3,61
714610,4,5
714610,5,14
714610,6,5
714610,8,27
714610,9,6
714610,10,0
714610,11,19
714610,12,32
714610,13,29
714610,14,18
714610,16,9
714610,17,0
714612,1,1
714612,2,2
714612,3,34
714612,4,1
714612,5,3
714612,6,2
714612,8,4
714612,9,7
714612,10,2
714612,11,12
714612,12,26
714612,13,20
714612,14,11
714612,16,4
714612,17,0
714614,1,3
714614,2,6
714614,3,104
714614,4,4
714614,5,3
714614,6,7
714614,8,27
714614,9,6
714614,10,1
714614,11,17
714614,12,25
714614,13,31
714614,14,6
714614,16,9
714614,17,0
714616,1,12
714616,2,3
714616,3,104
714616,4,8
714616,5,14
714616,6,9
714616,8,40
714616,9,24
714616,10,0
714616,11,35
714616,12,61
714616,13,19
714616,14,11
714616,16,13
714616,17,0
714618,1,7
714618,2,5
714618,3,107
714618,4,6
714618,5,4
714618,6,15
714618,8,38
714618,9,12
714618,10,1
714618,11,23
714618,12,59
714618,13,29
714618,14,8
714618,16,8
714618,17,2
714620,1,21
714620,2,25
714620,3,281
714620,4,10
714620,5,24
714620,6,11
714620,8,50
714620,9,50
714620,10,3
714620,11,65
714620,12,151
714620,13,159
714620,14,53
714620,16,28
714620,17,2
714622,1,4
714622,2,1
714622,3,33
714622,4,3
714622,5,4
714622,6,3
714622,8,16
714622,9,9
714622,10,0
714622,11,4
714622,12,33
714622,13,14
714622,14,13
714622,16,2
714622,17,0
714624,1,0
714624,2,0
714624,3,62
714624,4,1
714624,5,3
714624,6,1
714624,8,7
714624,9,5
714624,10,0
714624,11,6
714624,12,19
714624,13,20
714624,14,2
714624,16,0
714624,17,0
714626,1,2
714626,2,0
714626,3,14
714626,4,0
714626,5,0
714626,6,3
714626,8,7
714626,9,0
714626,10,34
714626,11,2
714626,12,10
714626,13,8
714626,14,2
714626,16,2
714626,17,2
714628,1,2
714628,2,0
714628,3,36
714628,4,4
714628,5,0
714628,6,5
714628,8,15
714628,9,2
714628,10,1
714628,11,19
714628,12,33
714628,13,10
714628,14,1
714628,16,2
714628,17,0
714630,1,3
714630,2,1
714630,3,47
714630,4,0
714630,5,4
714630,6,6
714630,8,4
714630,9,2
714630,10,0
714630,11,11
714630,12,29
714630,13,6
714630,14,3
714630,16,4
714630,17,0
714632,1,9
714632,2,13
714632,3,89
714632,4,8
714632,5,8
714632,6,20
714632,8,52
714632,9,10
714632,10,0
714632,11,67
714632,12,139
714632,13,70
714632,14,57
714632,16,21
714632,17,0
714634,1,4
714634,2,1
714634,3,18
714634,4,0
714634,5,0
714634,6,2
714634,8,13
714634,9,2
714634,10,0
714634,11,17
714634,12,17
714634,13,14
714634,14,4
714634,16,3
714634,17,0
714636,1,16
714636,2,26
714636,3,184
714636,4,14
714636,5,28
714636,6,21
714636,8,95
714636,9,21
714636,10,0
714636,11,94
714636,12,240
714636,13,153
714636,14,54
714636,16,34
714636,17,1
714638,1,19
714638,2,14
714638,3,161
714638,4,10
714638,5,25
714638,6,30
714638,8,43
714638,9,12
714638,10,1
714638,11,82
714638,12,127
714638,13,96
714638,14,20
714638,16,8
714638,17,0
714640,1,1
714640,2,0
714640,3,52
714640,4,0
714640,5,1
714640,6,2
714640,8,13
714640,9,3
714640,10,1
714640,11,5
714640,12,19
714640,13,7
714640,14,0
714640,16,1
714640,17,0
714642,1,0
714642,2,4
714642,3,49
714642,4,0
714642,5,3
714642,6,5
714642,8,5
714642,9,2
714642,10,2
714642,11,8
714642,12,39
714642,13,7
714642,14,7
714642,16,0
714642,17,0
714644,1,0
714644,2,0
714644,3,24
714644,4,1
714644,5,1
714644,6,0
714644,8,6
714644,9,3
714644,10,0
714644,11,12
714644,12,12
714644,13,13
714644,14,3
714644,16,2
714644,17,0
714646,1,16
714646,2,94
714646,3,331
714646,4,52
714646,5,44
714646,6,35
714646,8,176
714646,9,22
714646,10,3
714646,11,189
714646,12,271
714646,13,448
714646,14,152
714646,16,79
714646,17,1
714648,1,7
714648,2,19
714648,3,133
714648,4,5
714648,5,21
714648,6,9
714648,8,53
714648,9,4
714648,10,3
714648,11,77
714648,12,151
714648,13,74
714648,14,45
714648,16,22
714648,17,0
714650,1,14
714650,2,34
714650,3,220
714650,4,25
714650,5,17
714650,6,7
714650,8,103
714650,9,20
714650,10,6
714650,11,110
714650,12,216
714650,13,149
714650,14,61
714650,16,35
714650,17,0
714652,1,10
714652,2,54
714652,3,155
714652,4,23
714652,5,57
714652,6,7
714652,8,57
714652,9,31
714652,10,14
714652,11,63
714652,12,77
714652,13,298
714652,14,109
714652,16,94
714652,17,62
714654,1,19
714654,2,38
714654,3,218
714654,4,18
714654,5,32
714654,6,15
714654,8,63
714654,9,14
714654,10,0
714654,11,103
714654,12,174
714654,13,173
714654,14,78
714654,16,56
714654,17,2
714656,1,34
714656,2,53
714656,3,249
714656,4,38
714656,5,28
714656,6,22
714656,8,102
714656,9,33
714656,10,3
714656,11,153
714656,12,227
714656,13,262
714656,14,122
714656,16,67
714656,17,3
714658,1,3
714658,2,0
714658,3,10
714658,4,1
714658,5,5
714658,6,1
714658,8,1
714658,9,10
714658,10,1
714658,11,3
714658,12,11
714658,13,0
714658,14,0
714658,16,5
714658,17,147
714660,1,3
714660,2,1
714660,3,67
714660,4,2
714660,5,6
714660,6,2
714660,8,21
714660,9,2
714660,10,76
714660,11,10
714660,12,21
714660,13,18
714660,14,6
714660,16,7
714660,17,11
714662,1,1
714662,2,1
714662,3,42
714662,4,1
714662,5,1
714662,6,3
714662,8,18
714662,9,1
714662,10,1
714662,11,6
714662,12,41
714662,13,6
714662,14,3
714662,16,3
714662,17,1
714664,1,4
714664,2,2
714664,3,43
714664,4,4
714664,5,2
714664,6,2
714664,8,26
714664,9,2
714664,10,0
714664,11,17
714664,12,68
714664,13,19
714664,14,9
714664,16,8
714664,17,0
714666,1,1
714666,2,0
714666,3,57
714666,4,3
714666,5,3
714666,6,2
714666,8,15
714666,9,4
714666,10,0
714666,11,8
714666,12,115
714666,13,19
714666,14,15
714666,16,5
714666,17,0
714668,1,2
714668,2,2
714668,3,21
714668,4,0
714668,5,3
714668,6,6
714668,8,22
714668,9,8
714668,10,1
714668,11,7
714668,12,56
714668,13,15
714668,14,3
714668,16,2
714668,17,0
714670,1,10
714670,2,4
714670,3,156
714670,4,5
714670,5,4
714670,6,13
714670,8,95
714670,9,6
714670,10,1
714670,11,57
714670,12,221
714670,13,31
714670,14,13
714670,16,12
714670,17,1
714672,1,6
714672,2,3
714672,3,121
714672,4,1
714672,5,8
714672,6,5
714672,8,30
714672,9,9
714672,10,1
714672,11,42
714672,12,59
714672,13,34
714672,14,25
714672,16,6
714672,17,0
714674,1,5
714674,2,0
714674,3,49
714674,4,8
714674,5,5
714674,6,4
714674,8,40
714674,9,7
714674,10,1
714674,11,14
714674,12,48
714674,13,20
714674,14,7
714674,16,6
714674,17,1
714676,1,12
714676,2,156
714676,3,287
714676,4,48
714676,5,66
714676,6,19
714676,8,98
714676,9,33
714676,10,18
714676,11,173
714676,12,187
714676,13,759
714676,14,245
714676,16,210
714676,17,40
714678,1,17
714678,2,47
714678,3,190
714678,4,31
714678,5,29
714678,6,24
714678,8,91
714678,9,28
714678,10,4
714678,11,112
714678,12,172
714678,13,292
714678,14,86
714678,16,56
714678,17,5
714680,1,2
714680,2,0
714680,3,15
714680,4,0
714680,5,9
714680,6,0
714680,8,1
714680,9,3
714680,10,0
714680,11,3
714680,12,9
714680,13,5
714680,14,0
714680,16,3
714680,17,283
714682,1,26
714682,2,29
714682,3,175
714682,4,18
714682,5,21
714682,6,13
714682,8,68
714682,9,23
714682,10,2
714682,11,106
714682,12,158
714682,13,165
714682,14,73
714682,16,35
714682,17,2
714684,1,12
714684,2,36
714684,3,175
714684,4,24
714684,5,25
714684,6,14
714684,8,88
714684,9,20
714684,10,2
714684,11,75
714684,12,155
714684,13,212
714684,14,71
714684,16,53
714684,17,4
714686,1,25
714686,2,61
714686,3,323
714686,4,31
714686,5,45
714686,6,23
714686,8,108
714686,9,31
714686,10,1
714686,11,152
714686,12,266
714686,13,270
714686,14,112
714686,16,69
714686,17,5
714688,1,2
714688,2,0
714688,3,26
714688,4,3
714688,5,4
714688,6,0
714688,8,42
714688,9,1
714688,10,1
714688,11,23
714688,12,10
714688,13,13
714688,14,17
714688,16,4
714688,17,0
714690,1,7
714690,2,3
714690,3,58
714690,4,3
714690,5,96
714690,6,4
714690,8,8
714690,9,11
714690,10,3
714690,11,14
714690,12,37
714690,13,6
714690,14,8
714690,16,9
714690,17,687
714692,1,7
714692,2,50
714692,3,80
714692,4,76
714692,5,9
714692,6,0
714692,8,54
714692,9,6
714692,10,8
714692,11,69
714692,12,36
714692,13,764
714692,14,182
714692,16,221
714692,17,6
714694,1,8
714694,2,2
714694,3,52
714694,4,9
714694,5,3
714694,6,0
714694,8,26
714694,9,2
714694,10,0
714694,11,6
714694,12,18
714694,13,12
714694,14,2
714694,16,2
714694,17,0
714696,1,8
714696,2,5
714696,3,182
714696,4,16
714696,5,17
714696,6,3
714696,8,87
714696,9,10
714696,10,0
714696,11,62
714696,12,139
714696,13,61
714696,14,28
714696,16,13
714696,17,2
714698,1,4
714698,2,4
714698,3,53
714698,4,1
714698,5,1
714698,6,5
714698,8,18
714698,9,4
714698,10,0
714698,11,14
714698,12,30
714698,13,19
714698,14,3
714698,16,1
714698,17,0
714700,1,5
714700,2,3
714700,3,101
714700,4,7
714700,5,4
714700,6,5
714700,8,101
714700,9,2
714700,10,0
714700,11,19
714700,12,73
714700,13,19
714700,14,15
714700,16,3
714700,17,0
714702,1,7
714702,2,1
714702,3,25
714702,4,2
714702,5,1
714702,6,5
714702,8,3
714702,9,5
714702,10,1
714702,11,19
714702,12,15
714702,13,6
714702,14,2
714702,16,0
714702,17,0
714704,1,0
714704,2,0
714704,3,57
714704,4,9
714704,5,1
714704,6,6
714704,8,55
714704,9,16
714704,10,1
714704,11,7
714704,12,54
714704,13,17
714704,14,4
714704,16,1
714704,17,0
714706,1,3
714706,2,2
714706,3,41
714706,4,5
714706,5,4
714706,6,1
714706,8,22
714706,9,11
714706,10,0
714706,11,7
714706,12,32
714706,13,7
714706,14,3
714706,16,3
714706,17,0
714708,1,4
714708,2,2
714708,3,76
714708,4,5
714708,5,5
714708,6,3
714708,8,17
714708,9,11
714708,10,1
714708,11,21
714708,12,51
714708,13,31
714708,14,18
714708,16,4
714708,17,0
714710,1,39
714710,2,22
714710,3,362
714710,4,29
714710,5,39
714710,6,22
714710,8,77
714710,9,28
714710,10,2
714710,11,132
714710,12,275
714710,13,203
714710,14,95
714710,16,28
714710,17,1
714712,1,3
714712,2,1
714712,3,28
714712,4,3
714712,5,7
714712,6,4
714712,8,43
714712,9,2
714712,10,0
714712,11,22
714712,12,34
714712,13,28
714712,14,22
714712,16,6
714712,17,0
714714,1,9
714714,2,17
714714,3,86
714714,4,8
714714,5,8
714714,6,8
714714,8,45
714714,9,6
714714,10,3
714714,11,98
714714,12,40
714714,13,48
714714,14,27
714714,16,9
714714,17,2
714716,1,2
714716,2,4
714716,3,76
714716,4,3
714716,5,4
714716,6,0
714716,8,19
714716,9,3
714716,10,1
714716,11,13
714716,12,41
714716,13,23
714716,14,10
714716,16,3
714716,17,1
714718,1,9
714718,2,14
714718,3,135
714718,4,9
714718,5,5
714718,6,12
714718,8,35
714718,9,13
714718,10,9
714718,11,64
714718,12,78
714718,13,103
714718,14,45
714718,16,16
714718,17,1
714720,1,0
714720,2,1
714720,3,60
714720,4,2
714720,5,6
714720,6,33
714720,8,17
714720,9,9
714720,10,4
714720,11,15
714720,12,18
714720,13,24
714720,14,4
714720,16,5
714720,17,0
714722,1,7
714722,2,3
714722,3,43
714722,4,7
714722,5,40
714722,6,20
714722,8,45
714722,9,13
714722,10,8
714722,11,24
714722,12,20
714722,13,16
714722,14,41
714722,16,7
714722,17,39
714724,1,5
714724,2,7
714724,3,41
714724,4,0
714724,5,7
714724,6,147
714724,8,9
714724,9,3
714724,10,1
714724,11,47
714724,12,31
714724,13,15
714724,14,2
714724,16,9
714724,17,1
714726,1,1
714726,2,0
714726,3,32
714726,4,1
714726,5,19
714726,6,2
714726,8,1
714726,9,3
714726,10,2
714726,11,1
714726,12,4
714726,13,2
714726,14,1
714726,16,2
714726,17,72
714728,1,0
714728,2,0
714728,3,3
714728,4,2
714728,5,5
714728,6,3
714728,8,1
714728,9,2
714728,10,1
714728,11,4
714728,12,13
714728,13,1
714728,14,0
714728,16,1
714728,17,81
714730,1,8
714730,2,10
714730,3,75
714730,4,4
714730,5,52
714730,6,10
714730,8,20
714730,9,24
714730,10,10
714730,11,25
714730,12,57
714730,13,39
714730,14,17
714730,16,33
714730,17,337
714732,1,10
714732,2,16
714732,3,130
714732,4,10
714732,5,18
714732,6,11
714732,8,36
714732,9,2
714732,10,2
714732,11,94
714732,12,66
714732,13,68
714732,14,54
714732,16,12
714732,17,4
714734,1,2
714734,2,7
714734,3,107
714734,4,10
714734,5,8
714734,6,6
714734,8,12
714734,9,6
714734,10,6
714734,11,35
714734,12,56
714734,13,24
714734,14,74
714734,16,9
714734,17,7
714736,1,8
714736,2,55
714736,3,237
714736,4,11
714736,5,19
714736,6,20
714736,8,46
714736,9,27
714736,10,8
714736,11,89
714736,12,111
714736,13,159
714736,14,161
714736,16,44
714736,17,85
714738,1,9
714738,2,9
714738,3,85
714738,4,1
714738,5,8
714738,6,10
714738,8,17
714738,9,6
714738,10,2
714738,11,12
714738,12,51
714738,13,14
714738,14,6
714738,16,4
714738,17,0
714740,1,23
714740,2,19
714740,3,201
714740,4,6
714740,5,11
714740,6,10
714740,8,78
714740,9,19
714740,10,3
714740,11,59
714740,12,186
714740,13,78
714740,14,52
714740,16,16
714740,17,3
714742,1,9
714742,2,1
714742,3,79
714742,4,1
714742,5,3
714742,6,4
714742,8,28
714742,9,5
714742,10,3
714742,11,17
714742,12,40
714742,13,39
714742,14,7
714742,16,9
714742,17,0
714744,1,11
714744,2,7
714744,3,121
714744,4,12
714744,5,14
714744,6,24
714744,8,36
714744,9,10
714744,10,1
714744,11,80
714744,12,93
714744,13,54
714744,14,11
714744,16,16
714744,17,1
714746,1,3
714746,2,2
714746,3,55
714746,4,2
714746,5,4
714746,6,5
714746,8,25
714746,9,4
714746,10,1
714746,11,22
714746,12,31
714746,13,23
714746,14,8
714746,16,4
714746,17,0
714748,1,6
714748,2,7
714748,3,94
714748,4,6
714748,5,9
714748,6,4
714748,8,16
714748,9,6
714748,10,1
714748,11,158
714748,12,93
714748,13,54
714748,14,26
714748,16,16
714748,17,0
714750,1,7
714750,2,56
714750,3,90
714750,4,46
714750,5,30
714750,6,7
714750,8,26
714750,9,21
714750,10,12
714750,11,39
714750,12,53
714750,13,444
714750,14,157
714750,16,177
714750,17,49
714752,1,13
714752,2,53
714752,3,107
714752,4,37
714752,5,18
714752,6,12
714752,8,78
714752,9,16
714752,10,3
714752,11,82
714752,12,123
714752,13,324
714752,14,109
714752,16,60
714752,17,1
714754,1,41
714754,2,63
714754,3,253
714754,4,39
714754,5,40
714754,6,21
714754,8,122
714754,9,25
714754,10,9
714754,11,206
714754,12,261
714754,13,366
714754,14,141
714754,16,87
714754,17,11
714756,1,20
714756,2,25
714756,3,227
714756,4,15
714756,5,75
714756,6,11
714756,8,108
714756,9,36
714756,10,6
714756,11,76
714756,12,295
714756,13,158
714756,14,107
714756,16,45
714756,17,159
714758,1,22
714758,2,63
714758,3,373
714758,4,30
714758,5,50
714758,6,12
714758,8,171
714758,9,41
714758,10,4
714758,11,191
714758,12,368
714758,13,470
714758,14,218
714758,16,54
714758,17,1
714760,1,0
714760,2,4
714760,3,46
714760,4,2
714760,5,4
714760,6,1
714760,8,17
714760,9,6
714760,10,0
714760,11,8
714760,12,16
714760,13,11
714760,14,5
714760,16,3
714760,17,0
714762,1,8
714762,2,22
714762,3,102
714762,4,4
714762,5,11
714762,6,5
714762,8,65
714762,9,4
714762,10,1
714762,11,43
714762,12,68
714762,13,52
714762,14,14
714762,16,15
714762,17,1
714764,1,18
714764,2,6
714764,3,108
714764,4,4
714764,5,9
714764,6,8
714764,8,23
714764,9,9
714764,10,3
714764,11,40
714764,12,195
714764,13,49
714764,14,18
714764,16,9
714764,17,3
714766,1,1
714766,2,2
714766,3,12
714766,4,3
714766,5,0
714766,6,2
714766,8,39
714766,9,2
714766,10,3
714766,11,11
714766,12,61
714766,13,21
714766,14,3
714766,16,1
714766,17,0
714768,1,2
714768,2,1
714768,3,13
714768,4,1
714768,5,10
714768,6,1
714768,8,2
714768,9,3
714768,10,0
714768,11,3
714768,12,15
714768,13,7
714768,14,5
714768,16,1
714768,17,77
714770,1,14
714770,2,20
714770,3,312
714770,4,16
714770,5,22
714770,6,22
714770,8,77
714770,9,17
714770,10,1
714770,11,86
714770,12,163
714770,13,156
714770,14,83
714770,16,16
714770,17,0
714772,1,3
714772,2,9
714772,3,79
714772,4,6
714772,5,18
714772,6,10
714772,8,14
714772,9,12
714772,10,1
714772,11,39
714772,12,51
714772,13,41
714772,14,28
714772,16,6
714772,17,0
714774,1,1
714774,2,0
714774,3,37
714774,4,2
714774,5,3
714774,6,1
714774,8,18
714774,9,4
714774,10,0
714774,11,11
714774,12,26
714774,13,9
714774,14,0
714774,16,3
714774,17,0
714776,1,90
714776,2,52
714776,3,229
714776,4,33
714776,5,109
714776,6,53
714776,8,154
714776,9,93
714776,10,19
714776,11,98
714776,12,321
714776,13,498
714776,14,121
714776,16,147
714776,17,4
714778,1,0
714778,2,1
714778,3,0
714778,4,1
714778,5,0
714778,6,0
714778,8,0
714778,9,0
714778,10,0
714778,11,1
714778,12,0
714778,13,5
714778,14,3
714778,16,1
714778,17,0
714780,1,1
714780,2,0
714780,3,2
714780,4,0
714780,5,0
714780,6,0
714780,8,2
714780,9,0
714780,10,0
714780,11,7
714780,12,3
714780,13,5
714780,14,4
714780,16,1
714780,17,1
714782,1,5
714782,2,8
714782,3,86
714782,4,3
714782,5,9
714782,6,4
714782,8,37
714782,9,4
714782,10,2
714782,11,31
714782,12,99
714782,13,21
714782,14,14
714782,16,3
714782,17,0
714784,1,3
714784,2,11
714784,3,20
714784,4,28
714784,5,3
714784,6,1
714784,8,10
714784,9,1
714784,10,3
714784,11,8
714784,12,3
714784,13,121
714784,14,32
714784,16,55
714784,17,0
714786,1,0
714786,2,1
714786,3,3
714786,4,0
714786,5,1
714786,6,1
714786,8,1
714786,9,0
714786,10,0
714786,11,0
714786,12,1
714786,13,5
714786,14,4
714786,16,2
714786,17,0
714788,1,0
714788,2,0
714788,3,1
714788,4,0
714788,5,9
714788,6,0
714788,8,0
714788,9,5
714788,10,0
714788,11,4
714788,12,4
714788,13,5
714788,14,2
714788,16,1
714788,17,3
714790,1,1
714790,2,3
714790,3,3
714790,4,5
714790,5,1
714790,6,0
714790,8,1
714790,9,0
714790,10,0
714790,11,3
714790,12,0
714790,13,45
714790,14,16
714790,16,18
714790,17,0
714792,1,0
714792,2,1
714792,3,5
714792,4,3
714792,5,0
714792,6,0
714792,8,4
714792,9,2
714792,10,1
714792,11,1
714792,12,1
714792,13,2
714792,14,3
714792,16,5
714792,17,0
714794,1,1
714794,2,6
714794,3,13
714794,4,6
714794,5,2
714794,6,0
714794,8,7
714794,9,4
714794,10,3
714794,11,7
714794,12,6
714794,13,87
714794,14,16
714794,16,25
714794,17,1
714796,1,0
714796,2,2
714796,3,1
714796,4,1
714796,5,1
714796,6,0
714796,8,2
714796,9,0
714796,10,0
714796,11,1
714796,12,2
714796,13,17
714796,14,7
714796,16,5
714796,17,0
714798,1,1
714798,2,20
714798,3,30
714798,4,28
714798,5,4
714798,6,0
714798,8,27
714798,9,3
714798,10,5
714798,11,13
714798,12,13
714798,13,186
714798,14,41
714798,16,73
714798,17,4
714800,1,18
714800,2,24
714800,3,46
714800,4,30
714800,5,15
714800,6,1
714800,8,49
714800,9,10
714800,10,7
714800,11,25
714800,12,54
714800,13,377
714800,14,71
714800,16,110
714800,17,6
714802,1,0
714802,2,6
714802,3,15
714802,4,5
714802,5,0
714802,6,0
714802,8,9
714802,9,2
714802,10,2
714802,11,8
714802,12,10
714802,13,104
714802,14,24
714802,16,33
714802,17,3
714804,1,0
714804,2,0
714804,3,1
714804,4,0
714804,5,0
714804,6,0
714804,8,0
714804,9,0
714804,10,0
714804,11,6
714804,12,2
714804,13,5
714804,14,0
714804,16,5
714804,17,1
714806,1,4
714806,2,8
714806,3,12
714806,4,3
714806,5,5
714806,6,1
714806,8,4
714806,9,1
714806,10,1
714806,11,6
714806,12,9
714806,13,48
714806,14,14
714806,16,23
714806,17,5
714808,1,0
714808,2,6
714808,3,8
714808,4,0
714808,5,0
714808,6,0
714808,8,4
714808,9,1
714808,10,0
714808,11,10
714808,12,3
714808,13,16
714808,14,4
714808,16,1
714808,17,0
714810,1,1
714810,2,11
714810,3,29
714810,4,8
714810,5,1
714810,6,0
714810,8,4
714810,9,2
714810,10,2
714810,11,16
714810,12,3
714810,13,65
714810,14,33
714810,16,46
714810,17,26
714812,1,0
714812,2,0
714812,3,2
714812,4,0
714812,5,0
714812,6,0
714812,8,0
714812,9,0
714812,10,0
714812,11,3
714812,12,2
714812,13,9
714812,14,2
714812,16,2
714812,17,0
714814,1,49
714814,2,86
714814,3,214
714814,4,63
714814,5,72
714814,6,36
714814,8,163
714814,9,66
714814,10,7
714814,11,94
714814,12,288
714814,13,865
714814,14,177
714814,16,187
714814,17,5
714816,1,4
714816,2,16
714816,3,48
714816,4,60
714816,5,11
714816,6,2
714816,8,25
714816,9,11
714816,10,8
714816,11,22
714816,12,16
714816,13,291
714816,14,60
714816,16,143
714816,17,6
714818,1,0
714818,2,2
714818,3,3
714818,4,3
714818,5,2
714818,6,0
714818,8,0
714818,9,0
714818,10,1
714818,11,3
714818,12,3
714818,13,11
714818,14,1
714818,16,1
714818,17,1
714820,1,18
714820,2,35
714820,3,87
714820,4,57
714820,5,16
714820,6,14
714820,8,60
714820,9,20
714820,10,9
714820,11,61
714820,12,80
714820,13,468
714820,14,126
714820,16,152
714820,17,3
714822,1,3
714822,2,3
714822,3,2
714822,4,0
714822,5,0
714822,6,0
714822,8,5
714822,9,1
714822,10,1
714822,11,9
714822,12,1
714822,13,38
714822,14,7
714822,16,6
714822,17,0
714824,1,31
714824,2,75
714824,3,161
714824,4,130
714824,5,40
714824,6,29
714824,8,62
714824,9,28
714824,10,9
714824,11,80
714824,12,119
714824,13,789
714824,14,187
714824,16,340
714824,17,7
714826,1,18
714826,2,48
714826,3,203
714826,4,27
714826,5,27
714826,6,20
714826,8,112
714826,9,23
714826,10,3
714826,11,123
714826,12,187
714826,13,298
714826,14,123
714826,16,58
714826,17,3
714828,1,12
714828,2,23
714828,3,116
714828,4,6
714828,5,15
714828,6,7
714828,8,76
714828,9,13
714828,10,1
714828,11,60
714828,12,127
714828,13,68
714828,14,51
714828,16,13
714828,17,0
714830,1,0
714830,2,0
714830,3,22
714830,4,2
714830,5,7
714830,6,3
714830,8,21
714830,9,4
714830,10,1
714830,11,40
714830,12,33
714830,13,7
714830,14,6
714830,16,2
714830,17,1
714832,1,0
714832,2,2
714832,3,32
714832,4,3
714832,5,2
714832,6,3
714832,8,28
714832,9,5
714832,10,0
714832,11,19
714832,12,47
714832,13,10
714832,14,6
714832,16,4
714832,17,0
714834,1,27
714834,2,51
714834,3,169
714834,4,37
714834,5,35
714834,6,23
714834,8,101
714834,9,37
714834,10,4
714834,11,108
714834,12,161
714834,13,329
714834,14,101
714834,16,54
714834,17,2
714836,1,25
714836,2,40
714836,3,217
714836,4,33
714836,5,57
714836,6,28
714836,8,113
714836,9,30
714836,10,3
714836,11,122
714836,12,166
714836,13,193
714836,14,63
714836,16,60
714836,17,13
714838,1,10
714838,2,5
714838,3,138
714838,4,4
714838,5,56
714838,6,7
714838,8,7
714838,9,15
714838,10,3
714838,11,14
714838,12,24
714838,13,14
714838,14,2
714838,16,4
714838,17,340
714840,1,2
714840,2,2
714840,3,33
714840,4,1
714840,5,3
714840,6,2
714840,8,6
714840,9,1
714840,10,0
714840,11,14
714840,12,12
714840,13,10
714840,14,22
714840,16,3
714840,17,0
714842,1,35
714842,2,21
714842,3,338
714842,4,24
714842,5,23
714842,6,44
714842,8,130
714842,9,35
714842,10,2
714842,11,169
714842,12,337
714842,13,147
714842,14,75
714842,16,37
714842,17,8
714844,1,4
714844,2,17
714844,3,88
714844,4,13
714844,5,9
714844,6,7
714844,8,40
714844,9,4
714844,10,0
714844,11,30
714844,12,80
714844,13,34
714844,14,13
714844,16,9
714844,17,0
714846,1,11
714846,2,3
714846,3,101
714846,4,3
714846,5,5
714846,6,7
714846,8,29
714846,9,11
714846,10,0
714846,11,31
714846,12,82
714846,13,20
714846,14,13
714846,16,10
714846,17,0
714848,1,3
714848,2,1
714848,3,14
714848,4,0
714848,5,3
714848,6,0
714848,8,7
714848,9,2
714848,10,0
714848,11,7
714848,12,19
714848,13,4
714848,14,11
714848,16,2
714848,17,0
714850,1,3
714850,2,1
714850,3,10
714850,4,0
714850,5,3
714850,6,0
714850,8,10
714850,9,8
714850,10,0
714850,11,7
714850,12,20
714850,13,2
714850,14,6
714850,16,3
714850,17,0
714852,1,9
714852,2,0
714852,3,79
714852,4,4
714852,5,4
714852,6,3
714852,8,14
714852,9,3
714852,10,1
714852,11,17
714852,12,83
714852,13,11
714852,14,73
714852,16,5
714852,17,0
714854,1,5
714854,2,10
714854,3,75
714854,4,2
714854,5,6
714854,6,3
714854,8,11
714854,9,4
714854,10,0
714854,11,17
714854,12,71
714854,13,20
714854,14,34
714854,16,2
714854,17,1
714856,1,11
714856,2,0
714856,3,51
714856,4,3
714856,5,5
714856,6,3
714856,8,17
714856,9,9
714856,10,0
714856,11,14
714856,12,35
714856,13,7
714856,14,26
714856,16,3
714856,17,1
714858,1,7
714858,2,6
714858,3,78
714858,4,3
714858,5,5
714858,6,1
714858,8,35
714858,9,4
714858,10,1
714858,11,35
714858,12,161
714858,13,43
714858,14,55
714858,16,5
714858,17,1
714860,1,6
714860,2,2
714860,3,46
714860,4,1
714860,5,2
714860,6,3
714860,8,12
714860,9,2
714860,10,0
714860,11,23
714860,12,58
714860,13,16
714860,14,23
714860,16,9
714860,17,0
714862,1,13
714862,2,8
714862,3,69
714862,4,3
714862,5,4
714862,6,5
714862,8,39
714862,9,6
714862,10,0
714862,11,23
714862,12,89
714862,13,14
714862,14,72
714862,16,3
714862,17,0
714864,1,3
714864,2,0
714864,3,61
714864,4,3
714864,5,5
714864,6,8
714864,8,17
714864,9,2
714864,10,0
714864,11,19
714864,12,72
714864,13,18
714864,14,106
714864,16,2
714864,17,0
714866,1,6
714866,2,0
714866,3,48
714866,4,1
714866,5,3
714866,6,2
714866,8,25
714866,9,2
714866,10,1
714866,11,6
714866,12,54
714866,13,14
714866,14,47
714866,16,0
714866,17,1
714868,1,8
714868,2,2
714868,3,163
714868,4,4
714868,5,4
714868,6,8
714868,8,15
714868,9,6
714868,10,2
714868,11,21
714868,12,49
714868,13,16
714868,14,19
714868,16,7
714868,17,0
714870,1,0
714870,2,0
714870,3,57
714870,4,6
714870,5,3
714870,6,18
714870,8,10
714870,9,5
714870,10,2
714870,11,5
714870,12,36
714870,13,8
714870,14,4
714870,16,4
714870,17,0
714872,1,2
714872,2,0
714872,3,41
714872,4,2
714872,5,4
714872,6,3
714872,8,8
714872,9,2
714872,10,0
714872,11,4
714872,12,17
714872,13,13
714872,14,5
714872,16,4
714872,17,0
714874,1,0
714874,2,2
714874,3,46
714874,4,1
714874,5,0
714874,6,1
714874,8,19
714874,9,1
714874,10,1
714874,11,6
714874,12,24
714874,13,13
714874,14,14
714874,16,3
714874,17,0
714876,1,15
714876,2,31
714876,3,616
714876,4,7
714876,5,19
714876,6,33
714876,8,90
714876,9,28
714876,10,10
714876,11,88
714876,12,228
714876,13,139
714876,14,67
714876,16,29
714876,17,3
714878,1,6
714878,2,17
714878,3,384
714878,4,3
714878,5,10
714878,6,14
714878,8,74
714878,9,12
714878,10,4
714878,11,43
714878,12,136
714878,13,98
714878,14,51
714878,16,19
714878,17,0
714880,1,4
714880,2,1
714880,3,47
714880,4,3
714880,5,2
714880,6,0
714880,8,12
714880,9,1
714880,10,0
714880,11,4
714880,12,24
714880,13,2
714880,14,0
714880,16,0
714880,17,0
714882,1,4
714882,2,2
714882,3,45
714882,4,2
714882,5,2
714882,6,3
714882,8,8
714882,9,3
714882,10,2
714882,11,4
714882,12,21
714882,13,7
714882,14,4
714882,16,1
714882,17,0
714884,1,2
714884,2,4
714884,3,64
714884,4,0
714884,5,4
714884,6,3
714884,8,6
714884,9,1
714884,10,0
714884,11,1
714884,12,30
714884,13,16
714884,14,4
714884,16,1
714884,17,0
714886,1,0
714886,2,0
714886,3,37
714886,4,2
714886,5,3
714886,6,0
714886,8,2
714886,9,2
714886,10,2
714886,11,0
714886,12,5
714886,13,1
714886,14,4
714886,16,0
714886,17,0
714888,1,9
714888,2,6
714888,3,138
714888,4,3
714888,5,5
714888,6,6
714888,8,32
714888,9,2
714888,10,1
714888,11,27
714888,12,69
714888,13,33
714888,14,20
714888,16,4
714888,17,0
714890,1,5
714890,2,4
714890,3,44
714890,4,3
714890,5,6
714890,6,2
714890,8,7
714890,9,4
714890,10,0
714890,11,5
714890,12,14
714890,13,7
714890,14,2
714890,16,0
714890,17,0
714892,1,2
714892,2,0
714892,3,45
714892,4,2
714892,5,4
714892,6,5
714892,8,16
714892,9,1
714892,10,1
714892,11,4
714892,12,26
714892,13,10
714892,14,3
714892,16,3
714892,17,0
714894,1,16
714894,2,13
714894,3,240
714894,4,22
714894,5,20
714894,6,10
714894,8,77
714894,9,25
714894,10,2
714894,11,69
714894,12,161
714894,13,122
714894,14,36
714894,16,15
714894,17,2
714896,1,0
714896,2,0
714896,3,40
714896,4,2
714896,5,1
714896,6,4
714896,8,13
714896,9,2
714896,10,0
714896,11,12
714896,12,19
714896,13,5
714896,14,3
714896,16,0
714896,17,1
714898,1,1
714898,2,1
714898,3,33
714898,4,0
714898,5,1
714898,6,10
714898,8,24
714898,9,0
714898,10,0
714898,11,14
714898,12,23
714898,13,19
714898,14,3
714898,16,3
714898,17,0
714900,1,2
714900,2,11
714900,3,69
714900,4,7
714900,5,2
714900,6,5
714900,8,36
714900,9,9
714900,10,0
714900,11,30
714900,12,34
714900,13,39
714900,14,21
714900,16,10
714900,17,0
714902,1,8
714902,2,7
714902,3,87
714902,4,7
714902,5,4
714902,6,1
714902,8,53
714902,9,6
714902,10,3
714902,11,27
714902,12,59
714902,13,35
714902,14,25
714902,16,13
714902,17,2
714904,1,1
714904,2,2
714904,3,63
714904,4,6
714904,5,7
714904,6,5
714904,8,36
714904,9,4
714904,10,0
714904,11,38
714904,12,56
714904,13,56
714904,14,28
714904,16,15
714904,17,3
714906,1,7
714906,2,40
714906,3,283
714906,4,21
714906,5,23
714906,6,16
714906,8,109
714906,9,26
714906,10,5
714906,11,151
714906,12,194
714906,13,244
714906,14,135
714906,16,53
714906,17,3
714908,1,3
714908,2,1
714908,3,69
714908,4,4
714908,5,2
714908,6,4
714908,8,26
714908,9,4
714908,10,1
714908,11,18
714908,12,32
714908,13,33
714908,14,10
714908,16,3
714908,17,0
714910,1,7
714910,2,12
714910,3,112
714910,4,9
714910,5,10
714910,6,6
714910,8,65
714910,9,18
714910,10,4
714910,11,55
714910,12,108
714910,13,103
714910,14,63
714910,16,7
714910,17,0
714912,1,20
714912,2,14
714912,3,263
714912,4,11
714912,5,16
714912,6,12
714912,8,25
714912,9,17
714912,10,7
714912,11,57
714912,12,121
714912,13,98
714912,14,17
714912,16,8
714912,17,0
714914,1,13
714914,2,20
714914,3,299
714914,4,12
714914,5,16
714914,6,14
714914,8,93
714914,9,25
714914,10,1
714914,11,137
714914,12,152
714914,13,224
714914,14,41
714914,16,26
714914,17,0
714916,1,18
714916,2,19
714916,3,232
714916,4,14
714916,5,21
714916,6,15
714916,8,56
714916,9,19
714916,10,0
714916,11,91
714916,12,140
714916,13,169
714916,14,32
714916,16,22
714916,17,0
714918,1,2
714918,2,7
714918,3,75
714918,4,2
714918,5,6
714918,6,4
714918,8,9
714918,9,1
714918,10,0
714918,11,34
714918,12,48
714918,13,24
714918,14,1
714918,16,3
714918,17,0
714920,1,1
714920,2,5
714920,3,57
714920,4,4
714920,5,3
714920,6,1
714920,8,9
714920,9,0
714920,10,0
714920,11,30
714920,12,50
714920,13,19
714920,14,9
714920,16,3
714920,17,0
714922,1,1
714922,2,1
714922,3,43
714922,4,1
714922,5,5
714922,6,1
714922,8,12
714922,9,2
714922,10,1
714922,11,7
714922,12,11
714922,13,6
714922,14,0
714922,16,1
714922,17,0
714924,1,5
714924,2,0
714924,3,27
714924,4,1
714924,5,1
714924,6,1
714924,8,2
714924,9,0
714924,10,0
714924,11,6
714924,12,7
714924,13,10
714924,14,0
714924,16,2
714924,17,0
714926,1,0
714926,2,5
714926,3,60
714926,4,1
714926,5,5
714926,6,6
714926,8,24
714926,9,3
714926,10,0
714926,11,14
714926,12,33
714926,13,36
714926,14,6
714926,16,3
714926,17,0
714928,1,12
714928,2,6
714928,3,99
714928,4,9
714928,5,10
714928,6,11
714928,8,32
714928,9,11
714928,10,1
714928,11,34
714928,12,59
714928,13,58
714928,14,11
714928,16,11
714928,17,0
714930,1,5
714930,2,1
714930,3,37
714930,4,0
714930,5,3
714930,6,1
714930,8,14
714930,9,2
714930,10,0
714930,11,31
714930,12,30
714930,13,9
714930,14,6
714930,16,6
714930,17,0
714932,1,2
714932,2,6
714932,3,36
714932,4,2
714932,5,2
714932,6,8
714932,8,8
714932,9,0
714932,10,1
714932,11,15
714932,12,26
714932,13,19
714932,14,1
714932,16,0
714932,17,0
714934,1,4
714934,2,12
714934,3,62
714934,4,2
714934,5,6
714934,6,7
714934,8,16
714934,9,6
714934,10,1
714934,11,19
714934,12,54
714934,13,34
714934,14,7
714934,16,6
714934,17,1
714936,1,19
714936,2,12
714936,3,160
714936,4,14
714936,5,13
714936,6,10
714936,8,55
714936,9,15
714936,10,7
714936,11,57
714936,12,217
714936,13,86
714936,14,58
714936,16,19
714936,17,1
714938,1,0
714938,2,6
714938,3,49
714938,4,1
714938,5,7
714938,6,3
714938,8,19
714938,9,13
714938,10,0
714938,11,20
714938,12,80
714938,13,30
714938,14,16
714938,16,4
714938,17,0
714940,1,11
714940,2,7
714940,3,104
714940,4,14
714940,5,11
714940,6,8
714940,8,84
714940,9,17
714940,10,1
714940,11,43
714940,12,100
714940,13,30
714940,14,27
714940,16,11
714940,17,1
714942,1,6
714942,2,6
714942,3,54
714942,4,6
714942,5,1
714942,6,6
714942,8,33
714942,9,5
714942,10,0
714942,11,13
714942,12,94
714942,13,21
714942,14,27
714942,16,11
714942,17,0
714944,1,12
714944,2,12
714944,3,114
714944,4,7
714944,5,8
714944,6,5
714944,8,39
714944,9,9
714944,10,2
714944,11,52
714944,12,82
714944,13,90
714944,14,50
714944,16,14
714944,17,2
714946,1,5
714946,2,3
714946,3,34
714946,4,5
714946,5,0
714946,6,1
714946,8,30
714946,9,1
714946,10,0
714946,11,17
714946,12,70
714946,13,27
714946,14,13
714946,16,0
714946,17,1
714948,1,4
714948,2,1
714948,3,71
714948,4,4
714948,5,9
714948,6,3
714948,8,28
714948,9,11
714948,10,1
714948,11,25
714948,12,135
714948,13,23
714948,14,27
714948,16,5
714948,17,0
714950,1,9
714950,2,7
714950,3,78
714950,4,8
714950,5,6
714950,6,4
714950,8,64
714950,9,15
714950,10,2
714950,11,22
714950,12,75
714950,13,38
714950,14,43
714950,16,8
714950,17,0
714952,1,22
714952,2,23
714952,3,186
714952,4,6
714952,5,14
714952,6,117
714952,8,38
714952,9,7
714952,10,1
714952,11,46
714952,12,98
714952,13,87
714952,14,28
714952,16,14
714952,17,2
714954,1,9
714954,2,0
714954,3,76
714954,4,1
714954,5,7
714954,6,10
714954,8,14
714954,9,5
714954,10,3
714954,11,22
714954,12,38
714954,13,23
714954,14,12
714954,16,1
714954,17,0
714956,1,3
714956,2,6
714956,3,21
714956,4,0
714956,5,4
714956,6,30
714956,8,6
714956,9,3
714956,10,1
714956,11,10
714956,12,17
714956,13,8
714956,14,1
714956,16,1
714956,17,0
714958,1,5
714958,2,1
714958,3,48
714958,4,5
714958,5,4
714958,6,5
714958,8,29
714958,9,10
714958,10,1
714958,11,22
714958,12,34
714958,13,11
714958,14,8
714958,16,1
714958,17,0
714960,1,9
714960,2,1
714960,3,107
714960,4,6
714960,5,12
714960,6,15
714960,8,27
714960,9,12
714960,10,0
714960,11,40
714960,12,41
714960,13,46
714960,14,24
714960,16,12
714960,17,0
714962,1,9
714962,2,10
714962,3,134
714962,4,1
714962,5,13
714962,6,35
714962,8,43
714962,9,15
714962,10,2
714962,11,24
714962,12,50
714962,13,45
714962,14,11
714962,16,8
714962,17,1
714964,1,6
714964,2,11
714964,3,108
714964,4,1
714964,5,9
714964,6,34
714964,8,12
714964,9,4
714964,10,3
714964,11,15
714964,12,37
714964,13,46
714964,14,3
714964,16,2
714964,17,2
714966,1,3
714966,2,5
714966,3,61
714966,4,3
714966,5,1
714966,6,20
714966,8,10
714966,9,12
714966,10,0
714966,11,4
714966,12,15
714966,13,16
714966,14,4
714966,16,2
714966,17,0
714968,1,5
714968,2,1
714968,3,81
714968,4,3
714968,5,4
714968,6,35
714968,8,6
714968,9,3
714968,10,0
714968,11,6
714968,12,30
714968,13,26
714968,14,2
714968,16,8
714968,17,1
714970,1,9
714970,2,11
714970,3,127
714970,4,3
714970,5,6
714970,6,44
714970,8,12
714970,9,9
714970,10,4
714970,11,19
714970,12,30
714970,13,38
714970,14,6
714970,16,5
714970,17,0
714972,1,11
714972,2,2
714972,3,89
714972,4,9
714972,5,7
714972,6,6
714972,8,35
714972,9,5
714972,10,0
714972,11,25
714972,12,61
714972,13,18
714972,14,26
714972,16,6
714972,17,1
714974,1,9
714974,2,1
714974,3,38
714974,4,4
714974,5,5
714974,6,5
714974,8,14
714974,9,1
714974,10,0
714974,11,13
714974,12,31
714974,13,6
714974,14,4
714974,16,1
714974,17,0
714976,1,5
714976,2,4
714976,3,72
714976,4,2
714976,5,11
714976,6,8
714976,8,16
714976,9,5
714976,10,2
714976,11,20
714976,12,34
714976,13,21
714976,14,10
714976,16,6
714976,17,0
714978,1,7
714978,2,2
714978,3,36
714978,4,5
714978,5,7
714978,6,2
714978,8,18
714978,9,4
714978,10,2
714978,11,20
714978,12,54
714978,13,13
714978,14,6
714978,16,3
714978,17,2
714980,1,9
714980,2,4
714980,3,46
714980,4,4
714980,5,7
714980,6,1
714980,8,23
714980,9,10
714980,10,0
714980,11,21
714980,12,28
714980,13,10
714980,14,14
714980,16,4
714980,17,1
714982,1,39
714982,2,26
714982,3,314
714982,4,23
714982,5,32
714982,6,28
714982,8,90
714982,9,32
714982,10,1
714982,11,102
714982,12,298
714982,13,116
714982,14,76
714982,16,27
714982,17,4
714984,1,1
714984,2,0
714984,3,43
714984,4,8
714984,5,0
714984,6,12
714984,8,21
714984,9,3
714984,10,0
714984,11,15
714984,12,50
714984,13,18
714984,14,4
714984,16,4
714984,17,0
714986,1,4
714986,2,2
714986,3,51
714986,4,0
714986,5,1
714986,6,9
714986,8,11
714986,9,5
714986,10,1
714986,11,25
714986,12,47
714986,13,14
714986,14,5
714986,16,3
714986,17,0
714988,1,0
714988,2,0
714988,3,14
714988,4,0
714988,5,0
714988,6,2
714988,8,3
714988,9,0
714988,10,0
714988,11,2
714988,12,17
714988,13,1
714988,14,1
714988,16,1
714988,17,2
714990,1,4
714990,2,2
714990,3,47
714990,4,5
714990,5,9
714990,6,0
714990,8,29
714990,9,1
714990,10,1
714990,11,13
714990,12,42
714990,13,13
714990,14,7
714990,16,2
714990,17,2
714992,1,4
714992,2,2
714992,3,31
714992,4,3
714992,5,3
714992,6,1
714992,8,12
714992,9,6
714992,10,0
714992,11,20
714992,12,36
714992,13,18
714992,14,3
714992,16,4
714992,17,0
714994,1,3
714994,2,2
714994,3,30
714994,4,0
714994,5,12
714994,6,4
714994,8,7
714994,9,2
714994,10,0
714994,11,14
714994,12,31
714994,13,3
714994,14,4
714994,16,4
714994,17,0
714996,1,2
714996,2,1
714996,3,39
714996,4,0
714996,5,1
714996,6,5
714996,8,7
714996,9,2
714996,10,0
714996,11,10
714996,12,13
714996,13,8
714996,14,6
714996,16,2
714996,17,0
714998,1,0
714998,2,4
714998,3,72
714998,4,7
714998,5,1
714998,6,9
714998,8,18
714998,9,3
714998,10,1
714998,11,30
714998,12,66
714998,13,16
714998,14,10
714998,16,15
714998,17,0
715000,1,3
715000,2,3
715000,3,44
715000,4,3
715000,5,4
715000,6,8
715000,8,10
715000,9,4
715000,10,0
715000,11,20
715000,12,29
715000,13,15
715000,14,8
715000,16,4
715000,17,0
715002,1,0
715002,2,0
715002,3,40
715002,4,1
715002,5,4
715002,6,0
715002,8,1
715002,9,0
715002,10,1
715002,11,6
715002,12,14
715002,13,9
715002,14,2
715002,16,3
715002,17,0
715004,1,7
715004,2,2
715004,3,35
715004,4,3
715004,5,2
715004,6,3
715004,8,55
715004,9,9
715004,10,1
715004,11,12
715004,12,47
715004,13,24
715004,14,6
715004,16,2
715004,17,0
715006,1,5
715006,2,5
715006,3,91
715006,4,13
715006,5,10
715006,6,5
715006,8,64
715006,9,5
715006,10,0
715006,11,29
715006,12,68
715006,13,47
715006,14,20
715006,16,10
715006,17,0
715008,1,10
715008,2,10
715008,3,308
715008,4,16
715008,5,14
715008,6,18
715008,8,119
715008,9,17
715008,10,5
715008,11,90
715008,12,170
715008,13,159
715008,14,67
715008,16,28
715008,17,0
715010,1,16
715010,2,18
715010,3,244
715010,4,13
715010,5,19
715010,6,22
715010,8,99
715010,9,12
715010,10,2
715010,11,89
715010,12,103
715010,13,123
715010,14,46
715010,16,16
715010,17,3
715012,1,13
715012,2,11
715012,3,211
715012,4,12
715012,5,8
715012,6,16
715012,8,66
715012,9,22
715012,10,4
715012,11,68
715012,12,118
715012,13,127
715012,14,37
715012,16,14
715012,17,1
715014,1,2
715014,2,3
715014,3,65
715014,4,2
715014,5,1
715014,6,5
715014,8,21
715014,9,5
715014,10,1
715014,11,18
715014,12,72
715014,13,30
715014,14,15
715014,16,3
715014,17,1
715016,1,0
715016,2,2
715016,3,50
715016,4,1
715016,5,1
715016,6,2
715016,8,26
715016,9,5
715016,10,0
715016,11,10
715016,12,14
715016,13,10
715016,14,1
715016,16,2
715016,17,0
715018,1,3
715018,2,3
715018,3,95
715018,4,6
715018,5,9
715018,6,8
715018,8,38
715018,9,4
715018,10,1
715018,11,27
715018,12,72
715018,13,45
715018,14,9
715018,16,3
715018,17,2
715020,1,0
715020,2,7
715020,3,72
715020,4,5
715020,5,8
715020,6,2
715020,8,40
715020,9,5
715020,10,1
715020,11,32
715020,12,50
715020,13,42
715020,14,10
715020,16,1
715020,17,0
715022,1,15
715022,2,12
715022,3,124
715022,4,4
715022,5,10
715022,6,2
715022,8,49
715022,9,6
715022,10,0
715022,11,45
715022,12,86
715022,13,67
715022,14,27
715022,16,11
715022,17,0
715024,1,5
715024,2,6
715024,3,61
715024,4,3
715024,5,2
715024,6,2
715024,8,27
715024,9,6
715024,10,0
715024,11,25
715024,12,47
715024,13,43
715024,14,24
715024,16,6
715024,17,0
715026,1,6
715026,2,5
715026,3,57
715026,4,2
715026,5,5
715026,6,0
715026,8,26
715026,9,6
715026,10,0
715026,11,23
715026,12,35
715026,13,24
715026,14,7
715026,16,5
715026,17,1
715028,1,3
715028,2,3
715028,3,61
715028,4,4
715028,5,6
715028,6,3
715028,8,25
715028,9,1
715028,10,1
715028,11,21
715028,12,52
715028,13,20
715028,14,6
715028,16,2
715028,17,0
715030,1,5
715030,2,9
715030,3,71
715030,4,5
715030,5,6
715030,6,2
715030,8,21
715030,9,5
715030,10,2
715030,11,27
715030,12,41
715030,13,46
715030,14,17
715030,16,4
715030,17,1
715032,1,2
715032,2,6
715032,3,25
715032,4,4
715032,5,10
715032,6,0
715032,8,24
715032,9,4
715032,10,1
715032,11,7
715032,12,29
715032,13,20
715032,14,15
715032,16,1
715032,17,0
715034,1,1
715034,2,8
715034,3,56
715034,4,1
715034,5,5
715034,6,1
715034,8,26
715034,9,1
715034,10,0
715034,11,18
715034,12,32
715034,13,28
715034,14,1
715034,16,10
715034,17,0
715036,1,11
715036,2,7
715036,3,99
715036,4,10
715036,5,16
715036,6,2
715036,8,41
715036,9,14
715036,10,0
715036,11,43
715036,12,82
715036,13,48
715036,14,8
715036,16,12
715036,17,1
715038,1,23
715038,2,7
715038,3,290
715038,4,8
715038,5,21
715038,6,39
715038,8,117
715038,9,22
715038,10,9
715038,11,213
715038,12,168
715038,13,120
715038,14,61
715038,16,27
715038,17,0
715040,1,3
715040,2,2
715040,3,37
715040,4,2
715040,5,2
715040,6,0
715040,8,6
715040,9,5
715040,10,2
715040,11,13
715040,12,19
715040,13,18
715040,14,3
715040,16,3
715040,17,0
715042,1,1
715042,2,0
715042,3,32
715042,4,0
715042,5,2
715042,6,5
715042,8,5
715042,9,0
715042,10,0
715042,11,4
715042,12,24
715042,13,8
715042,14,5
715042,16,4
715042,17,0
715044,1,5
715044,2,1
715044,3,41
715044,4,5
715044,5,2
715044,6,6
715044,8,13
715044,9,0
715044,10,0
715044,11,43
715044,12,22
715044,13,13
715044,14,6
715044,16,4
715044,17,0
715046,1,2
715046,2,2
715046,3,39
715046,4,4
715046,5,2
715046,6,4
715046,8,8
715046,9,1
715046,10,1
715046,11,20
715046,12,26
715046,13,5
715046,14,10
715046,16,6
715046,17,0
715048,1,17
715048,2,15
715048,3,173
715048,4,4
715048,5,10
715048,6,11
715048,8,38
715048,9,13
715048,10,0
715048,11,104
715048,12,100
715048,13,82
715048,14,20
715048,16,13
715048,17,1
715050,1,5
715050,2,4
715050,3,31
715050,4,4
715050,5,1
715050,6,2
715050,8,10
715050,9,4
715050,10,1
715050,11,22
715050,12,18
715050,13,5
715050,14,3
715050,16,1
715050,17,0
715052,1,8
715052,2,8
715052,3,75
715052,4,7
715052,5,4
715052,6,7
715052,8,20
715052,9,3
715052,10,1
715052,11,102
715052,12,51
715052,13,30
715052,14,6
715052,16,4
715052,17,0
715054,1,8
715054,2,2
715054,3,39
715054,4,1
715054,5,3
715054,6,2
715054,8,13
715054,9,5
715054,10,0
715054,11,40
715054,12,24
715054,13,14
715054,14,9
715054,16,4
715054,17,0
715056,1,23
715056,2,19
715056,3,264
715056,4,11
715056,5,19
715056,6,15
715056,8,85
715056,9,9
715056,10,3
715056,11,177
715056,12,147
715056,13,175
715056,14,39
715056,16,18
715056,17,1
715058,1,1
715058,2,3
715058,3,56
715058,4,2
715058,5,5
715058,6,1
715058,8,25
715058,9,4
715058,10,2
715058,11,18
715058,12,36
715058,13,12
715058,14,2
715058,16,5
715058,17,0
715060,1,2
715060,2,1
715060,3,52
715060,4,0
715060,5,4
715060,6,2
715060,8,27
715060,9,15
715060,10,0
715060,11,9
715060,12,35
715060,13,9
715060,14,6
715060,16,1
715060,17,0
715062,1,1
715062,2,5
715062,3,50
715062,4,5
715062,5,4
715062,6,3
715062,8,49
715062,9,10
715062,10,0
715062,11,22
715062,12,43
715062,13,8
715062,14,7
715062,16,3
715062,17,0
715064,1,10
715064,2,1
715064,3,73
715064,4,4
715064,5,3
715064,6,5
715064,8,36
715064,9,4
715064,10,0
715064,11,24
715064,12,89
715064,13,15
715064,14,5
715064,16,4
715064,17,0
715066,1,3
715066,2,1
715066,3,58
715066,4,0
715066,5,7
715066,6,10
715066,8,24
715066,9,3
715066,10,0
715066,11,35
715066,12,29
715066,13,13
715066,14,10
715066,16,4
715066,17,0
715068,1,4
715068,2,2
715068,3,31
715068,4,3
715068,5,1
715068,6,1
715068,8,35
715068,9,2
715068,10,1
715068,11,16
715068,12,40
715068,13,8
715068,14,3
715068,16,2
715068,17,0
715070,1,8
715070,2,0
715070,3,43
715070,4,0
715070,5,7
715070,6,2
715070,8,27
715070,9,3
715070,10,0
715070,11,15
715070,12,41
715070,13,7
715070,14,3
715070,16,4
715070,17,0
715072,1,25
715072,2,20
715072,3,257
715072,4,11
715072,5,32
715072,6,45
715072,8,93
715072,9,28
715072,10,1
715072,11,128
715072,12,272
715072,13,149
715072,14,78
715072,16,29
715072,17,0
715074,1,15
715074,2,17
715074,3,275
715074,4,11
715074,5,31
715074,6,28
715074,8,154
715074,9,18
715074,10,2
715074,11,95
715074,12,260
715074,13,146
715074,14,42
715074,16,14
715074,17,0
715076,1,6
715076,2,4
715076,3,100
715076,4,17
715076,5,5
715076,6,11
715076,8,19
715076,9,4
715076,10,4
715076,11,32
715076,12,30
715076,13,74
715076,14,15
715076,16,11
715076,17,1
715078,1,5
715078,2,5
715078,3,39
715078,4,2
715078,5,4
715078,6,19
715078,8,5
715078,9,7
715078,10,0
715078,11,9
715078,12,14
715078,13,17
715078,14,8
715078,16,5
715078,17,0
715080,1,4
715080,2,3
715080,3,40
715080,4,2
715080,5,2
715080,6,10
715080,8,1
715080,9,8
715080,10,3
715080,11,14
715080,12,16
715080,13,19
715080,14,7
715080,16,6
715080,17,1
715082,1,3
715082,2,8
715082,3,93
715082,4,11
715082,5,2
715082,6,31
715082,8,10
715082,9,15
715082,10,2
715082,11,18
715082,12,54
715082,13,77
715082,14,18
715082,16,5
715082,17,1
715084,1,1
715084,2,5
715084,3,26
715084,4,1
715084,5,1
715084,6,9
715084,8,4
715084,9,3
715084,10,0
715084,11,14
715084,12,14
715084,13,19
715084,14,7
715084,16,0
715084,17,0
715086,1,2
715086,2,8
715086,3,46
715086,4,5
715086,5,3
715086,6,8
715086,8,9
715086,9,8
715086,10,2
715086,11,15
715086,12,27
715086,13,36
715086,14,10
715086,16,5
715086,17,3
715088,1,2
715088,2,16
715088,3,94
715088,4,13
715088,5,11
715088,6,15
715088,8,20
715088,9,8
715088,10,4
715088,11,26
715088,12,48
715088,13,49
715088,14,15
715088,16,12
715088,17,0
715090,1,2
715090,2,34
715090,3,70
715090,4,7
715090,5,9
715090,6,11
715090,8,18
715090,9,9
715090,10,1
715090,11,19
715090,12,33
715090,13,40
715090,14,10
715090,16,7
715090,17,2
715092,1,1
715092,2,9
715092,3,78
715092,4,2
715092,5,8
715092,6,14
715092,8,8
715092,9,13
715092,10,12
715092,11,26
715092,12,45
715092,13,20
715092,14,10
715092,16,9
715092,17,4
715094,1,1
715094,2,6
715094,3,32
715094,4,1
715094,5,0
715094,6,5
715094,8,5
715094,9,5
715094,10,1
715094,11,9
715094,12,15
715094,13,11
715094,14,2
715094,16,10
715094,17,0
715096,1,7
715096,2,21
715096,3,51
715096,4,6
715096,5,2
715096,6,11
715096,8,7
715096,9,9
715096,10,2
715096,11,20
715096,12,21
715096,13,31
715096,14,6
715096,16,9
715096,17,0
715098,1,2
715098,2,2
715098,3,54
715098,4,10
715098,5,3
715098,6,12
715098,8,10
715098,9,3
715098,10,2
715098,11,12
715098,12,31
715098,13,40
715098,14,19
715098,16,11
715098,17,1
715100,1,12
715100,2,43
715100,3,382
715100,4,55
715100,5,30
715100,6,63
715100,8,65
715100,9,49
715100,10,7
715100,11,148
715100,12,204
715100,13,324
715100,14,93
715100,16,36
715100,17,3
715102,1,3
715102,2,13
715102,3,77
715102,4,3
715102,5,4
715102,6,16
715102,8,14
715102,9,2
715102,10,2
715102,11,20
715102,12,31
715102,13,66
715102,14,20
715102,16,4
715102,17,1
715104,1,1
715104,2,3
715104,3,43
715104,4,0
715104,5,2
715104,6,6
715104,8,3
715104,9,7
715104,10,0
715104,11,15
715104,12,19
715104,13,32
715104,14,8
715104,16,6
715104,17,2
715106,1,5
715106,2,1
715106,3,41
715106,4,5
715106,5,17
715106,6,1
715106,8,24
715106,9,5
715106,10,0
715106,11,9
715106,12,55
715106,13,13
715106,14,12
715106,16,6
715106,17,0
715108,1,7
715108,2,12
715108,3,66
715108,4,6
715108,5,0
715108,6,11
715108,8,11
715108,9,2
715108,10,1
715108,11,29
715108,12,33
715108,13,46
715108,14,12
715108,16,3
715108,17,0
715110,1,1
715110,2,7
715110,3,26
715110,4,2
715110,5,0
715110,6,1
715110,8,4
715110,9,6
715110,10,0
715110,11,14
715110,12,11
715110,13,24
715110,14,4
715110,16,2
715110,17,0
715112,1,0
715112,2,2
715112,3,39
715112,4,2
715112,5,1
715112,6,2
715112,8,16
715112,9,0
715112,10,0
715112,11,8
715112,12,18
715112,13,12
715112,14,4
715112,16,0
715112,17,0
715114,1,0
715114,2,1
715114,3,40
715114,4,1
715114,5,4
715114,6,4
715114,8,2
715114,9,2
715114,10,0
715114,11,8
715114,12,11
715114,13,9
715114,14,3
715114,16,5
715114,17,0
715116,1,7
715116,2,2
715116,3,88
715116,4,2
715116,5,7
715116,6,5
715116,8,11
715116,9,5
715116,10,4
715116,11,12
715116,12,31
715116,13,18
715116,14,6
715116,16,2
715116,17,1
715118,1,0
715118,2,0
715118,3,56
715118,4,1
715118,5,4
715118,6,1
715118,8,10
715118,9,2
715118,10,1
715118,11,2
715118,12,25
715118,13,4
715118,14,4
715118,16,3
715118,17,0
715120,1,1
715120,2,0
715120,3,22
715120,4,1
715120,5,1
715120,6,0
715120,8,5
715120,9,2
715120,10,0
715120,11,0
715120,12,7
715120,13,0
715120,14,3
715120,16,1
715120,17,0
715122,1,1
715122,2,0
715122,3,35
715122,4,0
715122,5,3
715122,6,0
715122,8,7
715122,9,3
715122,10,0
715122,11,1
715122,12,22
715122,13,4
715122,14,2
715122,16,2
715122,17,0
715124,1,2
715124,2,4
715124,3,51
715124,4,1
715124,5,2
715124,6,5
715124,8,12
715124,9,5
715124,10,0
715124,11,10
715124,12,29
715124,13,13
715124,14,13
715124,16,2
715124,17,1
715126,1,11
715126,2,17
715126,3,323
715126,4,4
715126,5,18
715126,6,13
715126,8,40
715126,9,7
715126,10,5
715126,11,33
715126,12,112
715126,13,44
715126,14,27
715126,16,12
715126,17,2
715128,1,6
715128,2,1
715128,3,45
715128,4,3
715128,5,7
715128,6,1
715128,8,14
715128,9,1
715128,10,0
715128,11,5
715128,12,22
715128,13,8
715128,14,2
715128,16,2
715128,17,0
715130,1,0
715130,2,2
715130,3,69
715130,4,4
715130,5,1
715130,6,2
715130,8,6
715130,9,4
715130,10,2
715130,11,7
715130,12,22
715130,13,2
715130,14,3
715130,16,3
715130,17,0
715132,1,1
715132,2,4
715132,3,47
715132,4,1
715132,5,0
715132,6,3
715132,8,23
715132,9,1
715132,10,1
715132,11,4
715132,12,30
715132,13,3
715132,14,3
715132,16,1
715132,17,0
715134,1,10
715134,2,1
715134,3,67
715134,4,3
715134,5,1
715134,6,4
715134,8,26
715134,9,2
715134,10,1
715134,11,48
715134,12,46
715134,13,14
715134,14,9
715134,16,3
715134,17,0
715136,1,2
715136,2,2
715136,3,34
715136,4,5
715136,5,4
715136,6,1
715136,8,27
715136,9,4
715136,10,0
715136,11,6
715136,12,15
715136,13,4
715136,14,3
715136,16,4
715136,17,0
715138,1,3
715138,2,8
715138,3,66
715138,4,6
715138,5,7
715138,6,3
715138,8,45
715138,9,8
715138,10,0
715138,11,25
715138,12,41
715138,13,60
715138,14,10
715138,16,7
715138,17,0
715140,1,6
715140,2,3
715140,3,65
715140,4,1
715140,5,3
715140,6,4
715140,8,6
715140,9,3
715140,10,0
715140,11,8
715140,12,24
715140,13,15
715140,14,1
715140,16,0
715140,17,1
715142,1,4
715142,2,8
715142,3,58
715142,4,0
715142,5,4
715142,6,1
715142,8,34
715142,9,7
715142,10,0
715142,11,37
715142,12,34
715142,13,19
715142,14,6
715142,16,7
715142,17,1
715144,1,5
715144,2,8
715144,3,51
715144,4,6
715144,5,6
715144,6,2
715144,8,20
715144,9,10
715144,10,0
715144,11,37
715144,12,33
715144,13,36
715144,14,20
715144,16,1
715144,17,0
715146,1,3
715146,2,18
715146,3,191
715146,4,15
715146,5,6
715146,6,6
715146,8,64
715146,9,5
715146,10,0
715146,11,39
715146,12,98
715146,13,72
715146,14,26
715146,16,17
715146,17,1
715148,1,1
715148,2,5
715148,3,47
715148,4,3
715148,5,4
715148,6,5
715148,8,14
715148,9,8
715148,10,1
715148,11,21
715148,12,48
715148,13,23
715148,14,8
715148,16,1
715148,17,0
715150,1,3
715150,2,7
715150,3,82
715150,4,5
715150,5,7
715150,6,6
715150,8,51
715150,9,8
715150,10,4
715150,11,43
715150,12,47
715150,13,25
715150,14,10
715150,16,4
715150,17,0
715152,1,4
715152,2,4
715152,3,48
715152,4,9
715152,5,6
715152,6,8
715152,8,48
715152,9,13
715152,10,1
715152,11,36
715152,12,37
715152,13,24
715152,14,2
715152,16,7
715152,17,0
715154,1,6
715154,2,1
715154,3,86
715154,4,8
715154,5,8
715154,6,6
715154,8,24
715154,9,5
715154,10,0
715154,11,21
715154,12,36
715154,13,33
715154,14,14
715154,16,4
715154,17,0
715156,1,10
715156,2,6
715156,3,65
715156,4,7
715156,5,12
715156,6,5
715156,8,23
715156,9,8
715156,10,2
715156,11,34
715156,12,70
715156,13,40
715156,14,17
715156,16,8
715156,17,1
715158,1,9
715158,2,1
715158,3,161
715158,4,10
715158,5,14
715158,6,13
715158,8,54
715158,9,13
715158,10,2
715158,11,54
715158,12,107
715158,13,52
715158,14,23
715158,16,13
715158,17,0
715160,1,3
715160,2,3
715160,3,68
715160,4,1
715160,5,0
715160,6,2
715160,8,14
715160,9,2
715160,10,0
715160,11,15
715160,12,52
715160,13,22
715160,14,1
715160,16,1
715160,17,0
715162,1,1
715162,2,4
715162,3,58
715162,4,0
715162,5,3
715162,6,2
715162,8,16
715162,9,0
715162,10,0
715162,11,23
715162,12,46
715162,13,23
715162,14,2
715162,16,2
715162,17,0
715164,1,3
715164,2,2
715164,3,72
715164,4,5
715164,5,5
715164,6,6
715164,8,16
715164,9,4
715164,10,1
715164,11,14
715164,12,55
715164,13,29
715164,14,8
715164,16,8
715164,17,0
715166,1,5
715166,2,8
715166,3,85
715166,4,3
715166,5,7
715166,6,4
715166,8,49
715166,9,5
715166,10,1
715166,11,41
715166,12,50
715166,13,35
715166,14,6
715166,16,6
715166,17,0
715168,1,2
715168,2,6
715168,3,49
715168,4,4
715168,5,0
715168,6,3
715168,8,32
715168,9,1
715168,10,1
715168,11,13
715168,12,37
715168,13,26
715168,14,6
715168,16,11
715168,17,0
715170,1,1
715170,2,3
715170,3,38
715170,4,2
715170,5,2
715170,6,2
715170,8,14
715170,9,2
715170,10,0
715170,11,22
715170,12,39
715170,13,27
715170,14,2
715170,16,3
715170,17,1
715172,1,4
715172,2,10
715172,3,114
715172,4,4
715172,5,4
715172,6,11
715172,8,25
715172,9,5
715172,10,1
715172,11,28
715172,12,68
715172,13,34
715172,14,15
715172,16,4
715172,17,2
715174,1,2
715174,2,1
715174,3,54
715174,4,2
715174,5,3
715174,6,5
715174,8,9
715174,9,6
715174,10,0
715174,11,15
715174,12,37
715174,13,27
715174,14,4
715174,16,4
715174,17,0
715176,1,12
715176,2,12
715176,3,295
715176,4,14
715176,5,29
715176,6,15
715176,8,107
715176,9,27
715176,10,3
715176,11,131
715176,12,341
715176,13,185
715176,14,167
715176,16,33
715176,17,0
715178,1,9
715178,2,16
715178,3,300
715178,4,24
715178,5,19
715178,6,10
715178,8,97
715178,9,29
715178,10,3
715178,11,118
715178,12,290
715178,13,160
715178,14,129
715178,16,24
715178,17,2
715180,1,9
715180,2,13
715180,3,172
715180,4,14
715180,5,11
715180,6,13
715180,8,69
715180,9,28
715180,10,1
715180,11,74
715180,12,159
715180,13,106
715180,14,108
715180,16,23
715180,17,0
715182,1,3
715182,2,1
715182,3,36
715182,4,1
715182,5,2
715182,6,3
715182,8,12
715182,9,17
715182,10,0
715182,11,8
715182,12,52
715182,13,20
715182,14,7
715182,16,3
715182,17,0
715184,1,5
715184,2,6
715184,3,81
715184,4,2
715184,5,12
715184,6,2
715184,8,29
715184,9,9
715184,10,1
715184,11,33
715184,12,81
715184,13,35
715184,14,101
715184,16,5
715184,17,0
715186,1,4
715186,2,1
715186,3,52
715186,4,3
715186,5,3
715186,6,1
715186,8,12
715186,9,1
715186,10,1
715186,11,22
715186,12,61
715186,13,28
715186,14,17
715186,16,4
715186,17,0
715188,1,4
715188,2,7
715188,3,29
715188,4,4
715188,5,0
715188,6,1
715188,8,48
715188,9,0
715188,10,0
715188,11,12
715188,12,39
715188,13,17
715188,14,5
715188,16,1
715188,17,0
715190,1,2
715190,2,2
715190,3,36
715190,4,2
715190,5,2
715190,6,3
715190,8,33
715190,9,5
715190,10,0
715190,11,14
715190,12,27
715190,13,16
715190,14,3
715190,16,4
715190,17,0
715192,1,2
715192,2,2
715192,3,29
715192,4,1
715192,5,3
715192,6,0
715192,8,23
715192,9,1
715192,10,0
715192,11,11
715192,12,40
715192,13,8
715192,14,23
715192,16,5
715192,17,0
715194,1,11
715194,2,6
715194,3,105
715194,4,4
715194,5,9
715194,6,7
715194,8,56
715194,9,20
715194,10,2
715194,11,32
715194,12,179
715194,13,47
715194,14,67
715194,16,13
715194,17,0
715196,1,30
715196,2,28
715196,3,371
715196,4,14
715196,5,19
715196,6,85
715196,8,62
715196,9,16
715196,10,8
715196,11,108
715196,12,148
715196,13,202
715196,14,44
715196,16,27
715196,17,3
715198,1,31
715198,2,27
715198,3,344
715198,4,17
715198,5,16
715198,6,68
715198,8,67
715198,9,18
715198,10,4
715198,11,121
715198,12,153
715198,13,150
715198,14,74
715198,16,21
715198,17,2
715200,1,13
715200,2,35
715200,3,216
715200,4,18
715200,5,17
715200,6,6
715200,8,71
715200,9,14
715200,10,5
715200,11,116
715200,12,156
715200,13,243
715200,14,119
715200,16,49
715200,17,2
715202,1,5
715202,2,23
715202,3,171
715202,4,8
715202,5,8
715202,6,27
715202,8,31
715202,9,9
715202,10,0
715202,11,57
715202,12,94
715202,13,98
715202,14,40
715202,16,18
715202,17,2
715204,1,22
715204,2,18
715204,3,307
715204,4,9
715204,5,14
715204,6,67
715204,8,49
715204,9,11
715204,10,2
715204,11,112
715204,12,124
715204,13,120
715204,14,41
715204,16,18
715204,17,2
715206,1,5
715206,2,3
715206,3,70
715206,4,5
715206,5,6
715206,6,9
715206,8,7
715206,9,1
715206,10,1
715206,11,16
715206,12,49
715206,13,20
715206,14,14
715206,16,4
715206,17,0
715208,1,6
715208,2,19
715208,3,187
715208,4,4
715208,5,13
715208,6,42
715208,8,27
715208,9,11
715208,10,2
715208,11,39
715208,12,74
715208,13,72
715208,14,26
715208,16,12
715208,17,0
715210,1,5
715210,2,3
715210,3,45
715210,4,0
715210,5,2
715210,6,8
715210,8,10
715210,9,3
715210,10,0
715210,11,9
715210,12,27
715210,13,16
715210,14,3
715210,16,7
715210,17,0
715212,1,6
715212,2,2
715212,3,49
715212,4,3
715212,5,3
715212,6,11
715212,8,18
715212,9,2
715212,10,1
715212,11,19
715212,12,39
715212,13,7
715212,14,5
715212,16,5
715212,17,1
715214,1,4
715214,2,4
715214,3,93
715214,4,4
715214,5,3
715214,6,16
715214,8,18
715214,9,2
715214,10,2
715214,11,21
715214,12,24
715214,13,25
715214,14,9
715214,16,5
715214,17,0
715216,1,5
715216,2,7
715216,3,65
715216,4,3
715216,5,4
715216,6,12
715216,8,21
715216,9,3
715216,10,0
715216,11,14
715216,12,23
715216,13,29
715216,14,8
715216,16,4
715216,17,1
715218,1,9
715218,2,14
715218,3,113
715218,4,6
715218,5,5
715218,6,29
715218,8,34
715218,9,15
715218,10,2
715218,11,50
715218,12,95
715218,13,45
715218,14,15
715218,16,5
715218,17,0
715220,1,6
715220,2,2
715220,3,61
715220,4,3
715220,5,0
715220,6,20
715220,8,18
715220,9,3
715220,10,1
715220,11,16
715220,12,27
715220,13,16
715220,14,5
715220,16,4
715220,17,0
715222,1,22
715222,2,18
715222,3,182
715222,4,12
715222,5,12
715222,6,51
715222,8,46
715222,9,16
715222,10,2
715222,11,88
715222,12,116
715222,13,124
715222,14,32
715222,16,23
715222,17,1
715224,1,5
715224,2,1
715224,3,66
715224,4,4
715224,5,17
715224,6,1
715224,8,43
715224,9,5
715224,10,0
715224,11,90
715224,12,56
715224,13,23
715224,14,10
715224,16,1
715224,17,0
715226,1,8
715226,2,13
715226,3,117
715226,4,4
715226,5,8
715226,6,4
715226,8,29
715226,9,51
715226,10,3
715226,11,42
715226,12,113
715226,13,62
715226,14,36
715226,16,9
715226,17,2
715228,1,3
715228,2,3
715228,3,41
715228,4,2
715228,5,2
715228,6,2
715228,8,42
715228,9,9
715228,10,2
715228,11,19
715228,12,19
715228,13,18
715228,14,9
715228,16,4
715228,17,0
715230,1,14
715230,2,9
715230,3,165
715230,4,9
715230,5,16
715230,6,8
715230,8,46
715230,9,47
715230,10,2
715230,11,69
715230,12,91
715230,13,80
715230,14,48
715230,16,20
715230,17,0
715232,1,15
715232,2,19
715232,3,202
715232,4,11
715232,5,16
715232,6,6
715232,8,53
715232,9,90
715232,10,2
715232,11,59
715232,12,162
715232,13,99
715232,14,35
715232,16,30
715232,17,2
715234,1,5
715234,2,8
715234,3,64
715234,4,4
715234,5,9
715234,6,2
715234,8,30
715234,9,20
715234,10,1
715234,11,42
715234,12,31
715234,13,70
715234,14,28
715234,16,12
715234,17,0
715236,1,6
715236,2,6
715236,3,141
715236,4,10
715236,5,3
715236,6,2
715236,8,29
715236,9,33
715236,10,1
715236,11,66
715236,12,64
715236,13,50
715236,14,27
715236,16,15
715236,17,0
715238,1,1
715238,2,1
715238,3,29
715238,4,2
715238,5,1
715238,6,2
715238,8,9
715238,9,6
715238,10,0
715238,11,5
715238,12,8
715238,13,6
715238,14,0
715238,16,0
715238,17,0
715240,1,0
715240,2,4
715240,3,42
715240,4,2
715240,5,1
715240,6,1
715240,8,16
715240,9,3
715240,10,0
715240,11,14
715240,12,14
715240,13,8
715240,14,4
715240,16,5
715240,17,0
715242,1,8
715242,2,14
715242,3,202
715242,4,10
715242,5,15
715242,6,14
715242,8,50
715242,9,44
715242,10,2
715242,11,77
715242,12,117
715242,13,77
715242,14,40
715242,16,19
715242,17,0
715244,1,7
715244,2,2
715244,3,105
715244,4,3
715244,5,4
715244,6,1
715244,8,28
715244,9,26
715244,10,3
715244,11,23
715244,12,62
715244,13,53
715244,14,6
715244,16,10
715244,17,0
715246,1,5
715246,2,4
715246,3,55
715246,4,5
715246,5,2
715246,6,3
715246,8,22
715246,9,17
715246,10,0
715246,11,12
715246,12,38
715246,13,12
715246,14,6
715246,16,8
715246,17,1
715248,1,1
715248,2,1
715248,3,27
715248,4,1
715248,5,1
715248,6,2
715248,8,14
715248,9,19
715248,10,3
715248,11,13
715248,12,19
715248,13,10
715248,14,4
715248,16,0
715248,17,0
715250,1,2
715250,2,3
715250,3,47
715250,4,6
715250,5,3
715250,6,2
715250,8,14
715250,9,10
715250,10,0
715250,11,2
715250,12,33
715250,13,10
715250,14,4
715250,16,1
715250,17,0
715252,1,0
715252,2,0
715252,3,30
715252,4,1
715252,5,6
715252,6,3
715252,8,11
715252,9,3
715252,10,0
715252,11,13
715252,12,22
715252,13,7
715252,14,8
715252,16,1
715252,17,0
715254,1,2
715254,2,2
715254,3,19
715254,4,2
715254,5,2
715254,6,9
715254,8,3
715254,9,4
715254,10,1
715254,11,10
715254,12,46
715254,13,2
715254,14,3
715254,16,1
715254,17,0
715256,1,0
715256,2,1
715256,3,40
715256,4,3
715256,5,2
715256,6,1
715256,8,13
715256,9,2
715256,10,1
715256,11,6
715256,12,56
715256,13,2
715256,14,7
715256,16,1
715256,17,0
715258,1,5
715258,2,0
715258,3,34
715258,4,2
715258,5,3
715258,6,3
715258,8,4
715258,9,3
715258,10,0
715258,11,5
715258,12,58
715258,13,5
715258,14,1
715258,16,0
715258,17,0
715260,1,10
715260,2,3
715260,3,57
715260,4,3
715260,5,6
715260,6,8
715260,8,22
715260,9,3
715260,10,0
715260,11,19
715260,12,84
715260,13,14
715260,14,14
715260,16,5
715260,17,0
715262,1,0
715262,2,1
715262,3,45
715262,4,3
715262,5,4
715262,6,4
715262,8,12
715262,9,0
715262,10,2
715262,11,8
715262,12,44
715262,13,1
715262,14,1
715262,16,2
715262,17,0
715264,1,1
715264,2,1
715264,3,33
715264,4,3
715264,5,2
715264,6,4
715264,8,20
715264,9,6
715264,10,1
715264,11,10
715264,12,79
715264,13,18
715264,14,10
715264,16,2
715264,17,0
715266,1,21
715266,2,21
715266,3,283
715266,4,12
715266,5,29
715266,6,37
715266,8,78
715266,9,19
715266,10,2
715266,11,78
715266,12,327
715266,13,152
715266,14,72
715266,16,27
715266,17,0
715268,1,14
715268,2,26
715268,3,366
715268,4,9
715268,5,25
715268,6,44
715268,8,79
715268,9,24
715268,10,1
715268,11,92
715268,12,403
715268,13,123
715268,14,125
715268,16,30
715268,17,1
715270,1,8
715270,2,10
715270,3,270
715270,4,9
715270,5,23
715270,6,22
715270,8,70
715270,9,16
715270,10,1
715270,11,71
715270,12,311
715270,13,114
715270,14,82
715270,16,23
715270,17,0
715272,1,1
715272,2,1
715272,3,34
715272,4,5
715272,5,2
715272,6,2
715272,8,30
715272,9,2
715272,10,1
715272,11,10
715272,12,43
715272,13,8
715272,14,4
715272,16,7
715272,17,0
715274,1,2
715274,2,1
715274,3,74
715274,4,4
715274,5,4
715274,6,16
715274,8,10
715274,9,5
715274,10,2
715274,11,10
715274,12,94
715274,13,21
715274,14,18
715274,16,6
715274,17,0
715276,1,5
715276,2,4
715276,3,95
715276,4,6
715276,5,10
715276,6,6
715276,8,17
715276,9,2
715276,10,2
715276,11,4
715276,12,87
715276,13,13
715276,14,15
715276,16,3
715276,17,1
715278,1,2
715278,2,1
715278,3,51
715278,4,1
715278,5,4
715278,6,4
715278,8,11
715278,9,1
715278,10,0
715278,11,4
715278,12,32
715278,13,7
715278,14,3
715278,16,0
715278,17,0
715280,1,2
715280,2,0
715280,3,32
715280,4,0
715280,5,1
715280,6,2
715280,8,5
715280,9,4
715280,10,2
715280,11,5
715280,12,51
715280,13,5
715280,14,4
715280,16,1
715280,17,0
715282,1,1
715282,2,0
715282,3,23
715282,4,1
715282,5,1
715282,6,1
715282,8,9
715282,9,0
715282,10,2
715282,11,3
715282,12,74
715282,13,6
715282,14,10
715282,16,0
715282,17,0
715284,1,5
715284,2,0
715284,3,38
715284,4,5
715284,5,18
715284,6,2
715284,8,56
715284,9,5
715284,10,0
715284,11,21
715284,12,25
715284,13,12
715284,14,6
715284,16,8
715284,17,51
715286,1,0
715286,2,1
715286,3,43
715286,4,2
715286,5,1
715286,6,0
715286,8,20
715286,9,5
715286,10,1
715286,11,9
715286,12,52
715286,13,16
715286,14,5
715286,16,4
715286,17,0
715288,1,0
715288,2,0
715288,3,33
715288,4,3
715288,5,2
715288,6,3
715288,8,14
715288,9,3
715288,10,0
715288,11,11
715288,12,53
715288,13,9
715288,14,2
715288,16,2
715288,17,0
715290,1,1
715290,2,2
715290,3,30
715290,4,2
715290,5,0
715290,6,0
715290,8,10
715290,9,0
715290,10,0
715290,11,2
715290,12,73
715290,13,3
715290,14,0
715290,16,3
715290,17,1
715292,1,46
715292,2,45
715292,3,336
715292,4,27
715292,5,22
715292,6,23
715292,8,152
715292,9,33
715292,10,5
715292,11,148
715292,12,314
715292,13,237
715292,14,214
715292,16,66
715292,17,2
715294,1,57
715294,2,43
715294,3,450
715294,4,27
715294,5,29
715294,6,26
715294,8,229
715294,9,23
715294,10,5
715294,11,177
715294,12,357
715294,13,382
715294,14,334
715294,16,76
715294,17,1
715296,1,54
715296,2,24
715296,3,336
715296,4,17
715296,5,26
715296,6,14
715296,8,128
715296,9,28
715296,10,6
715296,11,141
715296,12,317
715296,13,166
715296,14,199
715296,16,47
715296,17,2
715298,1,13
715298,2,6
715298,3,141
715298,4,7
715298,5,7
715298,6,9
715298,8,59
715298,9,5
715298,10,0
715298,11,37
715298,12,128
715298,13,30
715298,14,20
715298,16,9
715298,17,0
715300,1,1
715300,2,1
715300,3,34
715300,4,3
715300,5,0
715300,6,4
715300,8,20
715300,9,8
715300,10,0
715300,11,10
715300,12,34
715300,13,9
715300,14,3
715300,16,0
715300,17,1
715302,1,5
715302,2,3
715302,3,48
715302,4,1
715302,5,2
715302,6,29
715302,8,13
715302,9,5
715302,10,0
715302,11,7
715302,12,22
715302,13,41
715302,14,0
715302,16,4
715302,17,1
715304,1,1
715304,2,3
715304,3,48
715304,4,3
715304,5,3
715304,6,21
715304,8,12
715304,9,12
715304,10,2
715304,11,19
715304,12,29
715304,13,21
715304,14,11
715304,16,3
715304,17,0
715306,1,13
715306,2,31
715306,3,312
715306,4,19
715306,5,19
715306,6,17
715306,8,65
715306,9,21
715306,10,3
715306,11,117
715306,12,154
715306,13,206
715306,14,68
715306,16,31
715306,17,0
715308,1,13
715308,2,21
715308,3,283
715308,4,12
715308,5,13
715308,6,16
715308,8,43
715308,9,14
715308,10,2
715308,11,115
715308,12,148
715308,13,146
715308,14,53
715308,16,28
715308,17,3
715310,1,11
715310,2,14
715310,3,181
715310,4,10
715310,5,5
715310,6,19
715310,8,43
715310,9,15
715310,10,6
715310,11,99
715310,12,112
715310,13,127
715310,14,44
715310,16,20
715310,17,1
715312,1,10
715312,2,15
715312,3,146
715312,4,3
715312,5,14
715312,6,7
715312,8,22
715312,9,9
715312,10,5
715312,11,47
715312,12,67
715312,13,81
715312,14,27
715312,16,12
715312,17,0
715314,1,19
715314,2,42
715314,3,283
715314,4,16
715314,5,19
715314,6,23
715314,8,50
715314,9,17
715314,10,3
715314,11,144
715314,12,140
715314,13,257
715314,14,71
715314,16,31
715314,17,0
715316,1,14
715316,2,15
715316,3,331
715316,4,20
715316,5,11
715316,6,22
715316,8,47
715316,9,15
715316,10,1
715316,11,152
715316,12,209
715316,13,197
715316,14,74
715316,16,27
715316,17,1
715318,1,3
715318,2,0
715318,3,31
715318,4,6
715318,5,4
715318,6,3
715318,8,22
715318,9,15
715318,10,0
715318,11,9
715318,12,22
715318,13,28
715318,14,7
715318,16,5
715318,17,3
715320,1,3
715320,2,4
715320,3,121
715320,4,6
715320,5,8
715320,6,8
715320,8,49
715320,9,9
715320,10,4
715320,11,30
715320,12,51
715320,13,40
715320,14,18
715320,16,12
715320,17,2
715322,1,24
715322,2,15
715322,3,470
715322,4,22
715322,5,37
715322,6,40
715322,8,67
715322,9,33
715322,10,2
715322,11,95
715322,12,211
715322,13,153
715322,14,88
715322,16,43
715322,17,9
715324,1,16
715324,2,23
715324,3,435
715324,4,17
715324,5,36
715324,6,29
715324,8,57
715324,9,45
715324,10,4
715324,11,106
715324,12,137
715324,13,145
715324,14,69
715324,16,41
715324,17,8
715326,1,2
715326,2,8
715326,3,81
715326,4,5
715326,5,1
715326,6,9
715326,8,22
715326,9,4
715326,10,0
715326,11,8
715326,12,23
715326,13,10
715326,14,1
715326,16,7
715326,17,0
715328,1,9
715328,2,10
715328,3,149
715328,4,5
715328,5,9
715328,6,10
715328,8,24
715328,9,11
715328,10,3
715328,11,42
715328,12,82
715328,13,58
715328,14,30
715328,16,17
715328,17,0
715330,1,11
715330,2,22
715330,3,210
715330,4,26
715330,5,29
715330,6,22
715330,8,92
715330,9,38
715330,10,5
715330,11,67
715330,12,179
715330,13,138
715330,14,52
715330,16,43
715330,17,1
715332,1,18
715332,2,4
715332,3,225
715332,4,13
715332,5,32
715332,6,7
715332,8,48
715332,9,14
715332,10,1
715332,11,21
715332,12,190
715332,13,65
715332,14,45
715332,16,14
715332,17,0
715334,1,0
715334,2,1
715334,3,34
715334,4,3
715334,5,4
715334,6,3
715334,8,13
715334,9,3
715334,10,0
715334,11,5
715334,12,25
715334,13,8
715334,14,5
715334,16,1
715334,17,0
715336,1,0
715336,2,1
715336,3,46
715336,4,0
715336,5,4
715336,6,2
715336,8,18
715336,9,0
715336,10,1
715336,11,2
715336,12,37
715336,13,7
715336,14,5
715336,16,0
715336,17,0
715338,1,3
715338,2,3
715338,3,54
715338,4,2
715338,5,9
715338,6,3
715338,8,27
715338,9,6
715338,10,1
715338,11,10
715338,12,38
715338,13,8
715338,14,21
715338,16,8
715338,17,0
715340,1,4
715340,2,4
715340,3,64
715340,4,3
715340,5,5
715340,6,0
715340,8,18
715340,9,2
715340,10,1
715340,11,9
715340,12,35
715340,13,24
715340,14,25
715340,16,6
715340,17,0
715342,1,2
715342,2,2
715342,3,37
715342,4,2
715342,5,4
715342,6,3
715342,8,8
715342,9,4
715342,10,0
715342,11,3
715342,12,52
715342,13,9
715342,14,5
715342,16,2
715342,17,0
715344,1,1
715344,2,1
715344,3,47
715344,4,2
715344,5,3
715344,6,1
715344,8,18
715344,9,1
715344,10,1
715344,11,1
715344,12,23
715344,13,13
715344,14,15
715344,16,6
715344,17,0
715346,1,7
715346,2,1
715346,3,73
715346,4,4
715346,5,2
715346,6,1
715346,8,43
715346,9,4
715346,10,0
715346,11,11
715346,12,43
715346,13,11
715346,14,22
715346,16,2
715346,17,0
715348,1,4
715348,2,1
715348,3,124
715348,4,4
715348,5,11
715348,6,5
715348,8,58
715348,9,5
715348,10,0
715348,11,32
715348,12,127
715348,13,24
715348,14,47
715348,16,7
715348,17,0
715350,1,0
715350,2,2
715350,3,39
715350,4,0
715350,5,6
715350,6,0
715350,8,19
715350,9,1
715350,10,1
715350,11,10
715350,12,25
715350,13,8
715350,14,15
715350,16,1
715350,17,0
715352,1,1
715352,2,0
715352,3,38
715352,4,3
715352,5,7
715352,6,3
715352,8,15
715352,9,1
715352,10,0
715352,11,5
715352,12,28
715352,13,0
715352,14,9
715352,16,0
715352,17,0
715354,1,17
715354,2,22
715354,3,446
715354,4,21
715354,5,30
715354,6,13
715354,8,102
715354,9,32
715354,10,2
715354,11,57
715354,12,265
715354,13,139
715354,14,190
715354,16,35
715354,17,1
715356,1,10
715356,2,15
715356,3,456
715356,4,11
715356,5,27
715356,6,14
715356,8,105
715356,9,19
715356,10,3
715356,11,75
715356,12,260
715356,13,148
715356,14,204
715356,16,33
715356,17,2
715358,1,24
715358,2,21
715358,3,373
715358,4,14
715358,5,33
715358,6,3
715358,8,92
715358,9,27
715358,10,2
715358,11,59
715358,12,279
715358,13,139
715358,14,194
715358,16,38
715358,17,0
715360,1,1
715360,2,0
715360,3,79
715360,4,1
715360,5,2
715360,6,1
715360,8,24
715360,9,11
715360,10,0
715360,11,11
715360,12,39
715360,13,15
715360,14,16
715360,16,1
715360,17,0
715362,1,0
715362,2,2
715362,3,11
715362,4,0
715362,5,1
715362,6,0
715362,8,6
715362,9,0
715362,10,2
715362,11,0
715362,12,12
715362,13,5
715362,14,10
715362,16,1
715362,17,0
715364,1,6
715364,2,0
715364,3,51
715364,4,0
715364,5,2
715364,6,11
715364,8,6
715364,9,3
715364,10,0
715364,11,9
715364,12,27
715364,13,8
715364,14,1
715364,16,1
715364,17,0
715366,1,2
715366,2,4
715366,3,41
715366,4,1
715366,5,2
715366,6,31
715366,8,8
715366,9,10
715366,10,0
715366,11,8
715366,12,39
715366,13,8
715366,14,3
715366,16,1
715366,17,0
715368,1,7
715368,2,2
715368,3,105
715368,4,4
715368,5,5
715368,6,31
715368,8,27
715368,9,14
715368,10,1
715368,11,33
715368,12,85
715368,13,36
715368,14,13
715368,16,4
715368,17,1
715370,1,1
715370,2,4
715370,3,65
715370,4,2
715370,5,3
715370,6,5
715370,8,24
715370,9,6
715370,10,0
715370,11,13
715370,12,40
715370,13,29
715370,14,2
715370,16,1
715370,17,0
715372,1,1
715372,2,4
715372,3,58
715372,4,1
715372,5,2
715372,6,7
715372,8,14
715372,9,7
715372,10,0
715372,11,7
715372,12,29
715372,13,11
715372,14,0
715372,16,0
715372,17,0
715374,1,20
715374,2,22
715374,3,383
715374,4,7
715374,5,21
715374,6,12
715374,8,73
715374,9,26
715374,10,5
715374,11,83
715374,12,173
715374,13,199
715374,14,72
715374,16,28
715374,17,3
715376,1,9
715376,2,13
715376,3,286
715376,4,3
715376,5,16
715376,6,5
715376,8,53
715376,9,23
715376,10,1
715376,11,74
715376,12,150
715376,13,129
715376,14,60
715376,16,17
715376,17,0
715378,1,16
715378,2,20
715378,3,391
715378,4,14
715378,5,19
715378,6,8
715378,8,55
715378,9,25
715378,10,2
715378,11,104
715378,12,209
715378,13,192
715378,14,78
715378,16,32
715378,17,1
715380,1,5
715380,2,5
715380,3,127
715380,4,3
715380,5,4
715380,6,1
715380,8,17
715380,9,8
715380,10,1
715380,11,46
715380,12,83
715380,13,55
715380,14,19
715380,16,6
715380,17,0
715382,1,2
715382,2,0
715382,3,14
715382,4,0
715382,5,3
715382,6,2
715382,8,8
715382,9,3
715382,10,0
715382,11,11
715382,12,23
715382,13,7
715382,14,2
715382,16,0
715382,17,0
715384,1,9
715384,2,8
715384,3,186
715384,4,7
715384,5,11
715384,6,9
715384,8,41
715384,9,19
715384,10,2
715384,11,47
715384,12,139
715384,13,80
715384,14,42
715384,16,24
715384,17,2
715386,1,9
715386,2,1
715386,3,56
715386,4,6
715386,5,7
715386,6,3
715386,8,12
715386,9,8
715386,10,3
715386,11,16
715386,12,39
715386,13,17
715386,14,62
715386,16,3
715386,17,0
715388,1,3
715388,2,6
715388,3,36
715388,4,5
715388,5,3
715388,6,3
715388,8,16
715388,9,4
715388,10,3
715388,11,15
715388,12,40
715388,13,35
715388,14,4
715388,16,7
715388,17,0
715390,1,0
715390,2,1
715390,3,16
715390,4,2
715390,5,2
715390,6,2
715390,8,8
715390,9,1
715390,10,0
715390,11,14
715390,12,16
715390,13,4
715390,14,1
715390,16,3
715390,17,0
715392,1,11
715392,2,6
715392,3,201
715392,4,5
715392,5,10
715392,6,5
715392,8,34
715392,9,17
715392,10,2
715392,11,39
715392,12,92
715392,13,76
715392,14,34
715392,16,5
715392,17,0
715394,1,20
715394,2,10
715394,3,371
715394,4,7
715394,5,19
715394,6,11
715394,8,76
715394,9,24
715394,10,1
715394,11,86
715394,12,160
715394,13,77
715394,14,28
715394,16,24
715394,17,0
715396,1,1
715396,2,2
715396,3,29
715396,4,0
715396,5,0
715396,6,1
715396,8,12
715396,9,1
715396,10,2
715396,11,14
715396,12,29
715396,13,14
715396,14,7
715396,16,0
715396,17,1
715398,1,1
715398,2,0
715398,3,42
715398,4,0
715398,5,3
715398,6,5
715398,8,19
715398,9,1
715398,10,1
715398,11,10
715398,12,8
715398,13,15
715398,14,1
715398,16,1
715398,17,0
715400,1,28
715400,2,76
715400,3,207
715400,4,45
715400,5,48
715400,6,26
715400,8,163
715400,9,32
715400,10,6
715400,11,155
715400,12,237
715400,13,577
715400,14,183
715400,16,102
715400,17,2
715402,1,2
715402,2,0
715402,3,32
715402,4,1
715402,5,4
715402,6,6
715402,8,14
715402,9,6
715402,10,0
715402,11,19
715402,12,33
715402,13,20
715402,14,13
715402,16,2
715402,17,0
715404,1,1
715404,2,3
715404,3,35
715404,4,0
715404,5,2
715404,6,1
715404,8,8
715404,9,4
715404,10,0
715404,11,9
715404,12,27
715404,13,10
715404,14,8
715404,16,0
715404,17,0
715406,1,1
715406,2,0
715406,3,23
715406,4,3
715406,5,1
715406,6,0
715406,8,23
715406,9,1
715406,10,1
715406,11,9
715406,12,25
715406,13,5
715406,14,3
715406,16,1
715406,17,0
715408,1,5
715408,2,1
715408,3,48
715408,4,3
715408,5,8
715408,6,6
715408,8,22
715408,9,5
715408,10,1
715408,11,24
715408,12,63
715408,13,14
715408,14,3
715408,16,2
715408,17,0
715410,1,12
715410,2,2
715410,3,61
715410,4,7
715410,5,7
715410,6,10
715410,8,52
715410,9,11
715410,10,1
715410,11,18
715410,12,72
715410,13,35
715410,14,7
715410,16,5
715410,17,1
715412,1,6
715412,2,1
715412,3,27
715412,4,2
715412,5,2
715412,6,10
715412,8,6
715412,9,2
715412,10,1
715412,11,16
715412,12,30
715412,13,5
715412,14,1
715412,16,4
715412,17,0
715414,1,5
715414,2,7
715414,3,69
715414,4,2
715414,5,5
715414,6,7
715414,8,16
715414,9,3
715414,10,1
715414,11,30
715414,12,51
715414,13,41
715414,14,16
715414,16,8
715414,17,0
715416,1,2
715416,2,4
715416,3,33
715416,4,1
715416,5,4
715416,6,17
715416,8,24
715416,9,5
715416,10,0
715416,11,19
715416,12,40
715416,13,18
715416,14,13
715416,16,5
715416,17,0
715418,1,1
715418,2,1
715418,3,21
715418,4,0
715418,5,3
715418,6,4
715418,8,13
715418,9,0
715418,10,0
715418,11,13
715418,12,8
715418,13,11
715418,14,5
715418,16,1
715418,17,0
715420,1,1
715420,2,8
715420,3,34
715420,4,2
715420,5,1
715420,6,2
715420,8,17
715420,9,0
715420,10,1
715420,11,11
715420,12,54
715420,13,15
715420,14,3
715420,16,2
715420,17,0
715422,1,2
715422,2,0
715422,3,39
715422,4,2
715422,5,10
715422,6,4
715422,8,17
715422,9,5
715422,10,1
715422,11,21
715422,12,34
715422,13,32
715422,14,5
715422,16,2
715422,17,0
715424,1,6
715424,2,2
715424,3,73
715424,4,5
715424,5,7
715424,6,5
715424,8,37
715424,9,12
715424,10,0
715424,11,18
715424,12,74
715424,13,23
715424,14,3
715424,16,7
715424,17,0
715426,1,2
715426,2,2
715426,3,35
715426,4,3
715426,5,3
715426,6,5
715426,8,5
715426,9,1
715426,10,0
715426,11,14
715426,12,40
715426,13,7
715426,14,1
715426,16,0
715426,17,0
715428,1,1
715428,2,3
715428,3,49
715428,4,3
715428,5,4
715428,6,3
715428,8,11
715428,9,0
715428,10,2
715428,11,15
715428,12,42
715428,13,18
715428,14,1
715428,16,4
715428,17,0
715430,1,2
715430,2,0
715430,3,37
715430,4,2
715430,5,3
715430,6,0
715430,8,17
715430,9,3
715430,10,0
715430,11,15
715430,12,24
715430,13,12
715430,14,9
715430,16,1
715430,17,0
715432,1,1
715432,2,0
715432,3,77
715432,4,5
715432,5,4
715432,6,1
715432,8,22
715432,9,0
715432,10,1
715432,11,14
715432,12,72
715432,13,19
715432,14,26
715432,16,6
715432,17,0
715434,1,2
715434,2,2
715434,3,66
715434,4,3
715434,5,6
715434,6,2
715434,8,22
715434,9,6
715434,10,1
715434,11,22
715434,12,55
715434,13,42
715434,14,16
715434,16,5
715434,17,0
715436,1,4
715436,2,1
715436,3,57
715436,4,3
715436,5,8
715436,6,5
715436,8,27
715436,9,6
715436,10,0
715436,11,16
715436,12,90
715436,13,26
715436,14,36
715436,16,5
715436,17,0
715438,1,2
715438,2,0
715438,3,22
715438,4,2
715438,5,1
715438,6,0
715438,8,3
715438,9,0
715438,10,1
715438,11,7
715438,12,33
715438,13,3
715438,14,10
715438,16,1
715438,17,0
715440,1,2
715440,2,2
715440,3,31
715440,4,2
715440,5,3
715440,6,0
715440,8,17
715440,9,1
715440,10,0
715440,11,12
715440,12,26
715440,13,7
715440,14,1
715440,16,2
715440,17,0
715442,1,2
715442,2,1
715442,3,47
715442,4,1
715442,5,2
715442,6,2
715442,8,12
715442,9,0
715442,10,2
715442,11,11
715442,12,17
715442,13,16
715442,14,7
715442,16,3
715442,17,1
715444,1,11
715444,2,2
715444,3,44
715444,4,2
715444,5,3
715444,6,8
715444,8,41
715444,9,4
715444,10,1
715444,11,17
715444,12,72
715444,13,15
715444,14,17
715444,16,5
715444,17,0
715446,1,0
715446,2,0
715446,3,46
715446,4,4
715446,5,5
715446,6,2
715446,8,18
715446,9,2
715446,10,0
715446,11,12
715446,12,61
715446,13,10
715446,14,30
715446,16,4
715446,17,0
715448,1,2
715448,2,1
715448,3,39
715448,4,3
715448,5,5
715448,6,10
715448,8,36
715448,9,0
715448,10,1
715448,11,21
715448,12,63
715448,13,18
715448,14,14
715448,16,2
715448,17,0
715450,1,2
715450,2,3
715450,3,55
715450,4,5
715450,5,9
715450,6,7
715450,8,23
715450,9,2
715450,10,0
715450,11,23
715450,12,51
715450,13,38
715450,14,33
715450,16,2
715450,17,0
715452,1,10
715452,2,7
715452,3,111
715452,4,7
715452,5,15
715452,6,8
715452,8,33
715452,9,6
715452,10,1
715452,11,80
715452,12,108
715452,13,35
715452,14,27
715452,16,6
715452,17,0
715454,1,8
715454,2,2
715454,3,38
715454,4,1
715454,5,1
715454,6,5
715454,8,8
715454,9,5
715454,10,2
715454,11,18
715454,12,39
715454,13,13
715454,14,10
715454,16,3
715454,17,1
715456,1,8
715456,2,1
715456,3,76
715456,4,6
715456,5,9
715456,6,2
715456,8,23
715456,9,6
715456,10,1
715456,11,43
715456,12,72
715456,13,13
715456,14,13
715456,16,9
715456,17,0
715458,1,2
715458,2,1
715458,3,36
715458,4,1
715458,5,2
715458,6,2
715458,8,16
715458,9,7
715458,10,0
715458,11,12
715458,12,20
715458,13,1
715458,14,1
715458,16,2
715458,17,0
715460,1,16
715460,2,7
715460,3,106
715460,4,15
715460,5,8
715460,6,7
715460,8,55
715460,9,17
715460,10,2
715460,11,47
715460,12,83
715460,13,27
715460,14,12
715460,16,10
715460,17,2
715462,1,5
715462,2,2
715462,3,44
715462,4,1
715462,5,7
715462,6,7
715462,8,23
715462,9,1
715462,10,2
715462,11,19
715462,12,68
715462,13,6
715462,14,7
715462,16,3
715462,17,1
715464,1,9
715464,2,1
715464,3,55
715464,4,5
715464,5,5
715464,6,1
715464,8,34
715464,9,7
715464,10,1
715464,11,12
715464,12,43
715464,13,8
715464,14,4
715464,16,2
715464,17,0
715466,1,2
715466,2,1
715466,3,32
715466,4,5
715466,5,3
715466,6,5
715466,8,12
715466,9,2
715466,10,1
715466,11,7
715466,12,37
715466,13,4
715466,14,0
715466,16,0
715466,17,0
715468,1,15
715468,2,3
715468,3,63
715468,4,1
715468,5,3
715468,6,4
715468,8,21
715468,9,5
715468,10,2
715468,11,15
715468,12,65
715468,13,32
715468,14,10
715468,16,3
715468,17,0
715470,1,14
715470,2,1
715470,3,30
715470,4,2
715470,5,1
715470,6,2
715470,8,10
715470,9,0
715470,10,1
715470,11,14
715470,12,27
715470,13,6
715470,14,2
715470,16,2
715470,17,1
715472,1,6
715472,2,1
715472,3,22
715472,4,1
715472,5,4
715472,6,2
715472,8,25
715472,9,1
715472,10,0
715472,11,9
715472,12,32
715472,13,5
715472,14,1
715472,16,1
715472,17,0
715474,1,3
715474,2,3
715474,3,39
715474,4,2
715474,5,3
715474,6,1
715474,8,6
715474,9,4
715474,10,2
715474,11,10
715474,12,28
715474,13,8
715474,14,19
715474,16,0
715474,17,3
715476,1,5
715476,2,10
715476,3,157
715476,4,21
715476,5,27
715476,6,10
715476,8,37
715476,9,16
715476,10,3
715476,11,37
715476,12,86
715476,13,40
715476,14,124
715476,16,21
715476,17,161
715478,1,1
715478,2,3
715478,3,19
715478,4,2
715478,5,7
715478,6,2
715478,8,11
715478,9,3
715478,10,0
715478,11,4
715478,12,25
715478,13,12
715478,14,8
715478,16,3
715478,17,54
715480,1,11
715480,2,7
715480,3,190
715480,4,4
715480,5,9
715480,6,4
715480,8,17
715480,9,7
715480,10,0
715480,11,83
715480,12,56
715480,13,104
715480,14,77
715480,16,10
715480,17,2
715482,1,2
715482,2,3
715482,3,50
715482,4,3
715482,5,3
715482,6,0
715482,8,11
715482,9,2
715482,10,0
715482,11,16
715482,12,19
715482,13,14
715482,14,32
715482,16,4
715482,17,0
715484,1,2
715484,2,3
715484,3,65
715484,4,1
715484,5,5
715484,6,2
715484,8,9
715484,9,6
715484,10,4
715484,11,14
715484,12,27
715484,13,25
715484,14,83
715484,16,6
715484,17,1
715486,1,0
715486,2,0
715486,3,57
715486,4,1
715486,5,1
715486,6,3
715486,8,8
715486,9,4
715486,10,0
715486,11,10
715486,12,15
715486,13,12
715486,14,17
715486,16,5
715486,17,1
715488,1,3
715488,2,1
715488,3,40
715488,4,3
715488,5,4
715488,6,2
715488,8,5
715488,9,5
715488,10,1
715488,11,10
715488,12,18
715488,13,10
715488,14,44
715488,16,5
715488,17,5
715490,1,4
715490,2,7
715490,3,53
715490,4,6
715490,5,17
715490,6,4
715490,8,11
715490,9,8
715490,10,1
715490,11,22
715490,12,40
715490,13,35
715490,14,60
715490,16,10
715490,17,225
715492,1,1
715492,2,1
715492,3,52
715492,4,1
715492,5,1
715492,6,2
715492,8,8
715492,9,4
715492,10,1
715492,11,10
715492,12,22
715492,13,15
715492,14,67
715492,16,2
715492,17,2
715494,1,31
715494,2,39
715494,3,329
715494,4,14
715494,5,22
715494,6,16
715494,8,95
715494,9,29
715494,10,3
715494,11,124
715494,12,267
715494,13,157
715494,14,107
715494,16,33
715494,17,3
715496,1,13
715496,2,13
715496,3,301
715496,4,15
715496,5,21
715496,6,32
715496,8,113
715496,9,40
715496,10,3
715496,11,77
715496,12,254
715496,13,159
715496,14,43
715496,16,23
715496,17,0
715498,1,14
715498,2,14
715498,3,349
715498,4,14
715498,5,24
715498,6,43
715498,8,105
715498,9,38
715498,10,3
715498,11,99
715498,12,238
715498,13,142
715498,14,48
715498,16,29
715498,17,0
715500,1,2
715500,2,1
715500,3,75
715500,4,6
715500,5,5
715500,6,8
715500,8,16
715500,9,21
715500,10,2
715500,11,16
715500,12,61
715500,13,23
715500,14,17
715500,16,4
715500,17,0
715502,1,0
715502,2,0
715502,3,24
715502,4,1
715502,5,2
715502,6,4
715502,8,2
715502,9,3
715502,10,0
715502,11,7
715502,12,19
715502,13,12
715502,14,2
715502,16,4
715502,17,0
715504,1,4
715504,2,5
715504,3,51
715504,4,6
715504,5,1
715504,6,4
715504,8,49
715504,9,6
715504,10,1
715504,11,8
715504,12,35
715504,13,11
715504,14,5
715504,16,2
715504,17,0
715506,1,2
715506,2,4
715506,3,49
715506,4,2
715506,5,1
715506,6,9
715506,8,31
715506,9,14
715506,10,2
715506,11,15
715506,12,38
715506,13,13
715506,14,1
715506,16,1
715506,17,0
715508,1,6
715508,2,11
715508,3,92
715508,4,9
715508,5,7
715508,6,8
715508,8,95
715508,9,14
715508,10,1
715508,11,28
715508,12,82
715508,13,77
715508,14,9
715508,16,12
715508,17,0
715510,1,14
715510,2,9
715510,3,278
715510,4,10
715510,5,5
715510,6,49
715510,8,47
715510,9,37
715510,10,3
715510,11,30
715510,12,98
715510,13,92
715510,14,25
715510,16,11
715510,17,0
715512,1,11
715512,2,4
715512,3,56
715512,4,1
715512,5,3
715512,6,3
715512,8,9
715512,9,14
715512,10,0
715512,11,12
715512,12,33
715512,13,12
715512,14,1
715512,16,2
715512,17,0
715514,1,15
715514,2,21
715514,3,115
715514,4,11
715514,5,9
715514,6,10
715514,8,95
715514,9,15
715514,10,3
715514,11,91
715514,12,158
715514,13,153
715514,14,104
715514,16,42
715514,17,3
715516,1,15
715516,2,8
715516,3,88
715516,4,6
715516,5,4
715516,6,5
715516,8,67
715516,9,9
715516,10,0
715516,11,37
715516,12,102
715516,13,68
715516,14,33
715516,16,14
715516,17,0
715518,1,3
715518,2,9
715518,3,54
715518,4,7
715518,5,3
715518,6,7
715518,8,23
715518,9,11
715518,10,1
715518,11,32
715518,12,69
715518,13,61
715518,14,26
715518,16,7
715518,17,1
715520,1,14
715520,2,7
715520,3,125
715520,4,7
715520,5,6
715520,6,15
715520,8,41
715520,9,16
715520,10,2
715520,11,102
715520,12,118
715520,13,50
715520,14,19
715520,16,16
715520,17,0
715522,1,18
715522,2,4
715522,3,152
715522,4,7
715522,5,15
715522,6,11
715522,8,34
715522,9,18
715522,10,0
715522,11,50
715522,12,104
715522,13,46
715522,14,28
715522,16,11
715522,17,0
715524,1,16
715524,2,24
715524,3,240
715524,4,21
715524,5,20
715524,6,7
715524,8,124
715524,9,18
715524,10,1
715524,11,69
715524,12,130
715524,13,124
715524,14,50
715524,16,13
715524,17,3
715526,1,5
715526,2,1
715526,3,43
715526,4,5
715526,5,0
715526,6,3
715526,8,8
715526,9,3
715526,10,1
715526,11,8
715526,12,35
715526,13,13
715526,14,5
715526,16,2
715526,17,0
715528,1,2
715528,2,0
715528,3,32
715528,4,2
715528,5,2
715528,6,3
715528,8,17
715528,9,3
715528,10,2
715528,11,14
715528,12,38
715528,13,12
715528,14,4
715528,16,2
715528,17,0
715530,1,2
715530,2,7
715530,3,33
715530,4,3
715530,5,2
715530,6,7
715530,8,16
715530,9,4
715530,10,1
715530,11,8
715530,12,32
715530,13,17
715530,14,10
715530,16,2
715530,17,0
715532,1,3
715532,2,6
715532,3,73
715532,4,4
715532,5,5
715532,6,10
715532,8,19
715532,9,17
715532,10,0
715532,11,27
715532,12,74
715532,13,32
715532,14,26
715532,16,6
715532,17,1
715534,1,1
715534,2,2
715534,3,49
715534,4,4
715534,5,1
715534,6,5
715534,8,13
715534,9,4
715534,10,1
715534,11,20
715534,12,31
715534,13,16
715534,14,8
715534,16,0
715534,17,0
715536,1,13
715536,2,8
715536,3,92
715536,4,3
715536,5,10
715536,6,7
715536,8,34
715536,9,7
715536,10,2
715536,11,41
715536,12,79
715536,13,56
715536,14,38
715536,16,7
715536,17,0
715538,1,1
715538,2,0
715538,3,42
715538,4,1
715538,5,3
715538,6,3
715538,8,13
715538,9,6
715538,10,1
715538,11,19
715538,12,59
715538,13,4
715538,14,15
715538,16,1
715538,17,0
715540,1,2
715540,2,3
715540,3,29
715540,4,3
715540,5,2
715540,6,71
715540,8,9
715540,9,6
715540,10,0
715540,11,11
715540,12,12
715540,13,29
715540,14,3
715540,16,5
715540,17,7
715542,1,0
715542,2,4
715542,3,20
715542,4,0
715542,5,0
715542,6,35
715542,8,12
715542,9,1
715542,10,0
715542,11,16
715542,12,20
715542,13,15
715542,14,3
715542,16,4
715542,17,43
715544,1,5
715544,2,2
715544,3,30
715544,4,6
715544,5,9
715544,6,60
715544,8,15
715544,9,5
715544,10,1
715544,11,11
715544,12,10
715544,13,14
715544,14,6
715544,16,9
715544,17,77
715546,1,2
715546,2,15
715546,3,25
715546,4,3
715546,5,2
715546,6,49
715546,8,13
715546,9,1
715546,10,1
715546,11,15
715546,12,23
715546,13,35
715546,14,10
715546,16,8
715546,17,1
715548,1,6
715548,2,8
715548,3,49
715548,4,4
715548,5,7
715548,6,130
715548,8,28
715548,9,5
715548,10,3
715548,11,19
715548,12,16
715548,13,45
715548,14,9
715548,16,14
715548,17,1
715550,1,2
715550,2,6
715550,3,19
715550,4,2
715550,5,0
715550,6,48
715550,8,5
715550,9,3
715550,10,2
715550,11,12
715550,12,13
715550,13,7
715550,14,4
715550,16,4
715550,17,8
715552,1,5
715552,2,2
715552,3,22
715552,4,1
715552,5,4
715552,6,66
715552,8,6
715552,9,3
715552,10,0
715552,11,17
715552,12,9
715552,13,14
715552,14,3
715552,16,1
715552,17,0
715554,1,3
715554,2,7
715554,3,41
715554,4,4
715554,5,5
715554,6,154
715554,8,12
715554,9,4
715554,10,0
715554,11,26
715554,12,36
715554,13,28
715554,14,12
715554,16,9
715554,17,2
715556,1,4
715556,2,2
715556,3,12
715556,4,3
715556,5,0
715556,6,65
715556,8,6
715556,9,3
715556,10,0
715556,11,11
715556,12,13
715556,13,17
715556,14,3
715556,16,3
715556,17,2
715558,1,2
715558,2,3
715558,3,14
715558,4,2
715558,5,3
715558,6,54
715558,8,2
715558,9,1
715558,10,0
715558,11,9
715558,12,17
715558,13,4
715558,14,6
715558,16,1
715558,17,0
715560,1,4
715560,2,8
715560,3,27
715560,4,1
715560,5,5
715560,6,59
715560,8,11
715560,9,1
715560,10,1
715560,11,24
715560,12,37
715560,13,21
715560,14,7
715560,16,1
715560,17,1
715562,1,6
715562,2,7
715562,3,52
715562,4,8
715562,5,3
715562,6,3
715562,8,48
715562,9,8
715562,10,1
715562,11,35
715562,12,65
715562,13,28
715562,14,22
715562,16,10
715562,17,0
715564,1,11
715564,2,23
715564,3,185
715564,4,15
715564,5,15
715564,6,6
715564,8,150
715564,9,19
715564,10,2
715564,11,113
715564,12,199
715564,13,82
715564,14,64
715564,16,15
715564,17,0
715566,1,4
715566,2,3
715566,3,48
715566,4,1
715566,5,3
715566,6,3
715566,8,20
715566,9,7
715566,10,0
715566,11,19
715566,12,49
715566,13,18
715566,14,11
715566,16,4
715566,17,2
715568,1,14
715568,2,6
715568,3,115
715568,4,12
715568,5,8
715568,6,4
715568,8,91
715568,9,11
715568,10,0
715568,11,53
715568,12,98
715568,13,41
715568,14,27
715568,16,4
715568,17,0
715570,1,3
715570,2,7
715570,3,36
715570,4,10
715570,5,7
715570,6,2
715570,8,144
715570,9,0
715570,10,0
715570,11,20
715570,12,45
715570,13,17
715570,14,7
715570,16,6
715570,17,1
715572,1,8
715572,2,14
715572,3,126
715572,4,9
715572,5,7
715572,6,3
715572,8,84
715572,9,16
715572,10,0
715572,11,55
715572,12,148
715572,13,41
715572,14,87
715572,16,13
715572,17,1
715574,1,10
715574,2,8
715574,3,168
715574,4,14
715574,5,17
715574,6,14
715574,8,89
715574,9,9
715574,10,2
715574,11,82
715574,12,174
715574,13,64
715574,14,39
715574,16,24
715574,17,0
715576,1,0
715576,2,2
715576,3,20
715576,4,3
715576,5,1
715576,6,1
715576,8,32
715576,9,2
715576,10,2
715576,11,12
715576,12,18
715576,13,11
715576,14,9
715576,16,4
715576,17,1
715578,1,1
715578,2,1
715578,3,65
715578,4,0
715578,5,1
715578,6,4
715578,8,27
715578,9,4
715578,10,0
715578,11,26
715578,12,39
715578,13,16
715578,14,11
715578,16,2
715578,17,0
715580,1,23
715580,2,21
715580,3,222
715580,4,23
715580,5,21
715580,6,28
715580,8,261
715580,9,12
715580,10,1
715580,11,182
715580,12,163
715580,13,115
715580,14,42
715580,16,22
715580,17,2
715582,1,5
715582,2,3
715582,3,24
715582,4,6
715582,5,4
715582,6,6
715582,8,49
715582,9,0
715582,10,0
715582,11,24
715582,12,34
715582,13,16
715582,14,11
715582,16,1
715582,17,0
715584,1,2
715584,2,0
715584,3,42
715584,4,13
715584,5,4
715584,6,4
715584,8,31
715584,9,2
715584,10,0
715584,11,15
715584,12,24
715584,13,5
715584,14,4
715584,16,0
715584,17,0
715586,1,5
715586,2,3
715586,3,74
715586,4,5
715586,5,2
715586,6,7
715586,8,28
715586,9,12
715586,10,1
715586,11,26
715586,12,106
715586,13,37
715586,14,21
715586,16,12
715586,17,0
715588,1,7
715588,2,16
715588,3,117
715588,4,5
715588,5,18
715588,6,12
715588,8,53
715588,9,5
715588,10,2
715588,11,55
715588,12,119
715588,13,97
715588,14,39
715588,16,18
715588,17,0
715590,1,11
715590,2,6
715590,3,92
715590,4,1
715590,5,6
715590,6,13
715590,8,22
715590,9,1
715590,10,0
715590,11,55
715590,12,51
715590,13,30
715590,14,10
715590,16,7
715590,17,0
715592,1,7
715592,2,6
715592,3,90
715592,4,6
715592,5,4
715592,6,19
715592,8,35
715592,9,6
715592,10,0
715592,11,85
715592,12,66
715592,13,35
715592,14,10
715592,16,5
715592,17,0
715594,1,5
715594,2,14
715594,3,115
715594,4,5
715594,5,12
715594,6,9
715594,8,35
715594,9,4
715594,10,1
715594,11,79
715594,12,65
715594,13,57
715594,14,18
715594,16,10
715594,17,0
715596,1,12
715596,2,10
715596,3,144
715596,4,7
715596,5,11
715596,6,11
715596,8,42
715596,9,8
715596,10,2
715596,11,99
715596,12,83
715596,13,58
715596,14,21
715596,16,11
715596,17,0
715598,1,8
715598,2,12
715598,3,123
715598,4,11
715598,5,17
715598,6,20
715598,8,47
715598,9,3
715598,10,4
715598,11,82
715598,12,77
715598,13,63
715598,14,16
715598,16,10
715598,17,0
715600,1,10
715600,2,4
715600,3,55
715600,4,0
715600,5,1
715600,6,5
715600,8,11
715600,9,3
715600,10,0
715600,11,22
715600,12,29
715600,13,5
715600,14,1
715600,16,2
715600,17,0
715602,1,9
715602,2,2
715602,3,39
715602,4,3
715602,5,3
715602,6,2
715602,8,15
715602,9,2
715602,10,1
715602,11,45
715602,12,16
715602,13,5
715602,14,6
715602,16,2
715602,17,0
715604,1,2
715604,2,1
715604,3,17
715604,4,4
715604,5,3
715604,6,2
715604,8,5
715604,9,0
715604,10,0
715604,11,19
715604,12,10
715604,13,6
715604,14,1
715604,16,1
715604,17,1
715606,1,4
715606,2,6
715606,3,48
715606,4,6
715606,5,3
715606,6,10
715606,8,25
715606,9,2
715606,10,0
715606,11,31
715606,12,25
715606,13,24
715606,14,6
715606,16,1
715606,17,0
715608,1,12
715608,2,4
715608,3,159
715608,4,5
715608,5,10
715608,6,15
715608,8,44
715608,9,14
715608,10,0
715608,11,41
715608,12,82
715608,13,30
715608,14,9
715608,16,9
715608,17,0
715610,1,19
715610,2,12
715610,3,230
715610,4,9
715610,5,10
715610,6,53
715610,8,63
715610,9,13
715610,10,2
715610,11,91
715610,12,114
715610,13,79
715610,14,24
715610,16,16
715610,17,1
715612,1,27
715612,2,5
715612,3,58
715612,4,5
715612,5,8
715612,6,12
715612,8,19
715612,9,7
715612,10,0
715612,11,26
715612,12,44
715612,13,16
715612,14,1
715612,16,3
715612,17,0
715614,1,11
715614,2,5
715614,3,91
715614,4,3
715614,5,5
715614,6,55
715614,8,36
715614,9,6
715614,10,1
715614,11,44
715614,12,75
715614,13,26
715614,14,13
715614,16,1
715614,17,0
715616,1,9
715616,2,13
715616,3,112
715616,4,10
715616,5,4
715616,6,6
715616,8,59
715616,9,3
715616,10,0
715616,11,67
715616,12,92
715616,13,55
715616,14,24
715616,16,13
715616,17,0
715618,1,2
715618,2,4
715618,3,60
715618,4,0
715618,5,3
715618,6,30
715618,8,24
715618,9,1
715618,10,0
715618,11,18
715618,12,56
715618,13,26
715618,14,11
715618,16,7
715618,17,0
715620,1,2
715620,2,5
715620,3,21
715620,4,0
715620,5,3
715620,6,5
715620,8,30
715620,9,0
715620,10,0
715620,11,8
715620,12,39
715620,13,4
715620,14,6
715620,16,0
715620,17,1
715622,1,4
715622,2,1
715622,3,30
715622,4,2
715622,5,1
715622,6,22
715622,8,8
715622,9,3
715622,10,0
715622,11,18
715622,12,47
715622,13,21
715622,14,8
715622,16,10
715622,17,0
715624,1,1
715624,2,3
715624,3,36
715624,4,1
715624,5,4
715624,6,20
715624,8,18
715624,9,3
715624,10,0
715624,11,5
715624,12,33
715624,13,8
715624,14,4
715624,16,0
715624,17,1
715626,1,1
715626,2,0
715626,3,27
715626,4,2
715626,5,2
715626,6,7
715626,8,7
715626,9,5
715626,10,1
715626,11,3
715626,12,35
715626,13,11
715626,14,8
715626,16,2
715626,17,0
715628,1,1
715628,2,1
715628,3,21
715628,4,2
715628,5,3
715628,6,7
715628,8,14
715628,9,3
715628,10,2
715628,11,15
715628,12,39
715628,13,3
715628,14,6
715628,16,0
715628,17,0
715630,1,2
715630,2,4
715630,3,71
715630,4,3
715630,5,6
715630,6,4
715630,8,18
715630,9,6
715630,10,2
715630,11,37
715630,12,96
715630,13,43
715630,14,18
715630,16,8
715630,17,0
715632,1,1
715632,2,5
715632,3,62
715632,4,1
715632,5,5
715632,6,3
715632,8,11
715632,9,1
715632,10,1
715632,11,19
715632,12,38
715632,13,19
715632,14,13
715632,16,9
715632,17,0
715634,1,9
715634,2,5
715634,3,103
715634,4,3
715634,5,12
715634,6,15
715634,8,13
715634,9,2
715634,10,2
715634,11,35
715634,12,110
715634,13,41
715634,14,73
715634,16,11
715634,17,0
715636,1,7
715636,2,17
715636,3,226
715636,4,14
715636,5,16
715636,6,16
715636,8,56
715636,9,25
715636,10,4
715636,11,106
715636,12,280
715636,13,155
715636,14,104
715636,16,35
715636,17,1
715638,1,27
715638,2,25
715638,3,226
715638,4,13
715638,5,25
715638,6,16
715638,8,88
715638,9,27
715638,10,4
715638,11,129
715638,12,200
715638,13,192
715638,14,102
715638,16,27
715638,17,1
715640,1,6
715640,2,18
715640,3,148
715640,4,12
715640,5,19
715640,6,9
715640,8,67
715640,9,17
715640,10,4
715640,11,89
715640,12,146
715640,13,116
715640,14,84
715640,16,21
715640,17,0
715642,1,21
715642,2,26
715642,3,246
715642,4,11
715642,5,18
715642,6,14
715642,8,68
715642,9,19
715642,10,11
715642,11,138
715642,12,249
715642,13,157
715642,14,128
715642,16,36
715642,17,1
715644,1,1
715644,2,7
715644,3,64
715644,4,4
715644,5,3
715644,6,2
715644,8,18
715644,9,9
715644,10,0
715644,11,16
715644,12,41
715644,13,14
715644,14,6
715644,16,1
715644,17,0
715646,1,3
715646,2,1
715646,3,73
715646,4,3
715646,5,1
715646,6,6
715646,8,15
715646,9,5
715646,10,0
715646,11,11
715646,12,46
715646,13,12
715646,14,0
715646,16,1
715646,17,0
715648,1,3
715648,2,1
715648,3,77
715648,4,4
715648,5,2
715648,6,9
715648,8,9
715648,9,13
715648,10,2
715648,11,16
715648,12,51
715648,13,26
715648,14,11
715648,16,5
715648,17,0
715650,1,2
715650,2,2
715650,3,60
715650,4,2
715650,5,2
715650,6,14
715650,8,25
715650,9,7
715650,10,1
715650,11,18
715650,12,49
715650,13,37
715650,14,17
715650,16,2
715650,17,1
715652,1,10
715652,2,7
715652,3,245
715652,4,8
715652,5,2
715652,6,25
715652,8,45
715652,9,20
715652,10,1
715652,11,40
715652,12,98
715652,13,86
715652,14,22
715652,16,11
715652,17,0
715654,1,4
715654,2,5
715654,3,65
715654,4,1
715654,5,2
715654,6,1
715654,8,4
715654,9,3
715654,10,1
715654,11,7
715654,12,8
715654,13,8
715654,14,3
715654,16,3
715654,17,0
715656,1,18
715656,2,32
715656,3,285
715656,4,15
715656,5,15
715656,6,15
715656,8,63
715656,9,22
715656,10,6
715656,11,78
715656,12,182
715656,13,158
715656,14,57
715656,16,29
715656,17,0
715658,1,4
715658,2,8
715658,3,118
715658,4,3
715658,5,5
715658,6,6
715658,8,17
715658,9,3
715658,10,0
715658,11,17
715658,12,45
715658,13,32
715658,14,11
715658,16,11
715658,17,0
715660,1,1
715660,2,4
715660,3,101
715660,4,1
715660,5,4
715660,6,2
715660,8,17
715660,9,9
715660,10,0
715660,11,20
715660,12,67
715660,13,31
715660,14,9
715660,16,6
715660,17,0
715662,1,2
715662,2,1
715662,3,45
715662,4,3
715662,5,4
715662,6,0
715662,8,9
715662,9,3
715662,10,3
715662,11,10
715662,12,34
715662,13,21
715662,14,2
715662,16,4
715662,17,0
715664,1,2
715664,2,2
715664,3,23
715664,4,4
715664,5,2
715664,6,1
715664,8,13
715664,9,2
715664,10,0
715664,11,12
715664,12,17
715664,13,9
715664,14,6
715664,16,4
715664,17,0
715666,1,3
715666,2,2
715666,3,50
715666,4,0
715666,5,4
715666,6,1
715666,8,7
715666,9,1
715666,10,1
715666,11,14
715666,12,43
715666,13,23
715666,14,5
715666,16,3
715666,17,0
715668,1,0
715668,2,1
715668,3,40
715668,4,0
715668,5,2
715668,6,0
715668,8,7
715668,9,0
715668,10,0
715668,11,12
715668,12,27
715668,13,12
715668,14,8
715668,16,2
715668,17,0
715670,1,1
715670,2,1
715670,3,15
715670,4,1
715670,5,2
715670,6,2
715670,8,3
715670,9,5
715670,10,0
715670,11,4
715670,12,19
715670,13,13
715670,14,4
715670,16,0
715670,17,1
715672,1,4
715672,2,14
715672,3,191
715672,4,6
715672,5,9
715672,6,13
715672,8,40
715672,9,15
715672,10,4
715672,11,37
715672,12,237
715672,13,89
715672,14,61
715672,16,7
715672,17,0
715674,1,7
715674,2,9
715674,3,167
715674,4,6
715674,5,5
715674,6,26
715674,8,31
715674,9,12
715674,10,2
715674,11,52
715674,12,166
715674,13,75
715674,14,65
715674,16,10
715674,17,2
715676,1,8
715676,2,9
715676,3,229
715676,4,11
715676,5,22
715676,6,31
715676,8,73
715676,9,21
715676,10,3
715676,11,109
715676,12,240
715676,13,91
715676,14,51
715676,16,15
715676,17,0
715678,1,15
715678,2,8
715678,3,174
715678,4,10
715678,5,7
715678,6,33
715678,8,48
715678,9,7
715678,10,4
715678,11,73
715678,12,185
715678,13,81
715678,14,28
715678,16,17
715678,17,0
715680,1,0
715680,2,1
715680,3,54
715680,4,6
715680,5,1
715680,6,12
715680,8,29
715680,9,3
715680,10,0
715680,11,16
715680,12,54
715680,13,22
715680,14,12
715680,16,1
715680,17,1
715682,1,7
715682,2,0
715682,3,37
715682,4,2
715682,5,6
715682,6,2
715682,8,16
715682,9,8
715682,10,0
715682,11,13
715682,12,37
715682,13,15
715682,14,7
715682,16,0
715682,17,0
715684,1,2
715684,2,1
715684,3,15
715684,4,2
715684,5,4
715684,6,3
715684,8,9
715684,9,0
715684,10,0
715684,11,11
715684,12,32
715684,13,14
715684,14,4
715684,16,2
715684,17,1
715686,1,6
715686,2,7
715686,3,73
715686,4,3
715686,5,9
715686,6,2
715686,8,33
715686,9,2
715686,10,0
715686,11,21
715686,12,47
715686,13,31
715686,14,7
715686,16,4
715686,17,0
715688,1,5
715688,2,1
715688,3,41
715688,4,3
715688,5,8
715688,6,5
715688,8,22
715688,9,4
715688,10,1
715688,11,11
715688,12,29
715688,13,13
715688,14,2
715688,16,3
715688,17,0
715690,1,9
715690,2,19
715690,3,258
715690,4,15
715690,5,29
715690,6,19
715690,8,97
715690,9,27
715690,10,4
715690,11,66
715690,12,270
715690,13,131
715690,14,151
715690,16,23
715690,17,3
715692,1,10
715692,2,31
715692,3,352
715692,4,15
715692,5,30
715692,6,30
715692,8,121
715692,9,16
715692,10,2
715692,11,104
715692,12,348
715692,13,207
715692,14,199
715692,16,27
715692,17,1
715694,1,6
715694,2,12
715694,3,130
715694,4,5
715694,5,8
715694,6,12
715694,8,26
715694,9,7
715694,10,0
715694,11,29
715694,12,130
715694,13,79
715694,14,48
715694,16,13
715694,17,2
715696,1,9
715696,2,11
715696,3,224
715696,4,9
715696,5,14
715696,6,16
715696,8,100
715696,9,9
715696,10,1
715696,11,77
715696,12,260
715696,13,147
715696,14,170
715696,16,16
715696,17,0
715698,1,10
715698,2,23
715698,3,322
715698,4,10
715698,5,25
715698,6,23
715698,8,91
715698,9,19
715698,10,3
715698,11,93
715698,12,342
715698,13,124
715698,14,173
715698,16,24
715698,17,0
715700,1,8
715700,2,11
715700,3,172
715700,4,10
715700,5,17
715700,6,15
715700,8,54
715700,9,9
715700,10,0
715700,11,53
715700,12,200
715700,13,93
715700,14,109
715700,16,8
715700,17,0
715702,1,4
715702,2,0
715702,3,57
715702,4,5
715702,5,1
715702,6,2
715702,8,18
715702,9,5
715702,10,0
715702,11,10
715702,12,52
715702,13,11
715702,14,19
715702,16,5
715702,17,0
715704,1,3
715704,2,1
715704,3,76
715704,4,3
715704,5,8
715704,6,4
715704,8,38
715704,9,4
715704,10,0
715704,11,19
715704,12,79
715704,13,43
715704,14,13
715704,16,3
715704,17,2
715706,1,2
715706,2,1
715706,3,42
715706,4,2
715706,5,1
715706,6,1
715706,8,27
715706,9,2
715706,10,0
715706,11,14
715706,12,50
715706,13,13
715706,14,10
715706,16,2
715706,17,0
715708,1,7
715708,2,2
715708,3,53
715708,4,4
715708,5,6
715708,6,3
715708,8,18
715708,9,7
715708,10,2
715708,11,20
715708,12,41
715708,13,24
715708,14,10
715708,16,7
715708,17,0
715710,1,1
715710,2,1
715710,3,23
715710,4,2
715710,5,3
715710,6,3
715710,8,74
715710,9,2
715710,10,4
715710,11,10
715710,12,52
715710,13,14
715710,14,14
715710,16,3
715710,17,0
715712,1,4
715712,2,0
715712,3,31
715712,4,3
715712,5,6
715712,6,0
715712,8,20
715712,9,1
715712,10,3
715712,11,9
715712,12,48
715712,13,19
715712,14,8
715712,16,2
715712,17,0
715714,1,24
715714,2,16
715714,3,260
715714,4,12
715714,5,15
715714,6,30
715714,8,75
715714,9,18
715714,10,3
715714,11,159
715714,12,341
715714,13,102
715714,14,45
715714,16,38
715714,17,1
715716,1,30
715716,2,16
715716,3,323
715716,4,17
715716,5,34
715716,6,38
715716,8,119
715716,9,20
715716,10,2
715716,11,213
715716,12,417
715716,13,167
715716,14,71
715716,16,37
715716,17,1
715718,1,17
715718,2,19
715718,3,153
715718,4,11
715718,5,16
715718,6,24
715718,8,47
715718,9,10
715718,10,5
715718,11,80
715718,12,183
715718,13,94
715718,14,32
715718,16,12
715718,17,0
715720,1,36
715720,2,32
715720,3,317
715720,4,16
715720,5,25
715720,6,24
715720,8,100
715720,9,36
715720,10,6
715720,11,181
715720,12,358
715720,13,155
715720,14,65
715720,16,33
715720,17,0
715722,1,5
715722,2,30
715722,3,201
715722,4,15
715722,5,24
715722,6,27
715722,8,97
715722,9,19
715722,10,2
715722,11,115
715722,12,191
715722,13,122
715722,14,59
715722,16,14
715722,17,0
715724,1,11
715724,2,22
715724,3,191
715724,4,17
715724,5,20
715724,6,14
715724,8,85
715724,9,18
715724,10,1
715724,11,96
715724,12,199
715724,13,170
715724,14,75
715724,16,23
715724,17,1
715726,1,15
715726,2,12
715726,3,219
715726,4,11
715726,5,18
715726,6,28
715726,8,82
715726,9,13
715726,10,3
715726,11,97
715726,12,199
715726,13,152
715726,14,55
715726,16,27
715726,17,1
715728,1,9
715728,2,6
715728,3,134
715728,4,4
715728,5,17
715728,6,4
715728,8,36
715728,9,8
715728,10,1
715728,11,60
715728,12,122
715728,13,67
715728,14,20
715728,16,15
715728,17,1
715730,1,3
715730,2,5
715730,3,68
715730,4,4
715730,5,10
715730,6,6
715730,8,25
715730,9,1
715730,10,2
715730,11,17
715730,12,74
715730,13,30
715730,14,11
715730,16,5
715730,17,0
715732,1,5
715732,2,0
715732,3,30
715732,4,4
715732,5,2
715732,6,11
715732,8,12
715732,9,10
715732,10,0
715732,11,8
715732,12,21
715732,13,4
715732,14,2
715732,16,3
715732,17,1
715734,1,9
715734,2,17
715734,3,137
715734,4,12
715734,5,23
715734,6,12
715734,8,73
715734,9,18
715734,10,1
715734,11,78
715734,12,168
715734,13,76
715734,14,54
715734,16,31
715734,17,0
715736,1,2
715736,2,3
715736,3,100
715736,4,5
715736,5,7
715736,6,4
715736,8,32
715736,9,3
715736,10,0
715736,11,41
715736,12,80
715736,13,25
715736,14,7
715736,16,6
715736,17,0
715738,1,7
715738,2,9
715738,3,168
715738,4,5
715738,5,7
715738,6,16
715738,8,41
715738,9,11
715738,10,4
715738,11,60
715738,12,105
715738,13,46
715738,14,12
715738,16,6
715738,17,1
715740,1,1
715740,2,1
715740,3,45
715740,4,3
715740,5,0
715740,6,0
715740,8,10
715740,9,1
715740,10,0
715740,11,5
715740,12,8
715740,13,13
715740,14,0
715740,16,1
715740,17,0
715742,1,3
715742,2,2
715742,3,68
715742,4,2
715742,5,2
715742,6,5
715742,8,9
715742,9,4
715742,10,0
715742,11,22
715742,12,37
715742,13,26
715742,14,10
715742,16,1
715742,17,0
715744,1,2
715744,2,1
715744,3,14
715744,4,6
715744,5,0
715744,6,5
715744,8,8
715744,9,5
715744,10,1
715744,11,18
715744,12,28
715744,13,8
715744,14,1
715744,16,2
715744,17,2
715746,1,1
715746,2,8
715746,3,45
715746,4,2
715746,5,7
715746,6,4
715746,8,10
715746,9,5
715746,10,4
715746,11,14
715746,12,45
715746,13,13
715746,14,17
715746,16,3
715746,17,0
715748,1,4
715748,2,1
715748,3,62
715748,4,4
715748,5,2
715748,6,4
715748,8,33
715748,9,2
715748,10,2
715748,11,20
715748,12,20
715748,13,18
715748,14,8
715748,16,3
715748,17,2
715750,1,1
715750,2,2
715750,3,26
715750,4,7
715750,5,4
715750,6,1
715750,8,23
715750,9,4
715750,10,0
715750,11,12
715750,12,28
715750,13,16
715750,14,1
715750,16,2
715750,17,0
715752,1,4
715752,2,3
715752,3,45
715752,4,4
715752,5,5
715752,6,2
715752,8,19
715752,9,11
715752,10,0
715752,11,6
715752,12,24
715752,13,15
715752,14,10
715752,16,4
715752,17,0
715754,1,2
715754,2,2
715754,3,28
715754,4,3
715754,5,3
715754,6,5
715754,8,26
715754,9,1
715754,10,0
715754,11,11
715754,12,24
715754,13,9
715754,14,4
715754,16,3
715754,17,0
715756,1,13
715756,2,6
715756,3,140
715756,4,17
715756,5,15
715756,6,3
715756,8,79
715756,9,16
715756,10,1
715756,11,32
715756,12,72
715756,13,57
715756,14,15
715756,16,10
715756,17,1
715758,1,3
715758,2,3
715758,3,49
715758,4,5
715758,5,2
715758,6,2
715758,8,35
715758,9,9
715758,10,0
715758,11,15
715758,12,21
715758,13,12
715758,14,5
715758,16,0
715758,17,0
715760,1,8
715760,2,3
715760,3,178
715760,4,14
715760,5,7
715760,6,4
715760,8,108
715760,9,7
715760,10,1
715760,11,45
715760,12,76
715760,13,88
715760,14,21
715760,16,9
715760,17,0
715762,1,2
715762,2,3
715762,3,38
715762,4,1
715762,5,4
715762,6,3
715762,8,8
715762,9,2
715762,10,1
715762,11,19
715762,12,32
715762,13,13
715762,14,2
715762,16,6
715762,17,0
715764,1,10
715764,2,3
715764,3,27
715764,4,0
715764,5,3
715764,6,1
715764,8,10
715764,9,2
715764,10,0
715764,11,10
715764,12,40
715764,13,18
715764,14,13
715764,16,5
715764,17,0
715766,1,5
715766,2,6
715766,3,74
715766,4,6
715766,5,1
715766,6,2
715766,8,25
715766,9,2
715766,10,3
715766,11,33
715766,12,36
715766,13,49
715766,14,12
715766,16,1
715766,17,0
715768,1,2
715768,2,0
715768,3,57
715768,4,1
715768,5,2
715768,6,2
715768,8,5
715768,9,2
715768,10,1
715768,11,17
715768,12,22
715768,13,9
715768,14,6
715768,16,1
715768,17,0
715770,1,3
715770,2,0
715770,3,44
715770,4,2
715770,5,2
715770,6,2
715770,8,12
715770,9,1
715770,10,1
715770,11,68
715770,12,22
715770,13,19
715770,14,4
715770,16,2
715770,17,1
715772,1,9
715772,2,1
715772,3,38
715772,4,0
715772,5,5
715772,6,5
715772,8,19
715772,9,2
715772,10,0
715772,11,16
715772,12,34
715772,13,10
715772,14,10
715772,16,5
715772,17,1
715774,1,6
715774,2,6
715774,3,46
715774,4,2
715774,5,0
715774,6,2
715774,8,5
715774,9,5
715774,10,1
715774,11,11
715774,12,18
715774,13,19
715774,14,4
715774,16,6
715774,17,1
715776,1,9
715776,2,7
715776,3,61
715776,4,5
715776,5,4
715776,6,18
715776,8,19
715776,9,2
715776,10,2
715776,11,33
715776,12,61
715776,13,22
715776,14,3
715776,16,3
715776,17,0
715778,1,5
715778,2,3
715778,3,35
715778,4,8
715778,5,1
715778,6,6
715778,8,23
715778,9,1
715778,10,0
715778,11,49
715778,12,38
715778,13,26
715778,14,14
715778,16,9
715778,17,0
715780,1,2
715780,2,3
715780,3,30
715780,4,2
715780,5,1
715780,6,2
715780,8,12
715780,9,1
715780,10,1
715780,11,30
715780,12,31
715780,13,27
715780,14,3
715780,16,3
715780,17,0
715782,1,11
715782,2,7
715782,3,206
715782,4,12
715782,5,8
715782,6,10
715782,8,63
715782,9,10
715782,10,3
715782,11,76
715782,12,150
715782,13,79
715782,14,19
715782,16,13
715782,17,1
715784,1,7
715784,2,2
715784,3,62
715784,4,2
715784,5,6
715784,6,3
715784,8,32
715784,9,9
715784,10,1
715784,11,22
715784,12,43
715784,13,9
715784,14,5
715784,16,4
715784,17,0
715786,1,4
715786,2,3
715786,3,46
715786,4,1
715786,5,7
715786,6,8
715786,8,36
715786,9,11
715786,10,1
715786,11,18
715786,12,52
715786,13,16
715786,14,6
715786,16,8
715786,17,0
715788,1,22
715788,2,5
715788,3,246
715788,4,6
715788,5,22
715788,6,29
715788,8,98
715788,9,11
715788,10,2
715788,11,108
715788,12,274
715788,13,96
715788,14,47
715788,16,23
715788,17,2
715790,1,3
715790,2,9
715790,3,66
715790,4,3
715790,5,3
715790,6,3
715790,8,43
715790,9,1
715790,10,0
715790,11,24
715790,12,75
715790,13,14
715790,14,4
715790,16,2
715790,17,0
715792,1,1
715792,2,5
715792,3,36
715792,4,2
715792,5,4
715792,6,1
715792,8,32
715792,9,5
715792,10,0
715792,11,22
715792,12,40
715792,13,8
715792,14,8
715792,16,0
715792,17,0
715794,1,2
715794,2,1
715794,3,30
715794,4,4
715794,5,6
715794,6,0
715794,8,24
715794,9,4
715794,10,0
715794,11,25
715794,12,41
715794,13,9
715794,14,4
715794,16,1
715794,17,0
715796,1,6
715796,2,3
715796,3,25
715796,4,0
715796,5,0
715796,6,8
715796,8,15
715796,9,1
715796,10,0
715796,11,9
715796,12,30
715796,13,5
715796,14,3
715796,16,2
715796,17,1
715798,1,5
715798,2,1
715798,3,94
715798,4,3
715798,5,4
715798,6,2
715798,8,9
715798,9,5
715798,10,0
715798,11,14
715798,12,21
715798,13,10
715798,14,2
715798,16,2
715798,17,0
715800,1,35
715800,2,31
715800,3,332
715800,4,9
715800,5,24
715800,6,59
715800,8,112
715800,9,24
715800,10,2
715800,11,158
715800,12,365
715800,13,125
715800,14,66
715800,16,30
715800,17,4
715802,1,20
715802,2,18
715802,3,326
715802,4,10
715802,5,17
715802,6,44
715802,8,129
715802,9,31
715802,10,1
715802,11,141
715802,12,273
715802,13,134
715802,14,78
715802,16,34
715802,17,6
715804,1,28
715804,2,32
715804,3,431
715804,4,17
715804,5,50
715804,6,94
715804,8,126
715804,9,26
715804,10,5
715804,11,193
715804,12,382
715804,13,207
715804,14,86
715804,16,39
715804,17,3
715806,1,22
715806,2,15
715806,3,220
715806,4,15
715806,5,30
715806,6,23
715806,8,95
715806,9,14
715806,10,2
715806,11,108
715806,12,258
715806,13,82
715806,14,39
715806,16,27
715806,17,5
715808,1,36
715808,2,19
715808,3,375
715808,4,27
715808,5,28
715808,6,48
715808,8,126
715808,9,29
715808,10,9
715808,11,157
715808,12,364
715808,13,134
715808,14,51
715808,16,43
715808,17,4
715810,1,33
715810,2,23
715810,3,376
715810,4,26
715810,5,38
715810,6,63
715810,8,131
715810,9,37
715810,10,2
715810,11,187
715810,12,423
715810,13,132
715810,14,49
715810,16,37
715810,17,4
715812,1,10
715812,2,2
715812,3,102
715812,4,4
715812,5,8
715812,6,14
715812,8,36
715812,9,6
715812,10,0
715812,11,51
715812,12,92
715812,13,40
715812,14,11
715812,16,7
715812,17,1
715814,1,2
715814,2,2
715814,3,98
715814,4,4
715814,5,8
715814,6,5
715814,8,31
715814,9,6
715814,10,0
715814,11,54
715814,12,32
715814,13,32
715814,14,33
715814,16,16
715814,17,6
715816,1,7
715816,2,105
715816,3,135
715816,4,33
715816,5,48
715816,6,10
715816,8,56
715816,9,38
715816,10,21
715816,11,88
715816,12,110
715816,13,632
715816,14,198
715816,16,153
715816,17,49
715818,1,5
715818,2,56
715818,3,117
715818,4,20
715818,5,12
715818,6,15
715818,8,48
715818,9,13
715818,10,24
715818,11,58
715818,12,81
715818,13,442
715818,14,182
715818,16,110
715818,17,34
715820,1,5
715820,2,58
715820,3,120
715820,4,43
715820,5,24
715820,6,4
715820,8,55
715820,9,20
715820,10,25
715820,11,78
715820,12,66
715820,13,572
715820,14,254
715820,16,187
715820,17,29
715822,1,15
715822,2,109
715822,3,208
715822,4,54
715822,5,52
715822,6,17
715822,8,77
715822,9,42
715822,10,18
715822,11,133
715822,12,141
715822,13,712
715822,14,228
715822,16,204
715822,17,75
715824,1,5
715824,2,69
715824,3,119
715824,4,34
715824,5,38
715824,6,4
715824,8,47
715824,9,22
715824,10,14
715824,11,80
715824,12,70
715824,13,548
715824,14,160
715824,16,185
715824,17,54
715826,1,8
715826,2,74
715826,3,167
715826,4,57
715826,5,36
715826,6,9
715826,8,43
715826,9,28
715826,10,23
715826,11,84
715826,12,83
715826,13,658
715826,14,209
715826,16,238
715826,17,70
715828,1,12
715828,2,77
715828,3,221
715828,4,43
715828,5,78
715828,6,24
715828,8,60
715828,9,48
715828,10,25
715828,11,105
715828,12,112
715828,13,672
715828,14,211
715828,16,296
715828,17,130
715830,1,15
715830,2,97
715830,3,184
715830,4,77
715830,5,51
715830,6,6
715830,8,65
715830,9,19
715830,10,14
715830,11,104
715830,12,74
715830,13,876
715830,14,286
715830,16,402
715830,17,66
715832,1,15
715832,2,39
715832,3,184
715832,4,49
715832,5,82
715832,6,10
715832,8,48
715832,9,50
715832,10,41
715832,11,92
715832,12,126
715832,13,207
715832,14,51
715832,16,65
715832,17,155
715834,1,11
715834,2,32
715834,3,145
715834,4,41
715834,5,55
715834,6,9
715834,8,37
715834,9,35
715834,10,30
715834,11,77
715834,12,110
715834,13,295
715834,14,115
715834,16,128
715834,17,85
715836,1,12
715836,2,105
715836,3,115
715836,4,47
715836,5,30
715836,6,4
715836,8,47
715836,9,16
715836,10,36
715836,11,90
715836,12,72
715836,13,713
715836,14,233
715836,16,240
715836,17,50
715838,1,12
715838,2,116
715838,3,175
715838,4,36
715838,5,41
715838,6,16
715838,8,65
715838,9,28
715838,10,32
715838,11,117
715838,12,112
715838,13,633
715838,14,188
715838,16,205
715838,17,47
715840,1,13
715840,2,77
715840,3,221
715840,4,33
715840,5,64
715840,6,24
715840,8,75
715840,9,38
715840,10,19
715840,11,171
715840,12,183
715840,13,385
715840,14,143
715840,16,105
715840,17,149
715842,1,13
715842,2,97
715842,3,233
715842,4,52
715842,5,52
715842,6,15
715842,8,91
715842,9,31
715842,10,29
715842,11,174
715842,12,151
715842,13,755
715842,14,282
715842,16,272
715842,17,103
715844,1,19
715844,2,109
715844,3,198
715844,4,60
715844,5,62
715844,6,14
715844,8,64
715844,9,39
715844,10,51
715844,11,152
715844,12,129
715844,13,805
715844,14,255
715844,16,366
715844,17,81
715846,1,9
715846,2,65
715846,3,87
715846,4,37
715846,5,18
715846,6,7
715846,8,65
715846,9,6
715846,10,22
715846,11,72
715846,12,59
715846,13,517
715846,14,179
715846,16,175
715846,17,21
715848,1,9
715848,2,93
715848,3,142
715848,4,54
715848,5,26
715848,6,12
715848,8,68
715848,9,15
715848,10,30
715848,11,82
715848,12,71
715848,13,776
715848,14,278
715848,16,287
715848,17,55
715850,1,6
715850,2,95
715850,3,113
715850,4,39
715850,5,25
715850,6,7
715850,8,37
715850,9,28
715850,10,25
715850,11,86
715850,12,69
715850,13,659
715850,14,223
715850,16,233
715850,17,70
715852,1,12
715852,2,120
715852,3,285
715852,4,55
715852,5,41
715852,6,22
715852,8,97
715852,9,38
715852,10,24
715852,11,191
715852,12,158
715852,13,852
715852,14,311
715852,16,271
715852,17,97
715854,1,3
715854,2,47
715854,3,73
715854,4,28
715854,5,12
715854,6,5
715854,8,37
715854,9,9
715854,10,8
715854,11,54
715854,12,56
715854,13,390
715854,14,111
715854,16,105
715854,17,25
715856,1,13
715856,2,116
715856,3,168
715856,4,56
715856,5,30
715856,6,8
715856,8,68
715856,9,29
715856,10,13
715856,11,120
715856,12,85
715856,13,699
715856,14,178
715856,16,222
715856,17,57
715858,1,4
715858,2,188
715858,3,196
715858,4,64
715858,5,49
715858,6,9
715858,8,76
715858,9,30
715858,10,26
715858,11,145
715858,12,119
715858,13,933
715858,14,278
715858,16,237
715858,17,58
715860,1,18
715860,2,101
715860,3,187
715860,4,57
715860,5,53
715860,6,10
715860,8,60
715860,9,26
715860,10,28
715860,11,93
715860,12,119
715860,13,579
715860,14,147
715860,16,165
715860,17,84
715862,1,16
715862,2,106
715862,3,198
715862,4,46
715862,5,54
715862,6,7
715862,8,72
715862,9,27
715862,10,11
715862,11,119
715862,12,116
715862,13,687
715862,14,196
715862,16,202
715862,17,52
715864,1,17
715864,2,168
715864,3,227
715864,4,67
715864,5,47
715864,6,19
715864,8,100
715864,9,34
715864,10,33
715864,11,160
715864,12,130
715864,13,1039
715864,14,292
715864,16,268
715864,17,60
715866,1,1
715866,2,88
715866,3,88
715866,4,40
715866,5,18
715866,6,4
715866,8,66
715866,9,18
715866,10,10
715866,11,105
715866,12,54
715866,13,554
715866,14,197
715866,16,164
715866,17,43
715868,1,13
715868,2,88
715868,3,175
715868,4,39
715868,5,66
715868,6,12
715868,8,53
715868,9,46
715868,10,57
715868,11,134
715868,12,136
715868,13,684
715868,14,280
715868,16,275
715868,17,193
715870,1,8
715870,2,150
715870,3,250
715870,4,27
715870,5,30
715870,6,17
715870,8,67
715870,9,48
715870,10,32
715870,11,183
715870,12,133
715870,13,679
715870,14,258
715870,16,214
715870,17,148
715872,1,10
715872,2,125
715872,3,200
715872,4,42
715872,5,38
715872,6,12
715872,8,70
715872,9,13
715872,10,17
715872,11,181
715872,12,98
715872,13,988
715872,14,398
715872,16,272
715872,17,43
715874,1,7
715874,2,56
715874,3,116
715874,4,20
715874,5,34
715874,6,7
715874,8,42
715874,9,26
715874,10,10
715874,11,59
715874,12,56
715874,13,283
715874,14,79
715874,16,63
715874,17,42
715876,1,10
715876,2,27
715876,3,137
715876,4,6
715876,5,37
715876,6,17
715876,8,25
715876,9,18
715876,10,8
715876,11,87
715876,12,91
715876,13,152
715876,14,151
715876,16,39
715876,17,99
715878,1,15
715878,2,62
715878,3,281
715878,4,32
715878,5,17
715878,6,11
715878,8,88
715878,9,17
715878,10,2
715878,11,146
715878,12,103
715878,13,423
715878,14,181
715878,16,92
715878,17,1
715880,1,9
715880,2,68
715880,3,318
715880,4,25
715880,5,25
715880,6,30
715880,8,83
715880,9,20
715880,10,3
715880,11,167
715880,12,170
715880,13,424
715880,14,153
715880,16,76
715880,17,2
715882,1,15
715882,2,9
715882,3,105
715882,4,8
715882,5,12
715882,6,7
715882,8,32
715882,9,9
715882,10,0
715882,11,28
715882,12,58
715882,13,68
715882,14,31
715882,16,13
715882,17,0
715884,1,25
715884,2,32
715884,3,225
715884,4,26
715884,5,22
715884,6,23
715884,8,68
715884,9,15
715884,10,4
715884,11,82
715884,12,195
715884,13,162
715884,14,59
715884,16,30
715884,17,0
715886,1,16
715886,2,49
715886,3,214
715886,4,22
715886,5,18
715886,6,6
715886,8,78
715886,9,9
715886,10,3
715886,11,86
715886,12,134
715886,13,235
715886,14,67
715886,16,33
715886,17,1
715888,1,14
715888,2,16
715888,3,288
715888,4,14
715888,5,22
715888,6,13
715888,8,49
715888,9,22
715888,10,1
715888,11,54
715888,12,114
715888,13,115
715888,14,46
715888,16,18
715888,17,0
715890,1,14
715890,2,29
715890,3,281
715890,4,12
715890,5,11
715890,6,7
715890,8,58
715890,9,9
715890,10,3
715890,11,50
715890,12,106
715890,13,152
715890,14,50
715890,16,19
715890,17,4
715892,1,5
715892,2,7
715892,3,58
715892,4,2
715892,5,3
715892,6,4
715892,8,28
715892,9,13
715892,10,0
715892,11,14
715892,12,24
715892,13,15
715892,14,3
715892,16,4
715892,17,0
715894,1,0
715894,2,4
715894,3,36
715894,4,1
715894,5,4
715894,6,1
715894,8,17
715894,9,24
715894,10,0
715894,11,11
715894,12,37
715894,13,17
715894,14,4
715894,16,5
715894,17,0
715896,1,9
715896,2,15
715896,3,89
715896,4,5
715896,5,6
715896,6,9
715896,8,39
715896,9,29
715896,10,1
715896,11,34
715896,12,58
715896,13,31
715896,14,11
715896,16,11
715896,17,1
715898,1,24
715898,2,44
715898,3,407
715898,4,21
715898,5,19
715898,6,20
715898,8,109
715898,9,139
715898,10,6
715898,11,142
715898,12,336
715898,13,163
715898,14,118
715898,16,46
715898,17,3
715900,1,3
715900,2,1
715900,3,31
715900,4,2
715900,5,5
715900,6,2
715900,8,16
715900,9,7
715900,10,0
715900,11,7
715900,12,26
715900,13,12
715900,14,3
715900,16,1
715900,17,2
715902,1,18
715902,2,11
715902,3,225
715902,4,15
715902,5,19
715902,6,13
715902,8,63
715902,9,71
715902,10,3
715902,11,89
715902,12,174
715902,13,93
715902,14,45
715902,16,38
715902,17,1
715904,1,0
715904,2,1
715904,3,38
715904,4,3
715904,5,1
715904,6,0
715904,8,4
715904,9,12
715904,10,1
715904,11,9
715904,12,19
715904,13,3
715904,14,17
715904,16,2
715904,17,0
715906,1,5
715906,2,1
715906,3,58
715906,4,7
715906,5,1
715906,6,2
715906,8,26
715906,9,8
715906,10,0
715906,11,12
715906,12,22
715906,13,15
715906,14,5
715906,16,4
715906,17,0
715908,1,4
715908,2,1
715908,3,33
715908,4,2
715908,5,1
715908,6,4
715908,8,9
715908,9,0
715908,10,0
715908,11,27
715908,12,25
715908,13,14
715908,14,24
715908,16,4
715908,17,0
715910,1,5
715910,2,5
715910,3,59
715910,4,2
715910,5,5
715910,6,8
715910,8,17
715910,9,3
715910,10,3
715910,11,33
715910,12,32
715910,13,49
715910,14,28
715910,16,10
715910,17,1
715912,1,5
715912,2,2
715912,3,35
715912,4,5
715912,5,3
715912,6,2
715912,8,7
715912,9,5
715912,10,0
715912,11,23
715912,12,32
715912,13,14
715912,14,17
715912,16,1
715912,17,2
715914,1,2
715914,2,1
715914,3,37
715914,4,2
715914,5,3
715914,6,1
715914,8,4
715914,9,2
715914,10,3
715914,11,8
715914,12,10
715914,13,6
715914,14,10
715914,16,1
715914,17,0
715916,1,6
715916,2,4
715916,3,118
715916,4,8
715916,5,0
715916,6,6
715916,8,8
715916,9,6
715916,10,3
715916,11,22
715916,12,22
715916,13,30
715916,14,38
715916,16,3
715916,17,1
715918,1,13
715918,2,16
715918,3,338
715918,4,16
715918,5,25
715918,6,19
715918,8,53
715918,9,17
715918,10,10
715918,11,110
715918,12,140
715918,13,169
715918,14,145
715918,16,35
715918,17,6
715920,1,7
715920,2,0
715920,3,81
715920,4,0
715920,5,6
715920,6,2
715920,8,12
715920,9,4
715920,10,2
715920,11,58
715920,12,77
715920,13,16
715920,14,7
715920,16,6
715920,17,1
715922,1,2
715922,2,1
715922,3,40
715922,4,0
715922,5,1
715922,6,2
715922,8,11
715922,9,0
715922,10,2
715922,11,16
715922,12,27
715922,13,13
715922,14,2
715922,16,2
715922,17,2
715924,1,1
715924,2,5
715924,3,103
715924,4,2
715924,5,15
715924,6,6
715924,8,16
715924,9,5
715924,10,0
715924,11,59
715924,12,56
715924,13,29
715924,14,19
715924,16,5
715924,17,0
715926,1,1
715926,2,4
715926,3,43
715926,4,5
715926,5,8
715926,6,3
715926,8,13
715926,9,1
715926,10,1
715926,11,20
715926,12,26
715926,13,6
715926,14,3
715926,16,3
715926,17,2
715928,1,4
715928,2,1
715928,3,88
715928,4,2
715928,5,1
715928,6,2
715928,8,20
715928,9,1
715928,10,0
715928,11,48
715928,12,54
715928,13,14
715928,14,4
715928,16,7
715928,17,0
715930,1,3
715930,2,0
715930,3,69
715930,4,1
715930,5,2
715930,6,1
715930,8,20
715930,9,0
715930,10,1
715930,11,27
715930,12,24
715930,13,16
715930,14,3
715930,16,4
715930,17,2
715932,1,7
715932,2,0
715932,3,91
715932,4,3
715932,5,1
715932,6,3
715932,8,6
715932,9,4
715932,10,1
715932,11,33
715932,12,45
715932,13,26
715932,14,3
715932,16,9
715932,17,1
715934,1,0
715934,2,2
715934,3,46
715934,4,2
715934,5,1
715934,6,3
715934,8,11
715934,9,3
715934,10,2
715934,11,32
715934,12,22
715934,13,10
715934,14,1
715934,16,2
715934,17,4
715936,1,7
715936,2,6
715936,3,64
715936,4,8
715936,5,2
715936,6,6
715936,8,24
715936,9,3
715936,10,1
715936,11,54
715936,12,61
715936,13,22
715936,14,5
715936,16,3
715936,17,2
715938,1,2
715938,2,1
715938,3,36
715938,4,0
715938,5,1
715938,6,2
715938,8,4
715938,9,2
715938,10,1
715938,11,19
715938,12,33
715938,13,12
715938,14,3
715938,16,1
715938,17,1
715940,1,9
715940,2,5
715940,3,72
715940,4,5
715940,5,5
715940,6,2
715940,8,17
715940,9,6
715940,10,0
715940,11,39
715940,12,38
715940,13,27
715940,14,6
715940,16,1
715940,17,1
715942,1,3
715942,2,2
715942,3,77
715942,4,0
715942,5,5
715942,6,6
715942,8,8
715942,9,3
715942,10,1
715942,11,31
715942,12,33
715942,13,16
715942,14,4
715942,16,2
715942,17,1
715944,1,2
715944,2,7
715944,3,64
715944,4,1
715944,5,6
715944,6,4
715944,8,27
715944,9,2
715944,10,1
715944,11,13
715944,12,51
715944,13,25
715944,14,3
715944,16,5
715944,17,0
715946,1,8
715946,2,3
715946,3,26
715946,4,4
715946,5,0
715946,6,0
715946,8,20
715946,9,0
715946,10,0
715946,11,10
715946,12,16
715946,13,7
715946,14,7
715946,16,1
715946,17,0
715948,1,2
715948,2,6
715948,3,68
715948,4,3
715948,5,4
715948,6,5
715948,8,11
715948,9,6
715948,10,0
715948,11,13
715948,12,40
715948,13,22
715948,14,14
715948,16,1
715948,17,0
715950,1,4
715950,2,4
715950,3,22
715950,4,1
715950,5,4
715950,6,3
715950,8,21
715950,9,3
715950,10,0
715950,11,13
715950,12,45
715950,13,16
715950,14,15
715950,16,4
715950,17,0
715952,1,6
715952,2,12
715952,3,92
715952,4,14
715952,5,11
715952,6,9
715952,8,90
715952,9,14
715952,10,1
715952,11,66
715952,12,101
715952,13,81
715952,14,42
715952,16,12
715952,17,2
715954,1,11
715954,2,11
715954,3,85
715954,4,6
715954,5,1
715954,6,1
715954,8,92
715954,9,12
715954,10,3
715954,11,39
715954,12,95
715954,13,74
715954,14,37
715954,16,17
715954,17,2
715956,1,17
715956,2,5
715956,3,35
715956,4,2
715956,5,6
715956,6,5
715956,8,35
715956,9,3
715956,10,0
715956,11,12
715956,12,62
715956,13,39
715956,14,16
715956,16,9
715956,17,0
715958,1,8
715958,2,42
715958,3,158
715958,4,17
715958,5,32
715958,6,5
715958,8,77
715958,9,13
715958,10,3
715958,11,77
715958,12,177
715958,13,227
715958,14,155
715958,16,60
715958,17,32
715960,1,9
715960,2,2
715960,3,43
715960,4,6
715960,5,3
715960,6,2
715960,8,53
715960,9,4
715960,10,0
715960,11,18
715960,12,84
715960,13,19
715960,14,10
715960,16,10
715960,17,0
715962,1,14
715962,2,17
715962,3,129
715962,4,12
715962,5,21
715962,6,12
715962,8,60
715962,9,15
715962,10,3
715962,11,90
715962,12,155
715962,13,143
715962,14,71
715962,16,37
715962,17,11
715964,1,15
715964,2,26
715964,3,178
715964,4,14
715964,5,18
715964,6,25
715964,8,77
715964,9,16
715964,10,3
715964,11,90
715964,12,183
715964,13,147
715964,14,60
715964,16,15
715964,17,0
715966,1,6
715966,2,20
715966,3,206
715966,4,15
715966,5,24
715966,6,25
715966,8,75
715966,9,28
715966,10,3
715966,11,125
715966,12,208
715966,13,182
715966,14,53
715966,16,33
715966,17,1
715968,1,2
715968,2,1
715968,3,6
715968,4,9
715968,5,61
715968,6,0
715968,8,3
715968,9,2
715968,10,1
715968,11,4
715968,12,9
715968,13,1
715968,14,2
715968,16,3
715968,17,159
715970,1,5
715970,2,50
715970,3,127
715970,4,21
715970,5,41
715970,6,9
715970,8,43
715970,9,27
715970,10,15
715970,11,63
715970,12,108
715970,13,245
715970,14,51
715970,16,77
715970,17,76
715972,1,9
715972,2,83
715972,3,186
715972,4,38
715972,5,29
715972,6,9
715972,8,38
715972,9,13
715972,10,27
715972,11,122
715972,12,104
715972,13,666
715972,14,214
715972,16,243
715972,17,43
715974,1,12
715974,2,64
715974,3,133
715974,4,25
715974,5,42
715974,6,6
715974,8,44
715974,9,21
715974,10,16
715974,11,88
715974,12,82
715974,13,414
715974,14,111
715974,16,120
715974,17,91
715976,1,5
715976,2,43
715976,3,158
715976,4,25
715976,5,46
715976,6,9
715976,8,42
715976,9,25
715976,10,9
715976,11,51
715976,12,89
715976,13,305
715976,14,87
715976,16,65
715976,17,68
715978,1,3
715978,2,68
715978,3,187
715978,4,39
715978,5,49
715978,6,10
715978,8,47
715978,9,45
715978,10,13
715978,11,111
715978,12,85
715978,13,507
715978,14,148
715978,16,160
715978,17,104
715980,1,12
715980,2,82
715980,3,187
715980,4,35
715980,5,61
715980,6,7
715980,8,52
715980,9,44
715980,10,15
715980,11,73
715980,12,99
715980,13,417
715980,14,130
715980,16,149
715980,17,87
715982,1,15
715982,2,82
715982,3,162
715982,4,43
715982,5,62
715982,6,8
715982,8,58
715982,9,32
715982,10,27
715982,11,114
715982,12,135
715982,13,482
715982,14,149
715982,16,174
715982,17,102
715984,1,16
715984,2,99
715984,3,273
715984,4,36
715984,5,81
715984,6,35
715984,8,82
715984,9,54
715984,10,41
715984,11,217
715984,12,189
715984,13,539
715984,14,211
715984,16,166
715984,17,196
715986,1,16
715986,2,62
715986,3,238
715986,4,22
715986,5,72
715986,6,26
715986,8,84
715986,9,56
715986,10,28
715986,11,166
715986,12,182
715986,13,373
715986,14,128
715986,16,97
715986,17,170
715988,1,14
715988,2,70
715988,3,221
715988,4,29
715988,5,101
715988,6,22
715988,8,80
715988,9,51
715988,10,22
715988,11,128
715988,12,184
715988,13,373
715988,14,167
715988,16,90
715988,17,164
715990,1,2
715990,2,6
715990,3,60
715990,4,7
715990,5,4
715990,6,3
715990,8,23
715990,9,11
715990,10,1
715990,11,20
715990,12,35
715990,13,21
715990,14,4
715990,16,4
715990,17,1
715992,1,2
715992,2,2
715992,3,19
715992,4,4
715992,5,2
715992,6,2
715992,8,7
715992,9,3
715992,10,0
715992,11,11
715992,12,13
715992,13,9
715992,14,1
715992,16,0
715992,17,0
715994,1,6
715994,2,5
715994,3,79
715994,4,7
715994,5,8
715994,6,7
715994,8,18
715994,9,5
715994,10,3
715994,11,38
715994,12,48
715994,13,54
715994,14,10
715994,16,8
715994,17,0
715996,1,5
715996,2,9
715996,3,77
715996,4,2
715996,5,3
715996,6,6
715996,8,24
715996,9,5
715996,10,0
715996,11,43
715996,12,46
715996,13,40
715996,14,17
715996,16,9
715996,17,0
715998,1,9
715998,2,20
715998,3,140
715998,4,7
715998,5,10
715998,6,8
715998,8,25
715998,9,4
715998,10,2
715998,11,49
715998,12,82
715998,13,65
715998,14,26
715998,16,13
715998,17,0
716000,1,7
716000,2,12
716000,3,120
716000,4,9
716000,5,6
716000,6,9
716000,8,43
716000,9,10
716000,10,1
716000,11,37
716000,12,89
716000,13,59
716000,14,24
716000,16,13
716000,17,0
716002,1,1
716002,2,13
716002,3,46
716002,4,4
716002,5,4
716002,6,3
716002,8,16
716002,9,6
716002,10,1
716002,11,18
716002,12,40
716002,13,41
716002,14,18
716002,16,5
716002,17,0
716004,1,11
716004,2,19
716004,3,283
716004,4,11
716004,5,21
716004,6,8
716004,8,108
716004,9,19
716004,10,3
716004,11,87
716004,12,162
716004,13,171
716004,14,42
716004,16,28
716004,17,0
716006,1,9
716006,2,8
716006,3,132
716006,4,12
716006,5,18
716006,6,13
716006,8,87
716006,9,16
716006,10,0
716006,11,65
716006,12,109
716006,13,120
716006,14,21
716006,16,15
716006,17,1
716008,1,1
716008,2,3
716008,3,60
716008,4,5
716008,5,2
716008,6,4
716008,8,44
716008,9,6
716008,10,0
716008,11,13
716008,12,34
716008,13,8
716008,14,3
716008,16,2
716008,17,1
716010,1,1
716010,2,7
716010,3,42
716010,4,3
716010,5,3
716010,6,3
716010,8,28
716010,9,3
716010,10,0
716010,11,13
716010,12,20
716010,13,11
716010,14,0
716010,16,1
716010,17,1
716012,1,5
716012,2,4
716012,3,46
716012,4,1
716012,5,4
716012,6,0
716012,8,13
716012,9,4
716012,10,2
716012,11,11
716012,12,24
716012,13,14
716012,14,5
716012,16,1
716012,17,0
716014,1,4
716014,2,2
716014,3,48
716014,4,3
716014,5,3
716014,6,2
716014,8,31
716014,9,8
716014,10,0
716014,11,17
716014,12,30
716014,13,13
716014,14,2
716014,16,5
716014,17,1
716016,1,17
716016,2,13
716016,3,263
716016,4,12
716016,5,24
716016,6,15
716016,8,78
716016,9,14
716016,10,3
716016,11,84
716016,12,127
716016,13,182
716016,14,17
716016,16,18
716016,17,0
716018,1,3
716018,2,6
716018,3,83
716018,4,4
716018,5,9
716018,6,4
716018,8,34
716018,9,9
716018,10,2
716018,11,19
716018,12,39
716018,13,40
716018,14,11
716018,16,9
716018,17,0
716020,1,8
716020,2,11
716020,3,135
716020,4,8
716020,5,9
716020,6,9
716020,8,75
716020,9,20
716020,10,4
716020,11,36
716020,12,47
716020,13,70
716020,14,15
716020,16,10
716020,17,1
716022,1,1
716022,2,0
716022,3,20
716022,4,3
716022,5,3
716022,6,3
716022,8,23
716022,9,0
716022,10,0
716022,11,15
716022,12,20
716022,13,14
716022,14,3
716022,16,1
716022,17,0
716024,1,6
716024,2,10
716024,3,167
716024,4,5
716024,5,5
716024,6,19
716024,8,46
716024,9,8
716024,10,2
716024,11,50
716024,12,94
716024,13,103
716024,14,19
716024,16,11
716024,17,3
716026,1,2
716026,2,2
716026,3,37
716026,4,1
716026,5,10
716026,6,4
716026,8,19
716026,9,7
716026,10,1
716026,11,8
716026,12,49
716026,13,26
716026,14,1
716026,16,3
716026,17,0
716028,1,14
716028,2,21
716028,3,158
716028,4,12
716028,5,7
716028,6,4
716028,8,34
716028,9,15
716028,10,1
716028,11,40
716028,12,78
716028,13,72
716028,14,36
716028,16,18
716028,17,0
716030,1,6
716030,2,9
716030,3,104
716030,4,5
716030,5,10
716030,6,3
716030,8,52
716030,9,5
716030,10,1
716030,11,42
716030,12,70
716030,13,58
716030,14,23
716030,16,11
716030,17,3
716032,1,2
716032,2,0
716032,3,39
716032,4,5
716032,5,5
716032,6,4
716032,8,21
716032,9,4
716032,10,0
716032,11,10
716032,12,19
716032,13,17
716032,14,4
716032,16,6
716032,17,0
716034,1,7
716034,2,10
716034,3,104
716034,4,4
716034,5,8
716034,6,4
716034,8,85
716034,9,10
716034,10,1
716034,11,29
716034,12,66
716034,13,77
716034,14,17
716034,16,6
716034,17,0
716036,1,14
716036,2,11
716036,3,185
716036,4,8
716036,5,13
716036,6,28
716036,8,42
716036,9,15
716036,10,1
716036,11,72
716036,12,91
716036,13,96
716036,14,18
716036,16,11
716036,17,1
716038,1,7
716038,2,9
716038,3,114
716038,4,7
716038,5,131
716038,6,1
716038,8,19
716038,9,20
716038,10,4
716038,11,37
716038,12,86
716038,13,31
716038,14,8
716038,16,22
716038,17,513
716040,1,13
716040,2,3
716040,3,126
716040,4,7
716040,5,144
716040,6,12
716040,8,33
716040,9,11
716040,10,6
716040,11,33
716040,12,95
716040,13,27
716040,14,7
716040,16,18
716040,17,614
716042,1,5
716042,2,2
716042,3,58
716042,4,1
716042,5,72
716042,6,8
716042,8,18
716042,9,13
716042,10,3
716042,11,17
716042,12,48
716042,13,9
716042,14,8
716042,16,12
716042,17,342
716044,1,1
716044,2,2
716044,3,27
716044,4,5
716044,5,35
716044,6,1
716044,8,16
716044,9,8
716044,10,0
716044,11,8
716044,12,30
716044,13,3
716044,14,0
716044,16,4
716044,17,189
716046,1,3
716046,2,1
716046,3,22
716046,4,0
716046,5,33
716046,6,3
716046,8,0
716046,9,8
716046,10,2
716046,11,7
716046,12,14
716046,13,6
716046,14,3
716046,16,1
716046,17,156
716048,1,0
716048,2,1
716048,3,7
716048,4,3
716048,5,6
716048,6,0
716048,8,2
716048,9,2
716048,10,0
716048,11,3
716048,12,8
716048,13,2
716048,14,1
716048,16,2
716048,17,161
716050,1,3
716050,2,5
716050,3,27
716050,4,1
716050,5,25
716050,6,0
716050,8,3
716050,9,3
716050,10,7
716050,11,10
716050,12,11
716050,13,4
716050,14,0
716050,16,6
716050,17,171
716052,1,3
716052,2,3
716052,3,24
716052,4,1
716052,5,20
716052,6,2
716052,8,6
716052,9,3
716052,10,1
716052,11,14
716052,12,64
716052,13,8
716052,14,8
716052,16,6
716052,17,314
716054,1,1
716054,2,0
716054,3,1
716054,4,0
716054,5,8
716054,6,2
716054,8,0
716054,9,3
716054,10,1
716054,11,2
716054,12,17
716054,13,2
716054,14,1
716054,16,0
716054,17,116
716056,1,3
716056,2,0
716056,3,23
716056,4,1
716056,5,24
716056,6,5
716056,8,1
716056,9,1
716056,10,0
716056,11,1
716056,12,10
716056,13,1
716056,14,2
716056,16,7
716056,17,83
716058,1,0
716058,2,0
716058,3,10
716058,4,3
716058,5,17
716058,6,2
716058,8,0
716058,9,2
716058,10,0
716058,11,1
716058,12,13
716058,13,1
716058,14,0
716058,16,2
716058,17,157
716060,1,3
716060,2,3
716060,3,29
716060,4,0
716060,5,17
716060,6,3
716060,8,4
716060,9,1
716060,10,0
716060,11,4
716060,12,13
716060,13,6
716060,14,2
716060,16,4
716060,17,238
716062,1,2
716062,2,0
716062,3,18
716062,4,1
716062,5,5
716062,6,1
716062,8,0
716062,9,3
716062,10,1
716062,11,4
716062,12,7
716062,13,2
716062,14,4
716062,16,5
716062,17,227
716064,1,1
716064,2,4
716064,3,61
716064,4,3
716064,5,6
716064,6,0
716064,8,10
716064,9,10
716064,10,26
716064,11,10
716064,12,19
716064,13,13
716064,14,3
716064,16,4
716064,17,4
716066,1,1
716066,2,7
716066,3,61
716066,4,3
716066,5,6
716066,6,2
716066,8,13
716066,9,14
716066,10,71
716066,11,8
716066,12,37
716066,13,5
716066,14,3
716066,16,6
716066,17,16
716068,1,16
716068,2,7
716068,3,72
716068,4,6
716068,5,5
716068,6,9
716068,8,19
716068,9,17
716068,10,81
716068,11,20
716068,12,56
716068,13,33
716068,14,10
716068,16,11
716068,17,13
716070,1,8
716070,2,8
716070,3,267
716070,4,12
716070,5,42
716070,6,6
716070,8,50
716070,9,23
716070,10,116
716070,11,50
716070,12,98
716070,13,63
716070,14,18
716070,16,10
716070,17,42
716072,1,8
716072,2,7
716072,3,237
716072,4,5
716072,5,51
716072,6,15
716072,8,35
716072,9,35
716072,10,153
716072,11,45
716072,12,99
716072,13,51
716072,14,14
716072,16,18
716072,17,54
716074,1,6
716074,2,6
716074,3,68
716074,4,7
716074,5,15
716074,6,3
716074,8,5
716074,9,13
716074,10,68
716074,11,10
716074,12,41
716074,13,23
716074,14,13
716074,16,7
716074,17,7
716076,1,3
716076,2,5
716076,3,57
716076,4,2
716076,5,18
716076,6,3
716076,8,15
716076,9,13
716076,10,31
716076,11,2
716076,12,18
716076,13,10
716076,14,3
716076,16,5
716076,17,37
716078,1,3
716078,2,5
716078,3,46
716078,4,4
716078,5,1
716078,6,3
716078,8,4
716078,9,9
716078,10,49
716078,11,7
716078,12,23
716078,13,18
716078,14,4
716078,16,1
716078,17,9
716080,1,4
716080,2,2
716080,3,41
716080,4,2
716080,5,10
716080,6,1
716080,8,7
716080,9,12
716080,10,64
716080,11,5
716080,12,34
716080,13,9
716080,14,5
716080,16,2
716080,17,11
716082,1,4
716082,2,0
716082,3,74
716082,4,7
716082,5,3
716082,6,2
716082,8,14
716082,9,9
716082,10,30
716082,11,10
716082,12,28
716082,13,13
716082,14,1
716082,16,1
716082,17,7
716084,1,10
716084,2,12
716084,3,201
716084,4,8
716084,5,32
716084,6,9
716084,8,66
716084,9,25
716084,10,245
716084,11,87
716084,12,119
716084,13,93
716084,14,32
716084,16,31
716084,17,31
716086,1,2
716086,2,1
716086,3,19
716086,4,2
716086,5,4
716086,6,1
716086,8,13
716086,9,1
716086,10,1
716086,11,5
716086,12,83
716086,13,29
716086,14,3
716086,16,3
716086,17,0
716088,1,2
716088,2,1
716088,3,15
716088,4,2
716088,5,6
716088,6,0
716088,8,2
716088,9,3
716088,10,2
716088,11,5
716088,12,18
716088,13,36
716088,14,1
716088,16,6
716088,17,0
716090,1,3
716090,2,1
716090,3,29
716090,4,2
716090,5,0
716090,6,0
716090,8,11
716090,9,0
716090,10,15
716090,11,3
716090,12,77
716090,13,11
716090,14,0
716090,16,2
716090,17,0
716092,1,1
716092,2,1
716092,3,22
716092,4,0
716092,5,0
716092,6,0
716092,8,4
716092,9,1
716092,10,2
716092,11,12
716092,12,57
716092,13,11
716092,14,6
716092,16,2
716092,17,0
716094,1,0
716094,2,9
716094,3,30
716094,4,4
716094,5,1
716094,6,4
716094,8,20
716094,9,2
716094,10,0
716094,11,9
716094,12,95
716094,13,18
716094,14,13
716094,16,8
716094,17,1
716096,1,7
716096,2,10
716096,3,89
716096,4,5
716096,5,6
716096,6,2
716096,8,37
716096,9,3
716096,10,17
716096,11,35
716096,12,171
716096,13,71
716096,14,15
716096,16,5
716096,17,2
716098,1,12
716098,2,17
716098,3,138
716098,4,11
716098,5,17
716098,6,9
716098,8,55
716098,9,7
716098,10,12
716098,11,65
716098,12,455
716098,13,107
716098,14,29
716098,16,13
716098,17,0
716100,1,4
716100,2,5
716100,3,110
716100,4,9
716100,5,9
716100,6,1
716100,8,40
716100,9,9
716100,10,14
716100,11,22
716100,12,294
716100,13,60
716100,14,11
716100,16,12
716100,17,1
716102,1,10
716102,2,9
716102,3,141
716102,4,8
716102,5,9
716102,6,10
716102,8,31
716102,9,14
716102,10,4
716102,11,116
716102,12,285
716102,13,99
716102,14,28
716102,16,19
716102,17,1
716104,1,15
716104,2,24
716104,3,170
716104,4,10
716104,5,18
716104,6,14
716104,8,33
716104,9,10
716104,10,4
716104,11,145
716104,12,481
716104,13,111
716104,14,42
716104,16,25
716104,17,1
716106,1,3
716106,2,3
716106,3,65
716106,4,2
716106,5,6
716106,6,7
716106,8,18
716106,9,8
716106,10,2
716106,11,172
716106,12,208
716106,13,57
716106,14,26
716106,16,8
716106,17,0
716108,1,2
716108,2,15
716108,3,146
716108,4,12
716108,5,8
716108,6,8
716108,8,28
716108,9,14
716108,10,1
716108,11,127
716108,12,341
716108,13,68
716108,14,20
716108,16,20
716108,17,1
716110,1,3
716110,2,5
716110,3,102
716110,4,5
716110,5,12
716110,6,2
716110,8,16
716110,9,6
716110,10,1
716110,11,73
716110,12,229
716110,13,30
716110,14,19
716110,16,14
716110,17,0
716112,1,6
716112,2,5
716112,3,89
716112,4,2
716112,5,11
716112,6,7
716112,8,21
716112,9,10
716112,10,1
716112,11,71
716112,12,228
716112,13,32
716112,14,24
716112,16,8
716112,17,0
716114,1,10
716114,2,9
716114,3,110
716114,4,10
716114,5,8
716114,6,3
716114,8,27
716114,9,9
716114,10,1
716114,11,79
716114,12,156
716114,13,58
716114,14,20
716114,16,6
716114,17,0
716116,1,12
716116,2,7
716116,3,73
716116,4,5
716116,5,14
716116,6,5
716116,8,28
716116,9,7
716116,10,1
716116,11,31
716116,12,136
716116,13,33
716116,14,24
716116,16,13
716116,17,1
716118,1,4
716118,2,1
716118,3,62
716118,4,4
716118,5,7
716118,6,4
716118,8,10
716118,9,3
716118,10,0
716118,11,68
716118,12,175
716118,13,17
716118,14,9
716118,16,5
716118,17,0
716120,1,28
716120,2,18
716120,3,226
716120,4,39
716120,5,17
716120,6,19
716120,8,65
716120,9,16
716120,10,6
716120,11,74
716120,12,145
716120,13,167
716120,14,53
716120,16,34
716120,17,0
716122,1,4
716122,2,2
716122,3,53
716122,4,2
716122,5,2
716122,6,3
716122,8,11
716122,9,7
716122,10,1
716122,11,38
716122,12,136
716122,13,15
716122,14,10
716122,16,1
716122,17,0
716124,1,2
716124,2,7
716124,3,47
716124,4,2
716124,5,2
716124,6,2
716124,8,16
716124,9,2
716124,10,1
716124,11,28
716124,12,140
716124,13,22
716124,14,16
716124,16,4
716124,17,0
716126,1,8
716126,2,17
716126,3,143
716126,4,5
716126,5,6
716126,6,5
716126,8,26
716126,9,14
716126,10,0
716126,11,161
716126,12,379
716126,13,125
716126,14,46
716126,16,32
716126,17,1
716128,1,5
716128,2,7
716128,3,147
716128,4,6
716128,5,8
716128,6,3
716128,8,76
716128,9,9
716128,10,1
716128,11,36
716128,12,101
716128,13,86
716128,14,60
716128,16,20
716128,17,0
716130,1,10
716130,2,10
716130,3,71
716130,4,6
716130,5,5
716130,6,38
716130,8,32
716130,9,12
716130,10,2
716130,11,32
716130,12,28
716130,13,32
716130,14,12
716130,16,13
716130,17,1
716132,1,2
716132,2,3
716132,3,35
716132,4,2
716132,5,5
716132,6,11
716132,8,12
716132,9,13
716132,10,0
716132,11,22
716132,12,26
716132,13,13
716132,14,4
716132,16,1
716132,17,0
716134,1,2
716134,2,6
716134,3,39
716134,4,7
716134,5,8
716134,6,36
716134,8,15
716134,9,3
716134,10,1
716134,11,13
716134,12,39
716134,13,13
716134,14,7
716134,16,9
716134,17,0
716136,1,8
716136,2,15
716136,3,100
716136,4,7
716136,5,5
716136,6,34
716136,8,45
716136,9,22
716136,10,3
716136,11,52
716136,12,65
716136,13,41
716136,14,12
716136,16,9
716136,17,0
716138,1,4
716138,2,2
716138,3,76
716138,4,5
716138,5,7
716138,6,4
716138,8,43
716138,9,6
716138,10,13
716138,11,48
716138,12,193
716138,13,115
716138,14,22
716138,16,13
716138,17,0
716140,1,14
716140,2,29
716140,3,282
716140,4,13
716140,5,5
716140,6,19
716140,8,43
716140,9,15
716140,10,7
716140,11,105
716140,12,147
716140,13,167
716140,14,55
716140,16,22
716140,17,1
716142,1,15
716142,2,27
716142,3,351
716142,4,16
716142,5,18
716142,6,18
716142,8,71
716142,9,23
716142,10,3
716142,11,125
716142,12,172
716142,13,203
716142,14,76
716142,16,38
716142,17,2
716144,1,3
716144,2,3
716144,3,43
716144,4,1
716144,5,3
716144,6,1
716144,8,10
716144,9,3
716144,10,0
716144,11,23
716144,12,12
716144,13,22
716144,14,2
716144,16,2
716144,17,0
716146,1,5
716146,2,2
716146,3,93
716146,4,4
716146,5,3
716146,6,5
716146,8,15
716146,9,3
716146,10,2
716146,11,40
716146,12,48
716146,13,39
716146,14,14
716146,16,12
716146,17,0
716148,1,7
716148,2,10
716148,3,58
716148,4,2
716148,5,7
716148,6,6
716148,8,14
716148,9,5
716148,10,1
716148,11,54
716148,12,47
716148,13,60
716148,14,21
716148,16,9
716148,17,1
716150,1,8
716150,2,15
716150,3,150
716150,4,8
716150,5,9
716150,6,4
716150,8,20
716150,9,6
716150,10,2
716150,11,46
716150,12,66
716150,13,99
716150,14,29
716150,16,8
716150,17,0
716152,1,5
716152,2,12
716152,3,87
716152,4,5
716152,5,8
716152,6,2
716152,8,11
716152,9,5
716152,10,1
716152,11,49
716152,12,50
716152,13,73
716152,14,19
716152,16,15
716152,17,2
716154,1,21
716154,2,10
716154,3,157
716154,4,3
716154,5,12
716154,6,6
716154,8,32
716154,9,8
716154,10,3
716154,11,45
716154,12,56
716154,13,52
716154,14,22
716154,16,9
716154,17,2
716156,1,2
716156,2,10
716156,3,54
716156,4,1
716156,5,1
716156,6,2
716156,8,8
716156,9,0
716156,10,1
716156,11,15
716156,12,23
716156,13,22
716156,14,7
716156,16,6
716156,17,0
716158,1,5
716158,2,7
716158,3,27
716158,4,0
716158,5,1
716158,6,0
716158,8,3
716158,9,2
716158,10,2
716158,11,7
716158,12,15
716158,13,8
716158,14,3
716158,16,2
716158,17,0
716160,1,11
716160,2,14
716160,3,150
716160,4,10
716160,5,7
716160,6,7
716160,8,34
716160,9,7
716160,10,6
716160,11,69
716160,12,63
716160,13,73
716160,14,21
716160,16,8
716160,17,3
716162,1,15
716162,2,33
716162,3,260
716162,4,18
716162,5,15
716162,6,18
716162,8,55
716162,9,24
716162,10,2
716162,11,119
716162,12,159
716162,13,205
716162,14,76
716162,16,32
716162,17,0
716164,1,5
716164,2,4
716164,3,72
716164,4,1
716164,5,3
716164,6,6
716164,8,40
716164,9,4
716164,10,1
716164,11,21
716164,12,44
716164,13,41
716164,14,5
716164,16,3
716164,17,0
716166,1,6
716166,2,9
716166,3,129
716166,4,7
716166,5,3
716166,6,7
716166,8,29
716166,9,4
716166,10,0
716166,11,12
716166,12,48
716166,13,47
716166,14,12
716166,16,11
716166,17,0
716168,1,2
716168,2,4
716168,3,77
716168,4,7
716168,5,5
716168,6,5
716168,8,26
716168,9,7
716168,10,0
716168,11,11
716168,12,37
716168,13,18
716168,14,8
716168,16,17
716168,17,0
716170,1,4
716170,2,10
716170,3,111
716170,4,6
716170,5,10
716170,6,3
716170,8,39
716170,9,7
716170,10,0
716170,11,28
716170,12,84
716170,13,84
716170,14,17
716170,16,13
716170,17,0
716172,1,4
716172,2,3
716172,3,42
716172,4,1
716172,5,8
716172,6,0
716172,8,13
716172,9,4
716172,10,0
716172,11,8
716172,12,38
716172,13,21
716172,14,5
716172,16,6
716172,17,0
716174,1,11
716174,2,5
716174,3,227
716174,4,11
716174,5,17
716174,6,9
716174,8,63
716174,9,8
716174,10,4
716174,11,48
716174,12,100
716174,13,75
716174,14,23
716174,16,20
716174,17,0
716176,1,0
716176,2,3
716176,3,77
716176,4,5
716176,5,11
716176,6,1
716176,8,35
716176,9,2
716176,10,1
716176,11,19
716176,12,28
716176,13,43
716176,14,10
716176,16,3
716176,17,0
716178,1,4
716178,2,4
716178,3,85
716178,4,6
716178,5,6
716178,6,2
716178,8,22
716178,9,7
716178,10,3
716178,11,16
716178,12,32
716178,13,19
716178,14,4
716178,16,0
716178,17,0
716180,1,5
716180,2,1
716180,3,42
716180,4,4
716180,5,7
716180,6,1
716180,8,34
716180,9,7
716180,10,1
716180,11,16
716180,12,27
716180,13,36
716180,14,3
716180,16,1
716180,17,0
716182,1,1
716182,2,4
716182,3,64
716182,4,5
716182,5,9
716182,6,18
716182,8,19
716182,9,8
716182,10,2
716182,11,15
716182,12,41
716182,13,20
716182,14,6
716182,16,7
716182,17,0
716184,1,5
716184,2,3
716184,3,52
716184,4,1
716184,5,2
716184,6,8
716184,8,33
716184,9,9
716184,10,0
716184,11,13
716184,12,27
716184,13,22
716184,14,0
716184,16,3
716184,17,0
716186,1,6
716186,2,1
716186,3,14
716186,4,1
716186,5,12
716186,6,2
716186,8,0
716186,9,2
716186,10,1
716186,11,1
716186,12,2
716186,13,1
716186,14,1
716186,16,0
716186,17,163
716188,1,0
716188,2,2
716188,3,10
716188,4,2
716188,5,13
716188,6,1
716188,8,2
716188,9,13
716188,10,2
716188,11,1
716188,12,12
716188,13,3
716188,14,1
716188,16,4
716188,17,212
716190,1,7
716190,2,9
716190,3,92
716190,4,28
716190,5,103
716190,6,5
716190,8,16
716190,9,21
716190,10,7
716190,11,20
716190,12,98
716190,13,28
716190,14,13
716190,16,21
716190,17,757
716192,1,7
716192,2,1
716192,3,26
716192,4,1
716192,5,41
716192,6,0
716192,8,6
716192,9,4
716192,10,0
716192,11,5
716192,12,15
716192,13,8
716192,14,4
716192,16,3
716192,17,107
716194,1,0
716194,2,1
716194,3,15
716194,4,6
716194,5,10
716194,6,0
716194,8,2
716194,9,2
716194,10,0
716194,11,3
716194,12,9
716194,13,3
716194,14,2
716194,16,1
716194,17,95
716196,1,5
716196,2,5
716196,3,26
716196,4,2
716196,5,47
716196,6,4
716196,8,7
716196,9,16
716196,10,2
716196,11,8
716196,12,14
716196,13,18
716196,14,8
716196,16,7
716196,17,534
716198,1,3
716198,2,1
716198,3,35
716198,4,2
716198,5,56
716198,6,4
716198,8,0
716198,9,4
716198,10,0
716198,11,4
716198,12,19
716198,13,3
716198,14,1
716198,16,6
716198,17,321
716200,1,0
716200,2,0
716200,3,12
716200,4,0
716200,5,20
716200,6,1
716200,8,2
716200,9,6
716200,10,0
716200,11,2
716200,12,5
716200,13,2
716200,14,1
716200,16,2
716200,17,113
716202,1,2
716202,2,0
716202,3,15
716202,4,2
716202,5,19
716202,6,5
716202,8,4
716202,9,1
716202,10,4
716202,11,1
716202,12,9
716202,13,3
716202,14,5
716202,16,2
716202,17,326
716204,1,3
716204,2,1
716204,3,13
716204,4,1
716204,5,14
716204,6,4
716204,8,0
716204,9,5
716204,10,0
716204,11,5
716204,12,20
716204,13,3
716204,14,2
716204,16,9
716204,17,317
716206,1,3
716206,2,1
716206,3,20
716206,4,0
716206,5,15
716206,6,0
716206,8,5
716206,9,3
716206,10,1
716206,11,1
716206,12,12
716206,13,3
716206,14,0
716206,16,3
716206,17,224
716208,1,1
716208,2,0
716208,3,16
716208,4,0
716208,5,12
716208,6,3
716208,8,3
716208,9,2
716208,10,3
716208,11,4
716208,12,6
716208,13,3
716208,14,0
716208,16,1
716208,17,281
716210,1,0
716210,2,0
716210,3,5
716210,4,0
716210,5,7
716210,6,0
716210,8,0
716210,9,1
716210,10,1
716210,11,0
716210,12,9
716210,13,0
716210,14,0
716210,16,0
716210,17,83
716212,1,1
716212,2,3
716212,3,17
716212,4,3
716212,5,2
716212,6,1
716212,8,15
716212,9,0
716212,10,31
716212,11,9
716212,12,12
716212,13,15
716212,14,3
716212,16,2
716212,17,0
716214,1,4
716214,2,7
716214,3,64
716214,4,4
716214,5,8
716214,6,2
716214,8,14
716214,9,1
716214,10,89
716214,11,11
716214,12,36
716214,13,18
716214,14,5
716214,16,7
716214,17,1
716216,1,3
716216,2,2
716216,3,65
716216,4,5
716216,5,11
716216,6,2
716216,8,17
716216,9,14
716216,10,25
716216,11,16
716216,12,39
716216,13,12
716216,14,6
716216,16,9
716216,17,5
716218,1,5
716218,2,0
716218,3,32
716218,4,2
716218,5,0
716218,6,3
716218,8,9
716218,9,11
716218,10,45
716218,11,4
716218,12,18
716218,13,3
716218,14,2
716218,16,2
716218,17,11
716220,1,15
716220,2,13
716220,3,183
716220,4,15
716220,5,52
716220,6,17
716220,8,53
716220,9,27
716220,10,296
716220,11,60
716220,12,151
716220,13,88
716220,14,27
716220,16,17
716220,17,51
716222,1,0
716222,2,4
716222,3,63
716222,4,3
716222,5,2
716222,6,3
716222,8,8
716222,9,10
716222,10,49
716222,11,9
716222,12,23
716222,13,18
716222,14,7
716222,16,8
716222,17,0
716224,1,13
716224,2,7
716224,3,148
716224,4,4
716224,5,61
716224,6,9
716224,8,25
716224,9,33
716224,10,48
716224,11,18
716224,12,41
716224,13,28
716224,14,13
716224,16,17
716224,17,81
716226,1,15
716226,2,8
716226,3,277
716226,4,9
716226,5,95
716226,6,10
716226,8,30
716226,9,50
716226,10,107
716226,11,48
716226,12,112
716226,13,81
716226,14,30
716226,16,13
716226,17,151
716228,1,1
716228,2,0
716228,3,50
716228,4,1
716228,5,4
716228,6,0
716228,8,7
716228,9,7
716228,10,16
716228,11,2
716228,12,1
716228,13,6
716228,14,2
716228,16,1
716228,17,28
716230,1,29
716230,2,14
716230,3,298
716230,4,12
716230,5,37
716230,6,23
716230,8,73
716230,9,33
716230,10,3
716230,11,88
716230,12,224
716230,13,110
716230,14,55
716230,16,16
716230,17,7
716232,1,20
716232,2,27
716232,3,335
716232,4,27
716232,5,46
716232,6,29
716232,8,100
716232,9,36
716232,10,4
716232,11,126
716232,12,262
716232,13,160
716232,14,70
716232,16,21
716232,17,3
716234,1,3
716234,2,4
716234,3,95
716234,4,4
716234,5,8
716234,6,2
716234,8,26
716234,9,10
716234,10,0
716234,11,30
716234,12,56
716234,13,34
716234,14,13
716234,16,5
716234,17,0
716236,1,17
716236,2,5
716236,3,139
716236,4,9
716236,5,6
716236,6,6
716236,8,39
716236,9,9
716236,10,0
716236,11,26
716236,12,103
716236,13,62
716236,14,20
716236,16,14
716236,17,0
716238,1,3
716238,2,0
716238,3,53
716238,4,4
716238,5,0
716238,6,0
716238,8,25
716238,9,4
716238,10,1
716238,11,27
716238,12,16
716238,13,9
716238,14,7
716238,16,5
716238,17,0
716240,1,2
716240,2,2
716240,3,70
716240,4,8
716240,5,7
716240,6,5
716240,8,29
716240,9,7
716240,10,2
716240,11,27
716240,12,61
716240,13,24
716240,14,13
716240,16,12
716240,17,0
716242,1,26
716242,2,17
716242,3,267
716242,4,13
716242,5,35
716242,6,19
716242,8,60
716242,9,29
716242,10,3
716242,11,76
716242,12,197
716242,13,130
716242,14,95
716242,16,21
716242,17,2
716244,1,11
716244,2,5
716244,3,87
716244,4,8
716244,5,13
716244,6,3
716244,8,35
716244,9,15
716244,10,1
716244,11,35
716244,12,76
716244,13,29
716244,14,5
716244,16,7
716244,17,1
716246,1,5
716246,2,2
716246,3,58
716246,4,2
716246,5,2
716246,6,5
716246,8,10
716246,9,6
716246,10,0
716246,11,26
716246,12,47
716246,13,22
716246,14,9
716246,16,2
716246,17,2
716248,1,10
716248,2,6
716248,3,61
716248,4,6
716248,5,12
716248,6,5
716248,8,31
716248,9,15
716248,10,2
716248,11,14
716248,12,55
716248,13,29
716248,14,8
716248,16,2
716248,17,0
716250,1,9
716250,2,0
716250,3,41
716250,4,3
716250,5,8
716250,6,3
716250,8,18
716250,9,7
716250,10,1
716250,11,12
716250,12,36
716250,13,32
716250,14,18
716250,16,7
716250,17,0
716252,1,6
716252,2,5
716252,3,94
716252,4,3
716252,5,3
716252,6,2
716252,8,14
716252,9,5
716252,10,1
716252,11,90
716252,12,148
716252,13,63
716252,14,12
716252,16,9
716252,17,1
716254,1,1
716254,2,1
716254,3,58
716254,4,1
716254,5,1
716254,6,3
716254,8,9
716254,9,3
716254,10,0
716254,11,50
716254,12,148
716254,13,23
716254,14,6
716254,16,2
716254,17,0
716256,1,2
716256,2,4
716256,3,10
716256,4,1
716256,5,4
716256,6,1
716256,8,7
716256,9,0
716256,10,0
716256,11,28
716256,12,47
716256,13,6
716256,14,1
716256,16,0
716256,17,0
716258,1,10
716258,2,30
716258,3,175
716258,4,9
716258,5,22
716258,6,413
716258,8,55
716258,9,19
716258,10,2
716258,11,95
716258,12,135
716258,13,131
716258,14,62
716258,16,22
716258,17,14
716260,1,22
716260,2,46
716260,3,283
716260,4,16
716260,5,38
716260,6,544
716260,8,80
716260,9,31
716260,10,5
716260,11,121
716260,12,173
716260,13,199
716260,14,84
716260,16,46
716260,17,13
716262,1,1
716262,2,4
716262,3,18
716262,4,0
716262,5,3
716262,6,51
716262,8,1
716262,9,5
716262,10,0
716262,11,9
716262,12,15
716262,13,13
716262,14,7
716262,16,0
716262,17,0
716264,1,10
716264,2,8
716264,3,148
716264,4,4
716264,5,7
716264,6,6
716264,8,35
716264,9,5
716264,10,2
716264,11,32
716264,12,159
716264,13,67
716264,14,83
716264,16,11
716264,17,0
716266,1,2
716266,2,5
716266,3,25
716266,4,2
716266,5,2
716266,6,46
716266,8,5
716266,9,0
716266,10,0
716266,11,6
716266,12,16
716266,13,13
716266,14,4
716266,16,1
716266,17,0
716268,1,0
716268,2,5
716268,3,13
716268,4,0
716268,5,1
716268,6,75
716268,8,15
716268,9,0
716268,10,0
716268,11,8
716268,12,10
716268,13,26
716268,14,8
716268,16,3
716268,17,0
716270,1,1
716270,2,8
716270,3,23
716270,4,0
716270,5,8
716270,6,63
716270,8,7
716270,9,1
716270,10,0
716270,11,17
716270,12,12
716270,13,21
716270,14,2
716270,16,4
716270,17,4
716272,1,4
716272,2,10
716272,3,101
716272,4,8
716272,5,15
716272,6,3
716272,8,78
716272,9,6
716272,10,2
716272,11,60
716272,12,133
716272,13,51
716272,14,42
716272,16,16
716272,17,0
716274,1,7
716274,2,23
716274,3,121
716274,4,7
716274,5,22
716274,6,12
716274,8,91
716274,9,7
716274,10,1
716274,11,70
716274,12,141
716274,13,119
716274,14,76
716274,16,20
716274,17,0
716276,1,17
716276,2,33
716276,3,155
716276,4,17
716276,5,19
716276,6,14
716276,8,94
716276,9,17
716276,10,3
716276,11,142
716276,12,200
716276,13,143
716276,14,87
716276,16,26
716276,17,2
716278,1,23
716278,2,40
716278,3,269
716278,4,27
716278,5,30
716278,6,9
716278,8,298
716278,9,26
716278,10,1
716278,11,145
716278,12,251
716278,13,232
716278,14,130
716278,16,49
716278,17,1
716280,1,9
716280,2,17
716280,3,168
716280,4,9
716280,5,19
716280,6,12
716280,8,138
716280,9,9
716280,10,2
716280,11,88
716280,12,131
716280,13,116
716280,14,85
716280,16,28
716280,17,2
716282,1,6
716282,2,2
716282,3,56
716282,4,1
716282,5,12
716282,6,7
716282,8,54
716282,9,3
716282,10,0
716282,11,25
716282,12,62
716282,13,25
716282,14,20
716282,16,8
716282,17,1
716284,1,10
716284,2,10
716284,3,107
716284,4,15
716284,5,15
716284,6,15
716284,8,96
716284,9,6
716284,10,2
716284,11,65
716284,12,117
716284,13,73
716284,14,39
716284,16,17
716284,17,0
716286,1,6
716286,2,5
716286,3,34
716286,4,9
716286,5,12
716286,6,9
716286,8,56
716286,9,4
716286,10,1
716286,11,30
716286,12,66
716286,13,48
716286,14,26
716286,16,10
716286,17,1
716288,1,6
716288,2,7
716288,3,103
716288,4,7
716288,5,9
716288,6,10
716288,8,126
716288,9,6
716288,10,1
716288,11,70
716288,12,82
716288,13,58
716288,14,22
716288,16,10
716288,17,1
716290,1,12
716290,2,16
716290,3,218
716290,4,20
716290,5,38
716290,6,37
716290,8,201
716290,9,9
716290,10,6
716290,11,116
716290,12,233
716290,13,111
716290,14,28
716290,16,24
716290,17,0
716292,1,12
716292,2,9
716292,3,117
716292,4,14
716292,5,13
716292,6,21
716292,8,169
716292,9,13
716292,10,0
716292,11,84
716292,12,135
716292,13,76
716292,14,39
716292,16,19
716292,17,0
716294,1,9
716294,2,6
716294,3,102
716294,4,12
716294,5,10
716294,6,10
716294,8,162
716294,9,20
716294,10,1
716294,11,59
716294,12,104
716294,13,66
716294,14,29
716294,16,6
716294,17,1
716296,1,0
716296,2,0
716296,3,28
716296,4,2
716296,5,1
716296,6,5
716296,8,19
716296,9,1
716296,10,0
716296,11,16
716296,12,12
716296,13,8
716296,14,5
716296,16,2
716296,17,0
716298,1,6
716298,2,2
716298,3,19
716298,4,1
716298,5,2
716298,6,4
716298,8,24
716298,9,0
716298,10,0
716298,11,12
716298,12,15
716298,13,11
716298,14,3
716298,16,0
716298,17,0
716300,1,2
716300,2,0
716300,3,27
716300,4,7
716300,5,4
716300,6,15
716300,8,39
716300,9,0
716300,10,0
716300,11,19
716300,12,35
716300,13,11
716300,14,7
716300,16,2
716300,17,0
716302,1,4
716302,2,1
716302,3,11
716302,4,3
716302,5,4
716302,6,5
716302,8,19
716302,9,2
716302,10,0
716302,11,9
716302,12,12
716302,13,11
716302,14,4
716302,16,3
716302,17,0
716304,1,4
716304,2,6
716304,3,56
716304,4,6
716304,5,4
716304,6,5
716304,8,42
716304,9,9
716304,10,0
716304,11,21
716304,12,31
716304,13,17
716304,14,9
716304,16,3
716304,17,1
716306,1,3
716306,2,5
716306,3,50
716306,4,3
716306,5,6
716306,6,5
716306,8,21
716306,9,5
716306,10,0
716306,11,29
716306,12,50
716306,13,43
716306,14,23
716306,16,5
716306,17,0
716308,1,4
716308,2,2
716308,3,75
716308,4,3
716308,5,3
716308,6,6
716308,8,25
716308,9,3
716308,10,3
716308,11,15
716308,12,58
716308,13,32
716308,14,6
716308,16,7
716308,17,0
716310,1,2
716310,2,0
716310,3,26
716310,4,2
716310,5,4
716310,6,3
716310,8,13
716310,9,3
716310,10,2
716310,11,19
716310,12,35
716310,13,9
716310,14,9
716310,16,3
716310,17,0
716312,1,4
716312,2,1
716312,3,25
716312,4,6
716312,5,1
716312,6,1
716312,8,29
716312,9,6
716312,10,0
716312,11,9
716312,12,23
716312,13,5
716312,14,4
716312,16,1
716312,17,0
716314,1,29
716314,2,77
716314,3,356
716314,4,45
716314,5,32
716314,6,20
716314,8,150
716314,9,47
716314,10,5
716314,11,183
716314,12,267
716314,13,362
716314,14,149
716314,16,74
716314,17,5
716316,1,38
716316,2,67
716316,3,334
716316,4,53
716316,5,45
716316,6,17
716316,8,147
716316,9,34
716316,10,7
716316,11,190
716316,12,230
716316,13,477
716316,14,134
716316,16,63
716316,17,4
716318,1,26
716318,2,65
716318,3,285
716318,4,27
716318,5,21
716318,6,18
716318,8,103
716318,9,23
716318,10,5
716318,11,161
716318,12,272
716318,13,296
716318,14,104
716318,16,43
716318,17,5
716320,1,17
716320,2,57
716320,3,242
716320,4,19
716320,5,28
716320,6,16
716320,8,90
716320,9,44
716320,10,2
716320,11,175
716320,12,234
716320,13,295
716320,14,115
716320,16,64
716320,17,4
716322,1,25
716322,2,37
716322,3,226
716322,4,23
716322,5,20
716322,6,11
716322,8,89
716322,9,26
716322,10,2
716322,11,104
716322,12,209
716322,13,258
716322,14,75
716322,16,43
716322,17,5
716324,1,12
716324,2,47
716324,3,184
716324,4,30
716324,5,24
716324,6,17
716324,8,72
716324,9,21
716324,10,3
716324,11,115
716324,12,165
716324,13,216
716324,14,55
716324,16,47
716324,17,2
716326,1,28
716326,2,66
716326,3,264
716326,4,36
716326,5,56
716326,6,17
716326,8,113
716326,9,27
716326,10,5
716326,11,185
716326,12,260
716326,13,320
716326,14,121
716326,16,82
716326,17,3
716328,1,19
716328,2,45
716328,3,183
716328,4,20
716328,5,26
716328,6,14
716328,8,59
716328,9,21
716328,10,3
716328,11,130
716328,12,183
716328,13,244
716328,14,98
716328,16,45
716328,17,1
716330,1,19
716330,2,50
716330,3,202
716330,4,27
716330,5,32
716330,6,21
716330,8,113
716330,9,19
716330,10,5
716330,11,129
716330,12,190
716330,13,269
716330,14,104
716330,16,64
716330,17,4
716332,1,29
716332,2,50
716332,3,226
716332,4,32
716332,5,30
716332,6,23
716332,8,111
716332,9,23
716332,10,1
716332,11,136
716332,12,202
716332,13,284
716332,14,102
716332,16,60
716332,17,6
716334,1,12
716334,2,47
716334,3,152
716334,4,24
716334,5,14
716334,6,14
716334,8,85
716334,9,12
716334,10,1
716334,11,91
716334,12,128
716334,13,199
716334,14,74
716334,16,31
716334,17,2
716336,1,6
716336,2,82
716336,3,115
716336,4,34
716336,5,21
716336,6,5
716336,8,49
716336,9,15
716336,10,24
716336,11,82
716336,12,63
716336,13,541
716336,14,186
716336,16,135
716336,17,47
716338,1,7
716338,2,82
716338,3,209
716338,4,22
716338,5,30
716338,6,27
716338,8,58
716338,9,17
716338,10,19
716338,11,198
716338,12,129
716338,13,539
716338,14,222
716338,16,193
716338,17,65
716340,1,22
716340,2,94
716340,3,229
716340,4,43
716340,5,46
716340,6,23
716340,8,60
716340,9,38
716340,10,34
716340,11,204
716340,12,172
716340,13,569
716340,14,258
716340,16,170
716340,17,101
716342,1,15
716342,2,79
716342,3,222
716342,4,32
716342,5,49
716342,6,14
716342,8,79
716342,9,24
716342,10,20
716342,11,157
716342,12,133
716342,13,493
716342,14,216
716342,16,148
716342,17,80
716344,1,21
716344,2,124
716344,3,300
716344,4,35
716344,5,67
716344,6,35
716344,8,84
716344,9,57
716344,10,37
716344,11,176
716344,12,217
716344,13,493
716344,14,183
716344,16,130
716344,17,188
716346,1,0
716346,2,2
716346,3,40
716346,4,1
716346,5,2
716346,6,60
716346,8,8
716346,9,3
716346,10,0
716346,11,11
716346,12,24
716346,13,21
716346,14,6
716346,16,3
716346,17,0
716348,1,16
716348,2,146
716348,3,246
716348,4,64
716348,5,46
716348,6,15
716348,8,81
716348,9,19
716348,10,31
716348,11,164
716348,12,127
716348,13,768
716348,14,229
716348,16,205
716348,17,68
716350,1,7
716350,2,16
716350,3,167
716350,4,10
716350,5,17
716350,6,12
716350,8,42
716350,9,7
716350,10,2
716350,11,72
716350,12,89
716350,13,166
716350,14,57
716350,16,26
716350,17,2
716352,1,16
716352,2,16
716352,3,205
716352,4,10
716352,5,19
716352,6,11
716352,8,61
716352,9,14
716352,10,3
716352,11,104
716352,12,108
716352,13,120
716352,14,67
716352,16,32
716352,17,0
716354,1,13
716354,2,29
716354,3,186
716354,4,13
716354,5,22
716354,6,15
716354,8,47
716354,9,16
716354,10,1
716354,11,105
716354,12,109
716354,13,170
716354,14,48
716354,16,38
716354,17,0
716356,1,13
716356,2,19
716356,3,248
716356,4,11
716356,5,9
716356,6,12
716356,8,52
716356,9,18
716356,10,3
716356,11,78
716356,12,108
716356,13,153
716356,14,34
716356,16,24
716356,17,2
716358,1,11
716358,2,32
716358,3,398
716358,4,21
716358,5,21
716358,6,23
716358,8,89
716358,9,25
716358,10,2
716358,11,165
716358,12,203
716358,13,168
716358,14,95
716358,16,39
716358,17,2
716360,1,5
716360,2,43
716360,3,123
716360,4,7
716360,5,12
716360,6,21
716360,8,61
716360,9,12
716360,10,12
716360,11,107
716360,12,90
716360,13,351
716360,14,231
716360,16,69
716360,17,55
716362,1,5
716362,2,3
716362,3,29
716362,4,0
716362,5,15
716362,6,2
716362,8,2
716362,9,2
716362,10,0
716362,11,6
716362,12,11
716362,13,16
716362,14,9
716362,16,7
716362,17,285
716364,1,6
716364,2,48
716364,3,217
716364,4,17
716364,5,28
716364,6,16
716364,8,54
716364,9,28
716364,10,17
716364,11,81
716364,12,114
716364,13,305
716364,14,94
716364,16,80
716364,17,266
716366,1,4
716366,2,23
716366,3,83
716366,4,7
716366,5,18
716366,6,5
716366,8,13
716366,9,21
716366,10,9
716366,11,70
716366,12,45
716366,13,128
716366,14,67
716366,16,55
716366,17,181
716368,1,13
716368,2,24
716368,3,107
716368,4,4
716368,5,23
716368,6,8
716368,8,25
716368,9,14
716368,10,3
716368,11,35
716368,12,79
716368,13,120
716368,14,57
716368,16,37
716368,17,166
716370,1,2
716370,2,1
716370,3,39
716370,4,3
716370,5,8
716370,6,4
716370,8,2
716370,9,2
716370,10,2
716370,11,2
716370,12,17
716370,13,11
716370,14,2
716370,16,4
716370,17,164
716372,1,1
716372,2,0
716372,3,50
716372,4,1
716372,5,11
716372,6,5
716372,8,3
716372,9,7
716372,10,0
716372,11,4
716372,12,13
716372,13,10
716372,14,1
716372,16,4
716372,17,146
716374,1,0
716374,2,1
716374,3,22
716374,4,1
716374,5,1
716374,6,2
716374,8,5
716374,9,0
716374,10,1
716374,11,3
716374,12,10
716374,13,16
716374,14,3
716374,16,3
716374,17,107
716376,1,7
716376,2,8
716376,3,87
716376,4,7
716376,5,17
716376,6,3
716376,8,11
716376,9,9
716376,10,3
716376,11,15
716376,12,45
716376,13,80
716376,14,32
716376,16,17
716376,17,85
716378,1,2
716378,2,23
716378,3,81
716378,4,7
716378,5,22
716378,6,3
716378,8,14
716378,9,6
716378,10,5
716378,11,39
716378,12,37
716378,13,160
716378,14,76
716378,16,46
716378,17,250
716380,1,1
716380,2,3
716380,3,84
716380,4,1
716380,5,33
716380,6,3
716380,8,7
716380,9,12
716380,10,1
716380,11,7
716380,12,17
716380,13,11
716380,14,1
716380,16,4
716380,17,344
716382,1,0
716382,2,0
716382,3,34
716382,4,2
716382,5,18
716382,6,5
716382,8,1
716382,9,1
716382,10,3
716382,11,8
716382,12,14
716382,13,6
716382,14,1
716382,16,2
716382,17,216
716384,1,5
716384,2,4
716384,3,55
716384,4,1
716384,5,37
716384,6,4
716384,8,7
716384,9,7
716384,10,4
716384,11,5
716384,12,19
716384,13,15
716384,14,7
716384,16,8
716384,17,379
716386,1,5
716386,2,12
716386,3,103
716386,4,7
716386,5,58
716386,6,5
716386,8,14
716386,9,10
716386,10,8
716386,11,14
716386,12,52
716386,13,58
716386,14,31
716386,16,13
716386,17,351
716388,1,7
716388,2,4
716388,3,65
716388,4,9
716388,5,28
716388,6,4
716388,8,9
716388,9,19
716388,10,2
716388,11,11
716388,12,38
716388,13,20
716388,14,32
716388,16,12
716388,17,265
716390,1,20
716390,2,24
716390,3,393
716390,4,14
716390,5,26
716390,6,24
716390,8,59
716390,9,24
716390,10,5
716390,11,74
716390,12,123
716390,13,156
716390,14,59
716390,16,33
716390,17,3
716392,1,4
716392,2,9
716392,3,137
716392,4,9
716392,5,10
716392,6,6
716392,8,27
716392,9,18
716392,10,0
716392,11,36
716392,12,77
716392,13,54
716392,14,31
716392,16,12
716392,17,1
716394,1,14
716394,2,9
716394,3,142
716394,4,8
716394,5,18
716394,6,15
716394,8,41
716394,9,29
716394,10,4
716394,11,39
716394,12,76
716394,13,27
716394,14,20
716394,16,18
716394,17,2
716396,1,4
716396,2,2
716396,3,111
716396,4,2
716396,5,8
716396,6,5
716396,8,19
716396,9,15
716396,10,3
716396,11,19
716396,12,33
716396,13,6
716396,14,3
716396,16,9
716396,17,2
716398,1,4
716398,2,4
716398,3,52
716398,4,2
716398,5,6
716398,6,6
716398,8,18
716398,9,7
716398,10,1
716398,11,13
716398,12,48
716398,13,17
716398,14,14
716398,16,4
716398,17,0
716400,1,6
716400,2,4
716400,3,81
716400,4,0
716400,5,2
716400,6,6
716400,8,23
716400,9,6
716400,10,3
716400,11,8
716400,12,42
716400,13,10
716400,14,7
716400,16,4
716400,17,0
716402,1,5
716402,2,0
716402,3,47
716402,4,2
716402,5,4
716402,6,0
716402,8,12
716402,9,9
716402,10,1
716402,11,8
716402,12,16
716402,13,14
716402,14,1
716402,16,0
716402,17,0
716404,1,21
716404,2,19
716404,3,354
716404,4,17
716404,5,15
716404,6,15
716404,8,61
716404,9,15
716404,10,14
716404,11,135
716404,12,177
716404,13,199
716404,14,152
716404,16,41
716404,17,2
716406,1,2
716406,2,0
716406,3,41
716406,4,3
716406,5,4
716406,6,5
716406,8,9
716406,9,2
716406,10,0
716406,11,21
716406,12,48
716406,13,8
716406,14,4
716406,16,0
716406,17,1
716408,1,19
716408,2,12
716408,3,208
716408,4,13
716408,5,16
716408,6,14
716408,8,52
716408,9,11
716408,10,0
716408,11,138
716408,12,154
716408,13,87
716408,14,25
716408,16,13
716408,17,1
716410,1,17
716410,2,23
716410,3,323
716410,4,12
716410,5,15
716410,6,26
716410,8,61
716410,9,17
716410,10,3
716410,11,232
716410,12,156
716410,13,166
716410,14,54
716410,16,27
716410,17,2
716412,1,26
716412,2,14
716412,3,365
716412,4,14
716412,5,12
716412,6,17
716412,8,71
716412,9,11
716412,10,1
716412,11,186
716412,12,173
716412,13,144
716412,14,54
716412,16,21
716412,17,4
716414,1,11
716414,2,19
716414,3,310
716414,4,8
716414,5,12
716414,6,14
716414,8,38
716414,9,12
716414,10,3
716414,11,181
716414,12,150
716414,13,101
716414,14,43
716414,16,29
716414,17,3
716416,1,12
716416,2,21
716416,3,473
716416,4,16
716416,5,31
716416,6,21
716416,8,88
716416,9,20
716416,10,6
716416,11,262
716416,12,167
716416,13,177
716416,14,52
716416,16,45
716416,17,2
716418,1,21
716418,2,10
716418,3,197
716418,4,6
716418,5,17
716418,6,17
716418,8,39
716418,9,13
716418,10,5
716418,11,139
716418,12,157
716418,13,67
716418,14,22
716418,16,15
716418,17,1
716420,1,11
716420,2,11
716420,3,262
716420,4,7
716420,5,15
716420,6,5
716420,8,34
716420,9,15
716420,10,3
716420,11,135
716420,12,181
716420,13,45
716420,14,12
716420,16,16
716420,17,2
716422,1,9
716422,2,6
716422,3,224
716422,4,6
716422,5,8
716422,6,13
716422,8,18
716422,9,11
716422,10,3
716422,11,72
716422,12,116
716422,13,50
716422,14,11
716422,16,9
716422,17,1
716424,1,3
716424,2,7
716424,3,67
716424,4,2
716424,5,4
716424,6,8
716424,8,13
716424,9,2
716424,10,2
716424,11,37
716424,12,56
716424,13,21
716424,14,6
716424,16,5
716424,17,2
716426,1,4
716426,2,2
716426,3,56
716426,4,1
716426,5,1
716426,6,8
716426,8,3
716426,9,4
716426,10,0
716426,11,25
716426,12,25
716426,13,11
716426,14,3
716426,16,4
716426,17,1
716428,1,7
716428,2,14
716428,3,64
716428,4,3
716428,5,2
716428,6,3
716428,8,18
716428,9,1
716428,10,0
716428,11,26
716428,12,65
716428,13,17
716428,14,14
716428,16,7
716428,17,1
716430,1,1
716430,2,2
716430,3,52
716430,4,1
716430,5,2
716430,6,4
716430,8,8
716430,9,1
716430,10,0
716430,11,21
716430,12,28
716430,13,5
716430,14,1
716430,16,3
716430,17,1
716432,1,0
716432,2,3
716432,3,24
716432,4,0
716432,5,4
716432,6,3
716432,8,5
716432,9,0
716432,10,0
716432,11,24
716432,12,28
716432,13,4
716432,14,1
716432,16,3
716432,17,1
716434,1,10
716434,2,3
716434,3,59
716434,4,3
716434,5,4
716434,6,0
716434,8,10
716434,9,1
716434,10,1
716434,11,44
716434,12,49
716434,13,9
716434,14,4
716434,16,3
716434,17,1
716436,1,8
716436,2,9
716436,3,172
716436,4,4
716436,5,4
716436,6,7
716436,8,26
716436,9,8
716436,10,3
716436,11,91
716436,12,72
716436,13,32
716436,14,12
716436,16,9
716436,17,2
716438,1,4
716438,2,10
716438,3,105
716438,4,7
716438,5,2
716438,6,8
716438,8,18
716438,9,5
716438,10,0
716438,11,40
716438,12,53
716438,13,28
716438,14,10
716438,16,5
716438,17,1
716440,1,4
716440,2,29
716440,3,85
716440,4,5
716440,5,24
716440,6,11
716440,8,21
716440,9,13
716440,10,3
716440,11,49
716440,12,54
716440,13,145
716440,14,64
716440,16,46
716440,17,273
716442,1,5
716442,2,24
716442,3,82
716442,4,8
716442,5,13
716442,6,20
716442,8,20
716442,9,17
716442,10,1
716442,11,28
716442,12,27
716442,13,95
716442,14,30
716442,16,18
716442,17,197
716444,1,6
716444,2,17
716444,3,117
716444,4,12
716444,5,24
716444,6,49
716444,8,15
716444,9,18
716444,10,6
716444,11,41
716444,12,59
716444,13,80
716444,14,31
716444,16,12
716444,17,238
716446,1,3
716446,2,12
716446,3,71
716446,4,8
716446,5,27
716446,6,13
716446,8,16
716446,9,8
716446,10,4
716446,11,33
716446,12,31
716446,13,71
716446,14,31
716446,16,24
716446,17,184
716448,1,3
716448,2,5
716448,3,56
716448,4,5
716448,5,23
716448,6,1
716448,8,10
716448,9,9
716448,10,1
716448,11,24
716448,12,18
716448,13,27
716448,14,6
716448,16,14
716448,17,146
716450,1,0
716450,2,3
716450,3,35
716450,4,3
716450,5,10
716450,6,7
716450,8,12
716450,9,3
716450,10,1
716450,11,6
716450,12,18
716450,13,27
716450,14,13
716450,16,6
716450,17,155
716452,1,6
716452,2,6
716452,3,97
716452,4,4
716452,5,23
716452,6,16
716452,8,14
716452,9,21
716452,10,2
716452,11,20
716452,12,39
716452,13,34
716452,14,11
716452,16,15
716452,17,354
716454,1,2
716454,2,1
716454,3,20
716454,4,0
716454,5,5
716454,6,11
716454,8,3
716454,9,9
716454,10,0
716454,11,5
716454,12,17
716454,13,11
716454,14,6
716454,16,5
716454,17,130
716456,1,4
716456,2,2
716456,3,37
716456,4,2
716456,5,5
716456,6,0
716456,8,9
716456,9,4
716456,10,0
716456,11,2
716456,12,17
716456,13,6
716456,14,3
716456,16,1
716456,17,103
716458,1,11
716458,2,41
716458,3,159
716458,4,14
716458,5,27
716458,6,12
716458,8,43
716458,9,32
716458,10,10
716458,11,76
716458,12,93
716458,13,349
716458,14,165
716458,16,73
716458,17,217
716460,1,3
716460,2,12
716460,3,53
716460,4,5
716460,5,16
716460,6,1
716460,8,25
716460,9,10
716460,10,3
716460,11,32
716460,12,86
716460,13,105
716460,14,48
716460,16,23
716460,17,6
716462,1,0
716462,2,6
716462,3,8
716462,4,2
716462,5,6
716462,6,3
716462,8,7
716462,9,9
716462,10,8
716462,11,4
716462,12,15
716462,13,6
716462,14,9
716462,16,4
716462,17,7
716464,1,13
716464,2,29
716464,3,184
716464,4,21
716464,5,51
716464,6,15
716464,8,79
716464,9,37
716464,10,9
716464,11,78
716464,12,184
716464,13,229
716464,14,121
716464,16,65
716464,17,46
716466,1,5
716466,2,17
716466,3,49
716466,4,8
716466,5,22
716466,6,7
716466,8,16
716466,9,8
716466,10,0
716466,11,36
716466,12,67
716466,13,127
716466,14,56
716466,16,25
716466,17,13
716468,1,9
716468,2,31
716468,3,81
716468,4,9
716468,5,26
716468,6,16
716468,8,48
716468,9,14
716468,10,4
716468,11,67
716468,12,105
716468,13,197
716468,14,108
716468,16,47
716468,17,25
716470,1,7
716470,2,17
716470,3,91
716470,4,5
716470,5,36
716470,6,4
716470,8,36
716470,9,14
716470,10,0
716470,11,31
716470,12,104
716470,13,176
716470,14,63
716470,16,30
716470,17,14
716472,1,21
716472,2,56
716472,3,234
716472,4,28
716472,5,58
716472,6,13
716472,8,88
716472,9,43
716472,10,4
716472,11,126
716472,12,277
716472,13,253
716472,14,170
716472,16,58
716472,17,87
716474,1,11
716474,2,17
716474,3,88
716474,4,9
716474,5,32
716474,6,4
716474,8,44
716474,9,20
716474,10,3
716474,11,41
716474,12,108
716474,13,81
716474,14,56
716474,16,16
716474,17,35
716476,1,23
716476,2,30
716476,3,145
716476,4,14
716476,5,47
716476,6,11
716476,8,94
716476,9,31
716476,10,6
716476,11,97
716476,12,187
716476,13,191
716476,14,89
716476,16,38
716476,17,68
716478,1,16
716478,2,27
716478,3,170
716478,4,19
716478,5,38
716478,6,12
716478,8,92
716478,9,31
716478,10,7
716478,11,86
716478,12,248
716478,13,149
716478,14,83
716478,16,38
716478,17,55
716480,1,15
716480,2,25
716480,3,118
716480,4,10
716480,5,30
716480,6,7
716480,8,55
716480,9,10
716480,10,4
716480,11,53
716480,12,146
716480,13,122
716480,14,61
716480,16,33
716480,17,49
716482,1,4
716482,2,12
716482,3,66
716482,4,4
716482,5,19
716482,6,2
716482,8,29
716482,9,18
716482,10,2
716482,11,31
716482,12,98
716482,13,65
716482,14,35
716482,16,14
716482,17,24
716484,1,14
716484,2,19
716484,3,148
716484,4,11
716484,5,44
716484,6,9
716484,8,48
716484,9,25
716484,10,3
716484,11,48
716484,12,150
716484,13,125
716484,14,54
716484,16,27
716484,17,68
716486,1,19
716486,2,16
716486,3,186
716486,4,13
716486,5,51
716486,6,10
716486,8,90
716486,9,36
716486,10,10
716486,11,63
716486,12,185
716486,13,143
716486,14,92
716486,16,34
716486,17,88
716488,1,16
716488,2,13
716488,3,157
716488,4,11
716488,5,43
716488,6,6
716488,8,62
716488,9,23
716488,10,5
716488,11,74
716488,12,173
716488,13,144
716488,14,77
716488,16,32
716488,17,60
716490,1,2
716490,2,2
716490,3,52
716490,4,2
716490,5,25
716490,6,2
716490,8,6
716490,9,7
716490,10,5
716490,11,4
716490,12,29
716490,13,20
716490,14,5
716490,16,7
716490,17,252
716492,1,10
716492,2,27
716492,3,140
716492,4,8
716492,5,50
716492,6,9
716492,8,26
716492,9,28
716492,10,13
716492,11,55
716492,12,83
716492,13,158
716492,14,54
716492,16,45
716492,17,290
716494,1,8
716494,2,16
716494,3,168
716494,4,7
716494,5,39
716494,6,9
716494,8,28
716494,9,22
716494,10,14
716494,11,29
716494,12,74
716494,13,74
716494,14,37
716494,16,27
716494,17,290
716496,1,5
716496,2,9
716496,3,116
716496,4,14
716496,5,62
716496,6,20
716496,8,25
716496,9,28
716496,10,8
716496,11,52
716496,12,91
716496,13,49
716496,14,33
716496,16,28
716496,17,417
716498,1,4
716498,2,7
716498,3,59
716498,4,3
716498,5,33
716498,6,9
716498,8,10
716498,9,4
716498,10,1
716498,11,24
716498,12,35
716498,13,43
716498,14,16
716498,16,17
716498,17,158
716500,1,7
716500,2,8
716500,3,142
716500,4,5
716500,5,65
716500,6,6
716500,8,12
716500,9,23
716500,10,6
716500,11,29
716500,12,65
716500,13,43
716500,14,11
716500,16,8
716500,17,349
716502,1,0
716502,2,1
716502,3,2
716502,4,0
716502,5,1
716502,6,0
716502,8,1
716502,9,0
716502,10,0
716502,11,2
716502,12,1
716502,13,22
716502,14,2
716502,16,4
716502,17,1
716504,1,6
716504,2,8
716504,3,66
716504,4,9
716504,5,54
716504,6,5
716504,8,9
716504,9,16
716504,10,4
716504,11,19
716504,12,46
716504,13,27
716504,14,18
716504,16,18
716504,17,372
716506,1,2
716506,2,8
716506,3,19
716506,4,1
716506,5,10
716506,6,4
716506,8,2
716506,9,16
716506,10,0
716506,11,3
716506,12,11
716506,13,17
716506,14,18
716506,16,11
716506,17,80
716508,1,4
716508,2,17
716508,3,141
716508,4,8
716508,5,58
716508,6,10
716508,8,28
716508,9,18
716508,10,14
716508,11,27
716508,12,76
716508,13,74
716508,14,29
716508,16,23
716508,17,456
716510,1,3
716510,2,1
716510,3,80
716510,4,7
716510,5,2
716510,6,6
716510,8,19
716510,9,6
716510,10,2
716510,11,16
716510,12,27
716510,13,34
716510,14,20
716510,16,2
716510,17,0
716512,1,4
716512,2,1
716512,3,34
716512,4,1
716512,5,0
716512,6,15
716512,8,12
716512,9,4
716512,10,2
716512,11,9
716512,12,27
716512,13,8
716512,14,9
716512,16,3
716512,17,0
716514,1,3
716514,2,2
716514,3,60
716514,4,0
716514,5,6
716514,6,1
716514,8,22
716514,9,9
716514,10,2
716514,11,15
716514,12,22
716514,13,11
716514,14,11
716514,16,6
716514,17,0
716516,1,1
716516,2,4
716516,3,30
716516,4,1
716516,5,5
716516,6,7
716516,8,6
716516,9,9
716516,10,1
716516,11,13
716516,12,16
716516,13,19
716516,14,9
716516,16,5
716516,17,0
716518,1,1
716518,2,0
716518,3,54
716518,4,4
716518,5,2
716518,6,7
716518,8,25
716518,9,5
716518,10,1
716518,11,7
716518,12,28
716518,13,7
716518,14,5
716518,16,3
716518,17,0
716520,1,13
716520,2,13
716520,3,153
716520,4,3
716520,5,6
716520,6,15
716520,8,25
716520,9,2
716520,10,1
716520,11,86
716520,12,99
716520,13,89
716520,14,25
716520,16,12
716520,17,2
716522,1,16
716522,2,16
716522,3,136
716522,4,2
716522,5,10
716522,6,12
716522,8,48
716522,9,13
716522,10,2
716522,11,159
716522,12,75
716522,13,69
716522,14,8
716522,16,9
716522,17,0
716524,1,2
716524,2,3
716524,3,48
716524,4,10
716524,5,3
716524,6,4
716524,8,19
716524,9,4
716524,10,1
716524,11,56
716524,12,33
716524,13,26
716524,14,1
716524,16,5
716524,17,0
716526,1,8
716526,2,3
716526,3,48
716526,4,2
716526,5,4
716526,6,4
716526,8,25
716526,9,7
716526,10,0
716526,11,35
716526,12,33
716526,13,18
716526,14,5
716526,16,8
716526,17,0
716528,1,7
716528,2,14
716528,3,137
716528,4,6
716528,5,10
716528,6,28
716528,8,43
716528,9,12
716528,10,1
716528,11,130
716528,12,100
716528,13,81
716528,14,25
716528,16,15
716528,17,3
716530,1,3
716530,2,4
716530,3,36
716530,4,1
716530,5,2
716530,6,4
716530,8,8
716530,9,7
716530,10,0
716530,11,38
716530,12,29
716530,13,18
716530,14,6
716530,16,1
716530,17,0
716532,1,2
716532,2,3
716532,3,45
716532,4,2
716532,5,1
716532,6,5
716532,8,8
716532,9,1
716532,10,0
716532,11,21
716532,12,29
716532,13,14
716532,14,5
716532,16,1
716532,17,0
716534,1,6
716534,2,5
716534,3,45
716534,4,0
716534,5,0
716534,6,5
716534,8,10
716534,9,1
716534,10,0
716534,11,30
716534,12,43
716534,13,13
716534,14,9
716534,16,1
716534,17,0
716536,1,5
716536,2,3
716536,3,54
716536,4,2
716536,5,8
716536,6,11
716536,8,22
716536,9,1
716536,10,1
716536,11,62
716536,12,34
716536,13,47
716536,14,8
716536,16,6
716536,17,1
716538,1,0
716538,2,1
716538,3,40
716538,4,0
716538,5,4
716538,6,16
716538,8,20
716538,9,1
716538,10,0
716538,11,36
716538,12,26
716538,13,15
716538,14,2
716538,16,2
716538,17,0
716540,1,10
716540,2,27
716540,3,152
716540,4,9
716540,5,12
716540,6,5
716540,8,63
716540,9,12
716540,10,4
716540,11,254
716540,12,106
716540,13,104
716540,14,26
716540,16,18
716540,17,2
716542,1,2
716542,2,5
716542,3,60
716542,4,3
716542,5,5
716542,6,0
716542,8,14
716542,9,3
716542,10,0
716542,11,71
716542,12,28
716542,13,19
716542,14,8
716542,16,5
716542,17,4
716544,1,2
716544,2,3
716544,3,56
716544,4,2
716544,5,0
716544,6,5
716544,8,28
716544,9,5
716544,10,0
716544,11,18
716544,12,21
716544,13,17
716544,14,17
716544,16,6
716544,17,1
716546,1,7
716546,2,7
716546,3,60
716546,4,3
716546,5,3
716546,6,6
716546,8,20
716546,9,6
716546,10,0
716546,11,12
716546,12,35
716546,13,16
716546,14,16
716546,16,1
716546,17,0
716548,1,3
716548,2,6
716548,3,90
716548,4,6
716548,5,8
716548,6,15
716548,8,69
716548,9,6
716548,10,2
716548,11,45
716548,12,57
716548,13,91
716548,14,45
716548,16,15
716548,17,0
716550,1,2
716550,2,2
716550,3,66
716550,4,5
716550,5,5
716550,6,6
716550,8,39
716550,9,3
716550,10,0
716550,11,30
716550,12,26
716550,13,34
716550,14,23
716550,16,2
716550,17,0
716552,1,1
716552,2,5
716552,3,30
716552,4,4
716552,5,3
716552,6,6
716552,8,18
716552,9,1
716552,10,1
716552,11,16
716552,12,15
716552,13,31
716552,14,15
716552,16,7
716552,17,0
716554,1,2
716554,2,7
716554,3,44
716554,4,5
716554,5,3
716554,6,7
716554,8,24
716554,9,2
716554,10,0
716554,11,25
716554,12,19
716554,13,19
716554,14,6
716554,16,1
716554,17,2
716556,1,4
716556,2,10
716556,3,97
716556,4,7
716556,5,7
716556,6,8
716556,8,43
716556,9,2
716556,10,0
716556,11,33
716556,12,47
716556,13,66
716556,14,17
716556,16,4
716556,17,0
716558,1,2
716558,2,1
716558,3,25
716558,4,1
716558,5,0
716558,6,5
716558,8,7
716558,9,3
716558,10,0
716558,11,9
716558,12,8
716558,13,6
716558,14,0
716558,16,4
716558,17,1
716560,1,5
716560,2,1
716560,3,51
716560,4,4
716560,5,8
716560,6,4
716560,8,30
716560,9,5
716560,10,2
716560,11,20
716560,12,40
716560,13,33
716560,14,6
716560,16,5
716560,17,0
716562,1,0
716562,2,0
716562,3,46
716562,4,0
716562,5,1
716562,6,10
716562,8,12
716562,9,3
716562,10,3
716562,11,11
716562,12,28
716562,13,11
716562,14,4
716562,16,4
716562,17,1
716564,1,5
716564,2,0
716564,3,32
716564,4,3
716564,5,2
716564,6,6
716564,8,15
716564,9,2
716564,10,0
716564,11,13
716564,12,8
716564,13,1
716564,14,3
716564,16,3
716564,17,1
716566,1,0
716566,2,1
716566,3,14
716566,4,2
716566,5,1
716566,6,1
716566,8,10
716566,9,6
716566,10,0
716566,11,7
716566,12,10
716566,13,4
716566,14,2
716566,16,1
716566,17,0
716568,1,6
716568,2,2
716568,3,37
716568,4,0
716568,5,2
716568,6,2
716568,8,13
716568,9,5
716568,10,0
716568,11,19
716568,12,17
716568,13,14
716568,14,4
716568,16,2
716568,17,0
716570,1,0
716570,2,3
716570,3,23
716570,4,1
716570,5,0
716570,6,1
716570,8,9
716570,9,0
716570,10,0
716570,11,9
716570,12,12
716570,13,3
716570,14,3
716570,16,1
716570,17,0
716572,1,4
716572,2,4
716572,3,52
716572,4,2
716572,5,7
716572,6,1
716572,8,35
716572,9,4
716572,10,0
716572,11,13
716572,12,30
716572,13,10
716572,14,3
716572,16,1
716572,17,0
716574,1,4
716574,2,25
716574,3,29
716574,4,2
716574,5,6
716574,6,3
716574,8,13
716574,9,2
716574,10,5
716574,11,21
716574,12,18
716574,13,42
716574,14,25
716574,16,11
716574,17,111
716576,1,2
716576,2,3
716576,3,29
716576,4,1
716576,5,2
716576,6,3
716576,8,16
716576,9,2
716576,10,1
716576,11,13
716576,12,13
716576,13,15
716576,14,4
716576,16,4
716576,17,0
716578,1,3
716578,2,3
716578,3,59
716578,4,1
716578,5,4
716578,6,0
716578,8,8
716578,9,4
716578,10,0
716578,11,12
716578,12,22
716578,13,29
716578,14,6
716578,16,6
716578,17,0
716580,1,2
716580,2,3
716580,3,37
716580,4,3
716580,5,1
716580,6,4
716580,8,36
716580,9,1
716580,10,1
716580,11,19
716580,12,22
716580,13,36
716580,14,10
716580,16,4
716580,17,0
716582,1,5
716582,2,8
716582,3,57
716582,4,8
716582,5,3
716582,6,4
716582,8,50
716582,9,2
716582,10,1
716582,11,28
716582,12,36
716582,13,47
716582,14,18
716582,16,5
716582,17,0
716584,1,15
716584,2,18
716584,3,302
716584,4,7
716584,5,28
716584,6,21
716584,8,39
716584,9,15
716584,10,1
716584,11,85
716584,12,147
716584,13,115
716584,14,68
716584,16,23
716584,17,3
716586,1,11
716586,2,19
716586,3,195
716586,4,3
716586,5,15
716586,6,12
716586,8,40
716586,9,9
716586,10,2
716586,11,54
716586,12,93
716586,13,89
716586,14,51
716586,16,13
716586,17,1
716588,1,15
716588,2,14
716588,3,339
716588,4,9
716588,5,23
716588,6,16
716588,8,77
716588,9,21
716588,10,2
716588,11,114
716588,12,194
716588,13,179
716588,14,69
716588,16,31
716588,17,0
716590,1,11
716590,2,30
716590,3,359
716590,4,16
716590,5,31
716590,6,18
716590,8,55
716590,9,31
716590,10,3
716590,11,123
716590,12,188
716590,13,155
716590,14,104
716590,16,36
716590,17,2
716592,1,7
716592,2,2
716592,3,28
716592,4,3
716592,5,1
716592,6,1
716592,8,29
716592,9,3
716592,10,2
716592,11,9
716592,12,16
716592,13,9
716592,14,6
716592,16,1
716592,17,0
716594,1,1
716594,2,3
716594,3,27
716594,4,2
716594,5,2
716594,6,3
716594,8,6
716594,9,6
716594,10,0
716594,11,10
716594,12,21
716594,13,13
716594,14,0
716594,16,6
716594,17,1
716596,1,8
716596,2,3
716596,3,62
716596,4,2
716596,5,8
716596,6,3
716596,8,11
716596,9,6
716596,10,0
716596,11,12
716596,12,47
716596,13,26
716596,14,7
716596,16,3
716596,17,1
716598,1,6
716598,2,3
716598,3,100
716598,4,3
716598,5,16
716598,6,9
716598,8,30
716598,9,9
716598,10,3
716598,11,32
716598,12,46
716598,13,21
716598,14,23
716598,16,11
716598,17,1
716600,1,5
716600,2,0
716600,3,21
716600,4,3
716600,5,1
716600,6,1
716600,8,24
716600,9,2
716600,10,0
716600,11,5
716600,12,23
716600,13,3
716600,14,2
716600,16,1
716600,17,0
716602,1,2
716602,2,4
716602,3,49
716602,4,1
716602,5,3
716602,6,2
716602,8,10
716602,9,2
716602,10,0
716602,11,10
716602,12,8
716602,13,12
716602,14,5
716602,16,6
716602,17,0
716604,1,2
716604,2,3
716604,3,55
716604,4,4
716604,5,1
716604,6,0
716604,8,11
716604,9,3
716604,10,1
716604,11,18
716604,12,27
716604,13,8
716604,14,4
716604,16,4
716604,17,1
716606,1,7
716606,2,6
716606,3,161
716606,4,3
716606,5,8
716606,6,9
716606,8,27
716606,9,14
716606,10,5
716606,11,28
716606,12,53
716606,13,46
716606,14,19
716606,16,7
716606,17,0
716608,1,4
716608,2,3
716608,3,69
716608,4,2
716608,5,4
716608,6,3
716608,8,15
716608,9,2
716608,10,2
716608,11,6
716608,12,11
716608,13,21
716608,14,27
716608,16,7
716608,17,0
716610,1,2
716610,2,1
716610,3,38
716610,4,0
716610,5,4
716610,6,2
716610,8,27
716610,9,4
716610,10,4
716610,11,14
716610,12,14
716610,13,5
716610,14,8
716610,16,5
716610,17,4
716612,1,19
716612,2,28
716612,3,211
716612,4,11
716612,5,18
716612,6,18
716612,8,68
716612,9,29
716612,10,3
716612,11,99
716612,12,183
716612,13,196
716612,14,76
716612,16,40
716612,17,0
716614,1,10
716614,2,34
716614,3,290
716614,4,16
716614,5,29
716614,6,12
716614,8,104
716614,9,31
716614,10,2
716614,11,115
716614,12,186
716614,13,266
716614,14,76
716614,16,29
716614,17,1
716616,1,15
716616,2,44
716616,3,342
716616,4,18
716616,5,32
716616,6,21
716616,8,111
716616,9,20
716616,10,7
716616,11,179
716616,12,204
716616,13,256
716616,14,121
716616,16,59
716616,17,1
716618,1,17
716618,2,17
716618,3,180
716618,4,8
716618,5,22
716618,6,2
716618,8,71
716618,9,24
716618,10,4
716618,11,82
716618,12,133
716618,13,119
716618,14,58
716618,16,17
716618,17,0
716620,1,32
716620,2,50
716620,3,421
716620,4,38
716620,5,47
716620,6,21
716620,8,310
716620,9,44
716620,10,4
716620,11,217
716620,12,514
716620,13,349
716620,14,183
716620,16,62
716620,17,0
716622,1,8
716622,2,16
716622,3,179
716622,4,15
716622,5,22
716622,6,15
716622,8,117
716622,9,21
716622,10,5
716622,11,97
716622,12,247
716622,13,99
716622,14,66
716622,16,31
716622,17,1
716624,1,6
716624,2,26
716624,3,139
716624,4,10
716624,5,17
716624,6,9
716624,8,92
716624,9,8
716624,10,3
716624,11,71
716624,12,152
716624,13,178
716624,14,71
716624,16,28
716624,17,1
716626,1,13
716626,2,25
716626,3,199
716626,4,15
716626,5,21
716626,6,10
716626,8,125
716626,9,27
716626,10,3
716626,11,129
716626,12,224
716626,13,160
716626,14,95
716626,16,50
716626,17,1
716628,1,23
716628,2,51
716628,3,310
716628,4,21
716628,5,50
716628,6,10
716628,8,194
716628,9,28
716628,10,4
716628,11,184
716628,12,275
716628,13,341
716628,14,190
716628,16,77
716628,17,0
716630,1,8
716630,2,40
716630,3,207
716630,4,20
716630,5,28
716630,6,13
716630,8,116
716630,9,20
716630,10,1
716630,11,118
716630,12,199
716630,13,179
716630,14,115
716630,16,34
716630,17,0
716632,1,18
716632,2,32
716632,3,221
716632,4,16
716632,5,22
716632,6,18
716632,8,133
716632,9,15
716632,10,1
716632,11,147
716632,12,214
716632,13,161
716632,14,72
716632,16,31
716632,17,1
716634,1,15
716634,2,30
716634,3,355
716634,4,22
716634,5,38
716634,6,25
716634,8,99
716634,9,24
716634,10,10
716634,11,225
716634,12,245
716634,13,339
716634,14,108
716634,16,41
716634,17,4
716636,1,7
716636,2,20
716636,3,311
716636,4,10
716636,5,13
716636,6,19
716636,8,74
716636,9,9
716636,10,0
716636,11,115
716636,12,131
716636,13,134
716636,14,47
716636,16,22
716636,17,3
716638,1,18
716638,2,36
716638,3,410
716638,4,9
716638,5,25
716638,6,91
716638,8,67
716638,9,14
716638,10,8
716638,11,107
716638,12,180
716638,13,258
716638,14,88
716638,16,50
716638,17,1
716640,1,4
716640,2,13
716640,3,130
716640,4,1
716640,5,4
716640,6,58
716640,8,24
716640,9,6
716640,10,2
716640,11,27
716640,12,44
716640,13,44
716640,14,21
716640,16,6
716640,17,0
716642,1,7
716642,2,4
716642,3,88
716642,4,1
716642,5,1
716642,6,77
716642,8,11
716642,9,4
716642,10,1
716642,11,15
716642,12,49
716642,13,19
716642,14,9
716642,16,4
716642,17,0
716644,1,7
716644,2,15
716644,3,141
716644,4,11
716644,5,14
716644,6,15
716644,8,49
716644,9,15
716644,10,3
716644,11,137
716644,12,112
716644,13,154
716644,14,41
716644,16,32
716644,17,5
716646,1,9
716646,2,24
716646,3,153
716646,4,12
716646,5,17
716646,6,7
716646,8,38
716646,9,9
716646,10,7
716646,11,139
716646,12,94
716646,13,130
716646,14,47
716646,16,24
716646,17,12
716648,1,9
716648,2,16
716648,3,199
716648,4,15
716648,5,12
716648,6,13
716648,8,42
716648,9,15
716648,10,2
716648,11,191
716648,12,116
716648,13,198
716648,14,36
716648,16,32
716648,17,7
716650,1,15
716650,2,12
716650,3,189
716650,4,11
716650,5,26
716650,6,9
716650,8,53
716650,9,18
716650,10,6
716650,11,180
716650,12,168
716650,13,114
716650,14,41
716650,16,24
716650,17,6
716652,1,15
716652,2,42
716652,3,334
716652,4,34
716652,5,37
716652,6,33
716652,8,122
716652,9,20
716652,10,5
716652,11,321
716652,12,245
716652,13,258
716652,14,89
716652,16,36
716652,17,7
716654,1,6
716654,2,18
716654,3,154
716654,4,13
716654,5,12
716654,6,8
716654,8,58
716654,9,10
716654,10,1
716654,11,182
716654,12,115
716654,13,100
716654,14,26
716654,16,22
716654,17,1
716656,1,4
716656,2,4
716656,3,68
716656,4,4
716656,5,6
716656,6,4
716656,8,12
716656,9,3
716656,10,0
716656,11,16
716656,12,153
716656,13,14
716656,14,12
716656,16,6
716656,17,0
716658,1,7
716658,2,11
716658,3,108
716658,4,5
716658,5,11
716658,6,14
716658,8,31
716658,9,14
716658,10,4
716658,11,113
716658,12,92
716658,13,121
716658,14,40
716658,16,29
716658,17,1
716660,1,2
716660,2,7
716660,3,27
716660,4,1
716660,5,1
716660,6,9
716660,8,9
716660,9,0
716660,10,0
716660,11,28
716660,12,20
716660,13,20
716660,14,5
716660,16,2
716660,17,0
716662,1,2
716662,2,4
716662,3,22
716662,4,1
716662,5,3
716662,6,6
716662,8,8
716662,9,2
716662,10,1
716662,11,31
716662,12,13
716662,13,18
716662,14,3
716662,16,2
716662,17,1
716664,1,4
716664,2,11
716664,3,113
716664,4,11
716664,5,9
716664,6,9
716664,8,39
716664,9,5
716664,10,3
716664,11,148
716664,12,89
716664,13,91
716664,14,17
716664,16,9
716664,17,0
716666,1,7
716666,2,17
716666,3,191
716666,4,8
716666,5,14
716666,6,23
716666,8,47
716666,9,14
716666,10,3
716666,11,193
716666,12,151
716666,13,91
716666,14,22
716666,16,27
716666,17,0
716668,1,0
716668,2,4
716668,3,13
716668,4,0
716668,5,6
716668,6,2
716668,8,4
716668,9,3
716668,10,1
716668,11,16
716668,12,11
716668,13,23
716668,14,3
716668,16,1
716668,17,0
716670,1,39
716670,2,37
716670,3,347
716670,4,28
716670,5,23
716670,6,27
716670,8,138
716670,9,18
716670,10,4
716670,11,179
716670,12,209
716670,13,198
716670,14,75
716670,16,37
716670,17,5
716672,1,25
716672,2,20
716672,3,231
716672,4,16
716672,5,29
716672,6,19
716672,8,83
716672,9,14
716672,10,0
716672,11,166
716672,12,151
716672,13,180
716672,14,60
716672,16,45
716672,17,0
716674,1,40
716674,2,53
716674,3,439
716674,4,24
716674,5,26
716674,6,69
716674,8,195
716674,9,17
716674,10,2
716674,11,232
716674,12,237
716674,13,268
716674,14,105
716674,16,54
716674,17,0
716676,1,27
716676,2,30
716676,3,340
716676,4,20
716676,5,30
716676,6,47
716676,8,144
716676,9,15
716676,10,1
716676,11,186
716676,12,221
716676,13,204
716676,14,67
716676,16,43
716676,17,1
716678,1,49
716678,2,22
716678,3,394
716678,4,26
716678,5,26
716678,6,32
716678,8,143
716678,9,15
716678,10,1
716678,11,193
716678,12,195
716678,13,258
716678,14,63
716678,16,46
716678,17,1
716680,1,22
716680,2,16
716680,3,215
716680,4,10
716680,5,15
716680,6,32
716680,8,88
716680,9,11
716680,10,0
716680,11,128
716680,12,142
716680,13,110
716680,14,41
716680,16,22
716680,17,0
716682,1,14
716682,2,11
716682,3,211
716682,4,12
716682,5,8
716682,6,25
716682,8,92
716682,9,11
716682,10,2
716682,11,134
716682,12,130
716682,13,118
716682,14,31
716682,16,27
716682,17,0
716684,1,24
716684,2,18
716684,3,257
716684,4,8
716684,5,22
716684,6,32
716684,8,112
716684,9,19
716684,10,0
716684,11,144
716684,12,168
716684,13,190
716684,14,57
716684,16,24
716684,17,1
716686,1,11
716686,2,13
716686,3,167
716686,4,8
716686,5,16
716686,6,8
716686,8,62
716686,9,9
716686,10,4
716686,11,69
716686,12,87
716686,13,59
716686,14,15
716686,16,16
716686,17,1
716688,1,19
716688,2,36
716688,3,202
716688,4,11
716688,5,7
716688,6,34
716688,8,96
716688,9,10
716688,10,1
716688,11,113
716688,12,109
716688,13,185
716688,14,52
716688,16,21
716688,17,3
716690,1,9
716690,2,15
716690,3,179
716690,4,10
716690,5,8
716690,6,29
716690,8,49
716690,9,12
716690,10,1
716690,11,72
716690,12,96
716690,13,86
716690,14,40
716690,16,13
716690,17,0
716692,1,13
716692,2,66
716692,3,267
716692,4,32
716692,5,8
716692,6,8
716692,8,102
716692,9,13
716692,10,5
716692,11,155
716692,12,113
716692,13,477
716692,14,227
716692,16,123
716692,17,0
716694,1,10
716694,2,50
716694,3,226
716694,4,28
716694,5,20
716694,6,14
716694,8,54
716694,9,23
716694,10,0
716694,11,51
716694,12,90
716694,13,241
716694,14,100
716694,16,50
716694,17,0
716696,1,5
716696,2,7
716696,3,109
716696,4,11
716696,5,8
716696,6,9
716696,8,36
716696,9,9
716696,10,3
716696,11,41
716696,12,47
716696,13,109
716696,14,22
716696,16,12
716696,17,0
716698,1,18
716698,2,46
716698,3,247
716698,4,48
716698,5,12
716698,6,24
716698,8,65
716698,9,18
716698,10,1
716698,11,117
716698,12,126
716698,13,310
716698,14,122
716698,16,51
716698,17,0
716700,1,9
716700,2,25
716700,3,157
716700,4,15
716700,5,8
716700,6,14
716700,8,61
716700,9,16
716700,10,4
716700,11,79
716700,12,134
716700,13,155
716700,14,54
716700,16,35
716700,17,0
716702,1,8
716702,2,26
716702,3,195
716702,4,12
716702,5,12
716702,6,15
716702,8,40
716702,9,11
716702,10,0
716702,11,55
716702,12,111
716702,13,99
716702,14,36
716702,16,29
716702,17,0
716704,1,17
716704,2,59
716704,3,231
716704,4,36
716704,5,25
716704,6,11
716704,8,79
716704,9,25
716704,10,1
716704,11,117
716704,12,229
716704,13,242
716704,14,109
716704,16,51
716704,17,1
716706,1,17
716706,2,53
716706,3,284
716706,4,22
716706,5,33
716706,6,16
716706,8,143
716706,9,21
716706,10,1
716706,11,177
716706,12,200
716706,13,280
716706,14,119
716706,16,49
716706,17,0
716708,1,4
716708,2,3
716708,3,40
716708,4,1
716708,5,6
716708,6,2
716708,8,6
716708,9,8
716708,10,5
716708,11,15
716708,12,109
716708,13,21
716708,14,5
716708,16,3
716708,17,0
716710,1,2
716710,2,1
716710,3,46
716710,4,1
716710,5,6
716710,6,4
716710,8,11
716710,9,6
716710,10,0
716710,11,46
716710,12,53
716710,13,14
716710,14,5
716710,16,3
716710,17,1
716712,1,1
716712,2,7
716712,3,80
716712,4,3
716712,5,1
716712,6,1
716712,8,16
716712,9,0
716712,10,4
716712,11,29
716712,12,39
716712,13,25
716712,14,6
716712,16,1
716712,17,0
716714,1,0
716714,2,2
716714,3,30
716714,4,1
716714,5,3
716714,6,0
716714,8,17
716714,9,6
716714,10,0
716714,11,7
716714,12,10
716714,13,8
716714,14,7
716714,16,3
716714,17,0
716716,1,3
716716,2,1
716716,3,54
716716,4,5
716716,5,1
716716,6,4
716716,8,16
716716,9,4
716716,10,0
716716,11,24
716716,12,32
716716,13,32
716716,14,10
716716,16,7
716716,17,0
716718,1,6
716718,2,10
716718,3,94
716718,4,2
716718,5,7
716718,6,6
716718,8,29
716718,9,7
716718,10,1
716718,11,47
716718,12,58
716718,13,45
716718,14,23
716718,16,9
716718,17,0
716720,1,1
716720,2,1
716720,3,21
716720,4,1
716720,5,2
716720,6,3
716720,8,11
716720,9,2
716720,10,2
716720,11,12
716720,12,19
716720,13,9
716720,14,56
716720,16,5
716720,17,2
716722,1,4
716722,2,2
716722,3,63
716722,4,3
716722,5,7
716722,6,1
716722,8,15
716722,9,2
716722,10,0
716722,11,12
716722,12,23
716722,13,37
716722,14,3
716722,16,5
716722,17,0
716724,1,0
716724,2,3
716724,3,45
716724,4,3
716724,5,1
716724,6,0
716724,8,18
716724,9,7
716724,10,2
716724,11,2
716724,12,27
716724,13,13
716724,14,4
716724,16,4
716724,17,0
716726,1,3
716726,2,1
716726,3,32
716726,4,0
716726,5,3
716726,6,11
716726,8,7
716726,9,2
716726,10,0
716726,11,22
716726,12,43
716726,13,9
716726,14,22
716726,16,1
716726,17,0
716728,1,6
716728,2,12
716728,3,64
716728,4,1
716728,5,4
716728,6,6
716728,8,7
716728,9,7
716728,10,1
716728,11,18
716728,12,31
716728,13,29
716728,14,10
716728,16,4
716728,17,0
716730,1,8
716730,2,55
716730,3,422
716730,4,44
716730,5,24
716730,6,52
716730,8,72
716730,9,37
716730,10,4
716730,11,117
716730,12,194
716730,13,299
716730,14,80
716730,16,60
716730,17,1
716732,1,2
716732,2,1
716732,3,85
716732,4,3
716732,5,5
716732,6,3
716732,8,36
716732,9,1
716732,10,2
716732,11,14
716732,12,30
716732,13,21
716732,14,6
716732,16,3
716732,17,0
716734,1,1
716734,2,59
716734,3,108
716734,4,29
716734,5,11
716734,6,10
716734,8,52
716734,9,7
716734,10,20
716734,11,89
716734,12,57
716734,13,568
716734,14,233
716734,16,244
716734,17,23
716736,1,5
716736,2,56
716736,3,104
716736,4,32
716736,5,30
716736,6,12
716736,8,52
716736,9,18
716736,10,14
716736,11,94
716736,12,109
716736,13,549
716736,14,197
716736,16,142
716736,17,54
716738,1,1
716738,2,2
716738,3,30
716738,4,2
716738,5,1
716738,6,0
716738,8,4
716738,9,0
716738,10,1
716738,11,2
716738,12,5
716738,13,5
716738,14,5
716738,16,2
716738,17,0
716740,1,7
716740,2,25
716740,3,233
716740,4,18
716740,5,20
716740,6,10
716740,8,135
716740,9,19
716740,10,2
716740,11,130
716740,12,236
716740,13,139
716740,14,73
716740,16,19
716740,17,0
716742,1,7
716742,2,25
716742,3,221
716742,4,13
716742,5,24
716742,6,12
716742,8,115
716742,9,21
716742,10,4
716742,11,126
716742,12,254
716742,13,120
716742,14,86
716742,16,25
716742,17,1
716744,1,13
716744,2,19
716744,3,221
716744,4,12
716744,5,19
716744,6,13
716744,8,118
716744,9,23
716744,10,0
716744,11,118
716744,12,192
716744,13,146
716744,14,74
716744,16,32
716744,17,0
716746,1,14
716746,2,26
716746,3,408
716746,4,30
716746,5,31
716746,6,26
716746,8,207
716746,9,37
716746,10,2
716746,11,212
716746,12,359
716746,13,240
716746,14,163
716746,16,46
716746,17,11
716748,1,10
716748,2,0
716748,3,87
716748,4,6
716748,5,100
716748,6,18
716748,8,70
716748,9,25
716748,10,8
716748,11,36
716748,12,29
716748,13,32
716748,14,61
716748,16,11
716748,17,79
716750,1,7
716750,2,3
716750,3,70
716750,4,3
716750,5,107
716750,6,29
716750,8,76
716750,9,34
716750,10,7
716750,11,28
716750,12,24
716750,13,18
716750,14,79
716750,16,16
716750,17,86
716752,1,5
716752,2,4
716752,3,48
716752,4,6
716752,5,93
716752,6,28
716752,8,53
716752,9,27
716752,10,7
716752,11,23
716752,12,26
716752,13,13
716752,14,62
716752,16,10
716752,17,73
716754,1,6
716754,2,5
716754,3,84
716754,4,5
716754,5,119
716754,6,49
716754,8,57
716754,9,27
716754,10,8
716754,11,43
716754,12,31
716754,13,28
716754,14,73
716754,16,8
716754,17,112
716756,1,7
716756,2,2
716756,3,80
716756,4,10
716756,5,75
716756,6,30
716756,8,64
716756,9,19
716756,10,7
716756,11,28
716756,12,17
716756,13,21
716756,14,82
716756,16,9
716756,17,70
716758,1,2
716758,2,0
716758,3,46
716758,4,2
716758,5,1
716758,6,2
716758,8,13
716758,9,3
716758,10,0
716758,11,1
716758,12,14
716758,13,9
716758,14,3
716758,16,7
716758,17,0
716760,1,2
716760,2,11
716760,3,167
716760,4,15
716760,5,8
716760,6,9
716760,8,137
716760,9,9
716760,10,0
716760,11,45
716760,12,84
716760,13,53
716760,14,30
716760,16,15
716760,17,1
716762,1,0
716762,2,2
716762,3,57
716762,4,5
716762,5,4
716762,6,0
716762,8,53
716762,9,3
716762,10,3
716762,11,4
716762,12,14
716762,13,10
716762,14,3
716762,16,3
716762,17,1
716764,1,7
716764,2,3
716764,3,163
716764,4,10
716764,5,24
716764,6,12
716764,8,95
716764,9,15
716764,10,2
716764,11,56
716764,12,127
716764,13,36
716764,14,17
716764,16,16
716764,17,0
716766,1,5
716766,2,9
716766,3,118
716766,4,2
716766,5,3
716766,6,10
716766,8,11
716766,9,4
716766,10,1
716766,11,55
716766,12,46
716766,13,68
716766,14,21
716766,16,7
716766,17,1
716768,1,5
716768,2,2
716768,3,53
716768,4,4
716768,5,6
716768,6,2
716768,8,11
716768,9,7
716768,10,0
716768,11,54
716768,12,32
716768,13,25
716768,14,10
716768,16,5
716768,17,0
716770,1,3
716770,2,7
716770,3,50
716770,4,6
716770,5,3
716770,6,10
716770,8,17
716770,9,6
716770,10,0
716770,11,122
716770,12,47
716770,13,41
716770,14,9
716770,16,5
716770,17,2
716772,1,1
716772,2,7
716772,3,45
716772,4,1
716772,5,1
716772,6,6
716772,8,14
716772,9,5
716772,10,0
716772,11,90
716772,12,30
716772,13,20
716772,14,8
716772,16,5
716772,17,0
716774,1,3
716774,2,5
716774,3,55
716774,4,5
716774,5,6
716774,6,8
716774,8,13
716774,9,6
716774,10,0
716774,11,59
716774,12,34
716774,13,27
716774,14,4
716774,16,14
716774,17,1
716776,1,3
716776,2,5
716776,3,74
716776,4,1
716776,5,3
716776,6,16
716776,8,31
716776,9,1
716776,10,1
716776,11,48
716776,12,31
716776,13,66
716776,14,9
716776,16,1
716776,17,0
716778,1,10
716778,2,11
716778,3,124
716778,4,8
716778,5,8
716778,6,4
716778,8,43
716778,9,16
716778,10,1
716778,11,80
716778,12,94
716778,13,67
716778,14,26
716778,16,20
716778,17,0
716780,1,4
716780,2,1
716780,3,25
716780,4,2
716780,5,0
716780,6,8
716780,8,6
716780,9,1
716780,10,0
716780,11,14
716780,12,25
716780,13,15
716780,14,1
716780,16,1
716780,17,0
716782,1,15
716782,2,15
716782,3,94
716782,4,8
716782,5,12
716782,6,9
716782,8,31
716782,9,15
716782,10,0
716782,11,79
716782,12,93
716782,13,50
716782,14,17
716782,16,6
716782,17,0
716784,1,9
716784,2,5
716784,3,120
716784,4,6
716784,5,7
716784,6,4
716784,8,20
716784,9,6
716784,10,5
716784,11,111
716784,12,99
716784,13,100
716784,14,37
716784,16,17
716784,17,1
716786,1,3
716786,2,8
716786,3,51
716786,4,1
716786,5,4
716786,6,2
716786,8,23
716786,9,3
716786,10,1
716786,11,201
716786,12,41
716786,13,51
716786,14,19
716786,16,10
716786,17,0
716788,1,2
716788,2,2
716788,3,24
716788,4,1
716788,5,2
716788,6,2
716788,8,9
716788,9,2
716788,10,0
716788,11,54
716788,12,23
716788,13,19
716788,14,4
716788,16,8
716788,17,0
716790,1,1
716790,2,4
716790,3,40
716790,4,4
716790,5,3
716790,6,4
716790,8,11
716790,9,2
716790,10,1
716790,11,33
716790,12,13
716790,13,22
716790,14,8
716790,16,4
716790,17,0
716792,1,13
716792,2,47
716792,3,276
716792,4,15
716792,5,24
716792,6,34
716792,8,175
716792,9,16
716792,10,4
716792,11,170
716792,12,195
716792,13,229
716792,14,139
716792,16,33
716792,17,2
716794,1,9
716794,2,15
716794,3,161
716794,4,8
716794,5,20
716794,6,16
716794,8,80
716794,9,9
716794,10,5
716794,11,87
716794,12,86
716794,13,115
716794,14,73
716794,16,11
716794,17,3
716796,1,7
716796,2,33
716796,3,187
716796,4,5
716796,5,16
716796,6,15
716796,8,118
716796,9,17
716796,10,3
716796,11,90
716796,12,83
716796,13,140
716796,14,66
716796,16,22
716796,17,0
716798,1,20
716798,2,28
716798,3,285
716798,4,22
716798,5,8
716798,6,21
716798,8,148
716798,9,16
716798,10,3
716798,11,152
716798,12,158
716798,13,188
716798,14,101
716798,16,29
716798,17,1
716800,1,0
716800,2,3
716800,3,60
716800,4,5
716800,5,1
716800,6,6
716800,8,43
716800,9,3
716800,10,1
716800,11,23
716800,12,19
716800,13,19
716800,14,11
716800,16,4
716800,17,1
716802,1,1
716802,2,4
716802,3,40
716802,4,3
716802,5,4
716802,6,3
716802,8,13
716802,9,2
716802,10,1
716802,11,9
716802,12,11
716802,13,12
716802,14,5
716802,16,1
716802,17,1
716804,1,6
716804,2,0
716804,3,38
716804,4,5
716804,5,8
716804,6,7
716804,8,19
716804,9,3
716804,10,0
716804,11,19
716804,12,14
716804,13,25
716804,14,6
716804,16,3
716804,17,0
716806,1,2
716806,2,2
716806,3,20
716806,4,1
716806,5,11
716806,6,3
716806,8,8
716806,9,3
716806,10,0
716806,11,38
716806,12,16
716806,13,10
716806,14,13
716806,16,1
716806,17,0
716808,1,2
716808,2,4
716808,3,51
716808,4,3
716808,5,4
716808,6,1
716808,8,19
716808,9,4
716808,10,3
716808,11,17
716808,12,26
716808,13,9
716808,14,10
716808,16,4
716808,17,0
716810,1,4
716810,2,12
716810,3,33
716810,4,8
716810,5,11
716810,6,7
716810,8,30
716810,9,3
716810,10,0
716810,11,25
716810,12,51
716810,13,94
716810,14,32
716810,16,19
716810,17,5
716812,1,4
716812,2,8
716812,3,34
716812,4,1
716812,5,1
716812,6,3
716812,8,17
716812,9,0
716812,10,0
716812,11,33
716812,12,14
716812,13,27
716812,14,5
716812,16,8
716812,17,0
716814,1,2
716814,2,1
716814,3,34
716814,4,1
716814,5,2
716814,6,4
716814,8,9
716814,9,4
716814,10,0
716814,11,22
716814,12,13
716814,13,16
716814,14,4
716814,16,6
716814,17,0
716816,1,2
716816,2,1
716816,3,35
716816,4,1
716816,5,1
716816,6,0
716816,8,13
716816,9,7
716816,10,0
716816,11,22
716816,12,27
716816,13,6
716816,14,3
716816,16,0
716816,17,0
716818,1,13
716818,2,13
716818,3,130
716818,4,15
716818,5,15
716818,6,12
716818,8,101
716818,9,15
716818,10,2
716818,11,71
716818,12,81
716818,13,65
716818,14,25
716818,16,5
716818,17,0
716820,1,1
716820,2,2
716820,3,34
716820,4,4
716820,5,1
716820,6,0
716820,8,20
716820,9,3
716820,10,0
716820,11,9
716820,12,17
716820,13,21
716820,14,8
716820,16,0
716820,17,0
716822,1,7
716822,2,7
716822,3,84
716822,4,9
716822,5,7
716822,6,8
716822,8,94
716822,9,12
716822,10,2
716822,11,50
716822,12,52
716822,13,35
716822,14,15
716822,16,9
716822,17,2
716824,1,43
716824,2,84
716824,3,369
716824,4,50
716824,5,36
716824,6,45
716824,8,198
716824,9,40
716824,10,5
716824,11,239
716824,12,312
716824,13,559
716824,14,259
716824,16,133
716824,17,4
716826,1,1
716826,2,1
716826,3,10
716826,4,2
716826,5,1
716826,6,1
716826,8,8
716826,9,5
716826,10,0
716826,11,5
716826,12,6
716826,13,5
716826,14,1
716826,16,2
716826,17,0
716828,1,2
716828,2,2
716828,3,31
716828,4,6
716828,5,6
716828,6,2
716828,8,15
716828,9,1
716828,10,0
716828,11,23
716828,12,24
716828,13,16
716828,14,4
716828,16,5
716828,17,0
716830,1,3
716830,2,1
716830,3,44
716830,4,0
716830,5,5
716830,6,2
716830,8,16
716830,9,16
716830,10,0
716830,11,23
716830,12,29
716830,13,10
716830,14,9
716830,16,7
716830,17,0
716832,1,5
716832,2,4
716832,3,116
716832,4,10
716832,5,9
716832,6,7
716832,8,25
716832,9,15
716832,10,2
716832,11,29
716832,12,70
716832,13,40
716832,14,12
716832,16,8
716832,17,1
716834,1,1
716834,2,2
716834,3,52
716834,4,3
716834,5,11
716834,6,4
716834,8,15
716834,9,7
716834,10,0
716834,11,17
716834,12,19
716834,13,6
716834,14,9
716834,16,2
716834,17,0
716836,1,3
716836,2,2
716836,3,45
716836,4,2
716836,5,4
716836,6,0
716836,8,10
716836,9,6
716836,10,1
716836,11,23
716836,12,37
716836,13,14
716836,14,7
716836,16,4
716836,17,2
716838,1,2
716838,2,3
716838,3,32
716838,4,2
716838,5,0
716838,6,0
716838,8,18
716838,9,1
716838,10,0
716838,11,13
716838,12,19
716838,13,24
716838,14,7
716838,16,3
716838,17,0
716840,1,2
716840,2,4
716840,3,52
716840,4,8
716840,5,7
716840,6,0
716840,8,8
716840,9,6
716840,10,0
716840,11,14
716840,12,28
716840,13,20
716840,14,12
716840,16,3
716840,17,1
716842,1,8
716842,2,10
716842,3,189
716842,4,5
716842,5,6
716842,6,3
716842,8,17
716842,9,12
716842,10,4
716842,11,50
716842,12,85
716842,13,45
716842,14,53
716842,16,16
716842,17,3
716844,1,15
716844,2,17
716844,3,255
716844,4,9
716844,5,12
716844,6,13
716844,8,40
716844,9,12
716844,10,6
716844,11,72
716844,12,73
716844,13,125
716844,14,40
716844,16,22
716844,17,1
716846,1,11
716846,2,8
716846,3,85
716846,4,6
716846,5,23
716846,6,13
716846,8,31
716846,9,14
716846,10,2
716846,11,34
716846,12,36
716846,13,40
716846,14,18
716846,16,12
716846,17,3
716848,1,2
716848,2,5
716848,3,58
716848,4,4
716848,5,22
716848,6,12
716848,8,23
716848,9,11
716848,10,3
716848,11,15
716848,12,24
716848,13,16
716848,14,16
716848,16,7
716848,17,2
716850,1,0
716850,2,0
716850,3,69
716850,4,3
716850,5,8
716850,6,3
716850,8,16
716850,9,6
716850,10,3
716850,11,20
716850,12,45
716850,13,24
716850,14,40
716850,16,6
716850,17,0
716852,1,7
716852,2,9
716852,3,132
716852,4,15
716852,5,20
716852,6,7
716852,8,95
716852,9,16
716852,10,2
716852,11,51
716852,12,51
716852,13,41
716852,14,41
716852,16,14
716852,17,8
716854,1,16
716854,2,45
716854,3,391
716854,4,38
716854,5,35
716854,6,20
716854,8,251
716854,9,29
716854,10,6
716854,11,177
716854,12,164
716854,13,207
716854,14,110
716854,16,45
716854,17,8
716856,1,7
716856,2,30
716856,3,133
716856,4,23
716856,5,26
716856,6,4
716856,8,86
716856,9,11
716856,10,4
716856,11,58
716856,12,86
716856,13,97
716856,14,59
716856,16,21
716856,17,1
716858,1,6
716858,2,4
716858,3,89
716858,4,13
716858,5,2
716858,6,6
716858,8,50
716858,9,4
716858,10,3
716858,11,25
716858,12,35
716858,13,38
716858,14,15
716858,16,8
716858,17,1
716860,1,0
716860,2,18
716860,3,61
716860,4,4
716860,5,4
716860,6,3
716860,8,61
716860,9,12
716860,10,0
716860,11,30
716860,12,35
716860,13,28
716860,14,17
716860,16,3
716860,17,3
716862,1,17
716862,2,32
716862,3,299
716862,4,10
716862,5,31
716862,6,22
716862,8,43
716862,9,35
716862,10,10
716862,11,66
716862,12,119
716862,13,133
716862,14,41
716862,16,40
716862,17,1
716864,1,16
716864,2,20
716864,3,395
716864,4,11
716864,5,38
716864,6,24
716864,8,61
716864,9,38
716864,10,5
716864,11,61
716864,12,157
716864,13,151
716864,14,65
716864,16,35
716864,17,3
716866,1,9
716866,2,8
716866,3,310
716866,4,3
716866,5,19
716866,6,19
716866,8,38
716866,9,24
716866,10,7
716866,11,52
716866,12,116
716866,13,79
716866,14,30
716866,16,21
716866,17,7
716868,1,12
716868,2,59
716868,3,128
716868,4,30
716868,5,32
716868,6,9
716868,8,49
716868,9,20
716868,10,13
716868,11,87
716868,12,103
716868,13,460
716868,14,150
716868,16,132
716868,17,93
716870,1,12
716870,2,91
716870,3,148
716870,4,36
716870,5,25
716870,6,11
716870,8,65
716870,9,20
716870,10,23
716870,11,118
716870,12,91
716870,13,637
716870,14,187
716870,16,204
716870,17,38
716872,1,8
716872,2,97
716872,3,144
716872,4,31
716872,5,40
716872,6,11
716872,8,83
716872,9,26
716872,10,18
716872,11,102
716872,12,118
716872,13,507
716872,14,174
716872,16,147
716872,17,68
716874,1,10
716874,2,13
716874,3,216
716874,4,10
716874,5,12
716874,6,7
716874,8,27
716874,9,14
716874,10,4
716874,11,52
716874,12,80
716874,13,71
716874,14,27
716874,16,17
716874,17,3
716876,1,11
716876,2,19
716876,3,244
716876,4,5
716876,5,22
716876,6,12
716876,8,46
716876,9,22
716876,10,2
716876,11,37
716876,12,126
716876,13,105
716876,14,36
716876,16,15
716876,17,0
716878,1,1
716878,2,22
716878,3,303
716878,4,13
716878,5,19
716878,6,12
716878,8,64
716878,9,24
716878,10,4
716878,11,70
716878,12,144
716878,13,146
716878,14,68
716878,16,30
716878,17,1
716880,1,11
716880,2,57
716880,3,178
716880,4,32
716880,5,46
716880,6,19
716880,8,69
716880,9,31
716880,10,20
716880,11,109
716880,12,143
716880,13,335
716880,14,125
716880,16,80
716880,17,95
716882,1,17
716882,2,103
716882,3,249
716882,4,38
716882,5,55
716882,6,14
716882,8,71
716882,9,44
716882,10,15
716882,11,164
716882,12,115
716882,13,538
716882,14,187
716882,16,142
716882,17,64
716884,1,17
716884,2,65
716884,3,243
716884,4,21
716884,5,56
716884,6,23
716884,8,70
716884,9,25
716884,10,12
716884,11,132
716884,12,155
716884,13,293
716884,14,146
716884,16,95
716884,17,140
716886,1,18
716886,2,144
716886,3,286
716886,4,63
716886,5,57
716886,6,20
716886,8,87
716886,9,34
716886,10,41
716886,11,228
716886,12,177
716886,13,884
716886,14,293
716886,16,193
716886,17,99
716888,1,15
716888,2,50
716888,3,179
716888,4,22
716888,5,52
716888,6,8
716888,8,42
716888,9,32
716888,10,15
716888,11,121
716888,12,124
716888,13,310
716888,14,122
716888,16,89
716888,17,75
716890,1,10
716890,2,82
716890,3,250
716890,4,29
716890,5,67
716890,6,34
716890,8,50
716890,9,28
716890,10,22
716890,11,166
716890,12,157
716890,13,494
716890,14,167
716890,16,166
716890,17,128
716892,1,14
716892,2,59
716892,3,200
716892,4,25
716892,5,77
716892,6,7
716892,8,81
716892,9,37
716892,10,26
716892,11,148
716892,12,170
716892,13,294
716892,14,108
716892,16,118
716892,17,112
716894,1,11
716894,2,42
716894,3,187
716894,4,19
716894,5,56
716894,6,16
716894,8,57
716894,9,36
716894,10,20
716894,11,89
716894,12,127
716894,13,274
716894,14,72
716894,16,59
716894,17,126
716896,1,15
716896,2,61
716896,3,214
716896,4,17
716896,5,54
716896,6,17
716896,8,66
716896,9,26
716896,10,31
716896,11,147
716896,12,163
716896,13,430
716896,14,151
716896,16,128
716896,17,146
716898,1,12
716898,2,54
716898,3,196
716898,4,20
716898,5,66
716898,6,20
716898,8,54
716898,9,37
716898,10,23
716898,11,117
716898,12,155
716898,13,353
716898,14,96
716898,16,79
716898,17,126
716900,1,13
716900,2,94
716900,3,270
716900,4,20
716900,5,70
716900,6,14
716900,8,70
716900,9,52
716900,10,17
716900,11,167
716900,12,169
716900,13,422
716900,14,125
716900,16,82
716900,17,206
716902,1,20
716902,2,64
716902,3,230
716902,4,21
716902,5,62
716902,6,27
716902,8,66
716902,9,60
716902,10,23
716902,11,154
716902,12,154
716902,13,347
716902,14,138
716902,16,95
716902,17,169
716904,1,17
716904,2,107
716904,3,327
716904,4,34
716904,5,81
716904,6,28
716904,8,83
716904,9,70
716904,10,28
716904,11,208
716904,12,213
716904,13,394
716904,14,149
716904,16,112
716904,17,198
716906,1,26
716906,2,72
716906,3,268
716906,4,20
716906,5,76
716906,6,30
716906,8,67
716906,9,38
716906,10,28
716906,11,176
716906,12,200
716906,13,329
716906,14,145
716906,16,93
716906,17,215
716908,1,9
716908,2,37
716908,3,251
716908,4,23
716908,5,58
716908,6,13
716908,8,67
716908,9,36
716908,10,16
716908,11,139
716908,12,136
716908,13,297
716908,14,91
716908,16,64
716908,17,173
716910,1,17
716910,2,59
716910,3,268
716910,4,25
716910,5,69
716910,6,30
716910,8,77
716910,9,52
716910,10,19
716910,11,159
716910,12,168
716910,13,388
716910,14,117
716910,16,117
716910,17,168
716912,1,18
716912,2,71
716912,3,254
716912,4,21
716912,5,89
716912,6,20
716912,8,78
716912,9,35
716912,10,27
716912,11,126
716912,12,177
716912,13,286
716912,14,116
716912,16,88
716912,17,167
716914,1,9
716914,2,115
716914,3,223
716914,4,35
716914,5,51
716914,6,15
716914,8,71
716914,9,28
716914,10,20
716914,11,166
716914,12,136
716914,13,556
716914,14,236
716914,16,166
716914,17,127
716916,1,8
716916,2,160
716916,3,264
716916,4,45
716916,5,56
716916,6,20
716916,8,129
716916,9,39
716916,10,23
716916,11,217
716916,12,183
716916,13,707
716916,14,296
716916,16,190
716916,17,102
716918,1,18
716918,2,122
716918,3,325
716918,4,44
716918,5,61
716918,6,25
716918,8,81
716918,9,50
716918,10,33
716918,11,205
716918,12,191
716918,13,653
716918,14,231
716918,16,155
716918,17,135
716920,1,17
716920,2,83
716920,3,168
716920,4,24
716920,5,45
716920,6,10
716920,8,35
716920,9,48
716920,10,20
716920,11,149
716920,12,105
716920,13,331
716920,14,113
716920,16,84
716920,17,129
716922,1,16
716922,2,74
716922,3,174
716922,4,29
716922,5,49
716922,6,12
716922,8,94
716922,9,34
716922,10,14
716922,11,104
716922,12,111
716922,13,374
716922,14,100
716922,16,76
716922,17,91
716924,1,10
716924,2,63
716924,3,160
716924,4,14
716924,5,65
716924,6,9
716924,8,60
716924,9,36
716924,10,16
716924,11,107
716924,12,103
716924,13,268
716924,14,109
716924,16,105
716924,17,134
716926,1,11
716926,2,53
716926,3,150
716926,4,22
716926,5,58
716926,6,13
716926,8,51
716926,9,33
716926,10,20
716926,11,88
716926,12,82
716926,13,227
716926,14,80
716926,16,67
716926,17,107
716928,1,11
716928,2,51
716928,3,130
716928,4,24
716928,5,40
716928,6,14
716928,8,36
716928,9,29
716928,10,8
716928,11,76
716928,12,88
716928,13,182
716928,14,62
716928,16,62
716928,17,72
716930,1,10
716930,2,11
716930,3,265
716930,4,8
716930,5,16
716930,6,12
716930,8,52
716930,9,9
716930,10,1
716930,11,71
716930,12,120
716930,13,147
716930,14,45
716930,16,20
716930,17,1
716932,1,15
716932,2,36
716932,3,341
716932,4,22
716932,5,24
716932,6,12
716932,8,79
716932,9,17
716932,10,3
716932,11,174
716932,12,159
716932,13,187
716932,14,83
716932,16,51
716932,17,0
716934,1,21
716934,2,38
716934,3,473
716934,4,31
716934,5,28
716934,6,21
716934,8,133
716934,9,29
716934,10,4
716934,11,192
716934,12,237
716934,13,227
716934,14,75
716934,16,43
716934,17,6
716936,1,6
716936,2,11
716936,3,130
716936,4,7
716936,5,12
716936,6,8
716936,8,45
716936,9,15
716936,10,2
716936,11,65
716936,12,65
716936,13,94
716936,14,44
716936,16,19
716936,17,1
716938,1,3
716938,2,6
716938,3,50
716938,4,0
716938,5,2
716938,6,4
716938,8,10
716938,9,3
716938,10,1
716938,11,14
716938,12,19
716938,13,9
716938,14,2
716938,16,1
716938,17,0
716940,1,23
716940,2,94
716940,3,381
716940,4,51
716940,5,33
716940,6,42
716940,8,200
716940,9,43
716940,10,11
716940,11,307
716940,12,365
716940,13,620
716940,14,277
716940,16,130
716940,17,3
716942,1,20
716942,2,52
716942,3,333
716942,4,32
716942,5,27
716942,6,27
716942,8,164
716942,9,44
716942,10,3
716942,11,179
716942,12,271
716942,13,335
716942,14,105
716942,16,74
716942,17,1
716944,1,30
716944,2,68
716944,3,263
716944,4,39
716944,5,36
716944,6,21
716944,8,103
716944,9,21
716944,10,9
716944,11,162
716944,12,233
716944,13,319
716944,14,163
716944,16,51
716944,17,0
716946,1,37
716946,2,68
716946,3,420
716946,4,52
716946,5,41
716946,6,36
716946,8,165
716946,9,28
716946,10,9
716946,11,230
716946,12,366
716946,13,408
716946,14,145
716946,16,83
716946,17,4
716948,1,33
716948,2,73
716948,3,365
716948,4,43
716948,5,37
716948,6,32
716948,8,139
716948,9,38
716948,10,12
716948,11,184
716948,12,262
716948,13,455
716948,14,136
716948,16,87
716948,17,3
716950,1,27
716950,2,40
716950,3,222
716950,4,29
716950,5,27
716950,6,12
716950,8,88
716950,9,22
716950,10,4
716950,11,140
716950,12,189
716950,13,280
716950,14,119
716950,16,61
716950,17,3
716952,1,12
716952,2,91
716952,3,171
716952,4,26
716952,5,36
716952,6,22
716952,8,52
716952,9,27
716952,10,16
716952,11,122
716952,12,126
716952,13,472
716952,14,141
716952,16,157
716952,17,36
716954,1,20
716954,2,92
716954,3,281
716954,4,31
716954,5,45
716954,6,34
716954,8,89
716954,9,36
716954,10,28
716954,11,251
716954,12,194
716954,13,629
716954,14,325
716954,16,253
716954,17,66
716956,1,5
716956,2,71
716956,3,209
716956,4,42
716956,5,35
716956,6,21
716956,8,76
716956,9,15
716956,10,27
716956,11,190
716956,12,133
716956,13,576
716956,14,278
716956,16,197
716956,17,76
716958,1,20
716958,2,51
716958,3,177
716958,4,17
716958,5,10
716958,6,24
716958,8,64
716958,9,28
716958,10,4
716958,11,111
716958,12,178
716958,13,217
716958,14,62
716958,16,43
716958,17,0
716960,1,31
716960,2,55
716960,3,233
716960,4,30
716960,5,33
716960,6,39
716960,8,86
716960,9,41
716960,10,4
716960,11,132
716960,12,228
716960,13,287
716960,14,89
716960,16,64
716960,17,3
716962,1,20
716962,2,59
716962,3,223
716962,4,24
716962,5,18
716962,6,23
716962,8,91
716962,9,26
716962,10,3
716962,11,108
716962,12,210
716962,13,202
716962,14,72
716962,16,57
716962,17,4
716964,1,12
716964,2,23
716964,3,118
716964,4,22
716964,5,12
716964,6,13
716964,8,38
716964,9,17
716964,10,2
716964,11,62
716964,12,105
716964,13,152
716964,14,77
716964,16,39
716964,17,3
716966,1,44
716966,2,114
716966,3,360
716966,4,75
716966,5,42
716966,6,37
716966,8,159
716966,9,55
716966,10,15
716966,11,268
716966,12,331
716966,13,524
716966,14,206
716966,16,126
716966,17,2
716968,1,19
716968,2,59
716968,3,148
716968,4,30
716968,5,21
716968,6,6
716968,8,68
716968,9,20
716968,10,2
716968,11,121
716968,12,114
716968,13,252
716968,14,122
716968,16,49
716968,17,1
716970,1,25
716970,2,34
716970,3,133
716970,4,18
716970,5,16
716970,6,7
716970,8,64
716970,9,13
716970,10,6
716970,11,91
716970,12,138
716970,13,175
716970,14,65
716970,16,26
716970,17,1
716972,1,43
716972,2,64
716972,3,353
716972,4,31
716972,5,32
716972,6,34
716972,8,133
716972,9,34
716972,10,5
716972,11,172
716972,12,264
716972,13,410
716972,14,139
716972,16,83
716972,17,4
716974,1,12
716974,2,70
716974,3,207
716974,4,36
716974,5,16
716974,6,14
716974,8,98
716974,9,19
716974,10,5
716974,11,145
716974,12,162
716974,13,369
716974,14,205
716974,16,74
716974,17,0
716976,1,3
716976,2,30
716976,3,83
716976,4,12
716976,5,17
716976,6,11
716976,8,47
716976,9,3
716976,10,5
716976,11,51
716976,12,80
716976,13,162
716976,14,45
716976,16,33
716976,17,2
716978,1,16
716978,2,47
716978,3,180
716978,4,31
716978,5,21
716978,6,13
716978,8,89
716978,9,21
716978,10,1
716978,11,142
716978,12,181
716978,13,320
716978,14,113
716978,16,44
716978,17,3
716980,1,17
716980,2,43
716980,3,107
716980,4,22
716980,5,15
716980,6,7
716980,8,91
716980,9,15
716980,10,6
716980,11,105
716980,12,106
716980,13,400
716980,14,138
716980,16,60
716980,17,3
716982,1,14
716982,2,75
716982,3,150
716982,4,48
716982,5,21
716982,6,4
716982,8,89
716982,9,25
716982,10,7
716982,11,115
716982,12,121
716982,13,371
716982,14,140
716982,16,100
716982,17,3
716984,1,19
716984,2,92
716984,3,161
716984,4,52
716984,5,43
716984,6,17
716984,8,89
716984,9,33
716984,10,5
716984,11,119
716984,12,149
716984,13,472
716984,14,129
716984,16,103
716984,17,3
716986,1,12
716986,2,87
716986,3,203
716986,4,49
716986,5,44
716986,6,20
716986,8,118
716986,9,30
716986,10,5
716986,11,152
716986,12,140
716986,13,561
716986,14,188
716986,16,120
716986,17,6
716988,1,21
716988,2,69
716988,3,193
716988,4,29
716988,5,28
716988,6,19
716988,8,88
716988,9,29
716988,10,7
716988,11,117
716988,12,158
716988,13,369
716988,14,125
716988,16,78
716988,17,1
716990,1,4
716990,2,0
716990,3,44
716990,4,0
716990,5,2
716990,6,15
716990,8,11
716990,9,0
716990,10,0
716990,11,21
716990,12,23
716990,13,17
716990,14,4
716990,16,4
716990,17,1
716992,1,4
716992,2,23
716992,3,39
716992,4,5
716992,5,7
716992,6,1
716992,8,27
716992,9,12
716992,10,0
716992,11,25
716992,12,52
716992,13,122
716992,14,50
716992,16,25
716992,17,0
716994,1,11
716994,2,76
716994,3,240
716994,4,37
716994,5,33
716994,6,28
716994,8,91
716994,9,18
716994,10,7
716994,11,150
716994,12,201
716994,13,459
716994,14,149
716994,16,68
716994,17,5
716996,1,18
716996,2,49
716996,3,167
716996,4,34
716996,5,32
716996,6,27
716996,8,73
716996,9,38
716996,10,5
716996,11,82
716996,12,156
716996,13,222
716996,14,101
716996,16,63
716996,17,0
716998,1,30
716998,2,44
716998,3,163
716998,4,23
716998,5,24
716998,6,21
716998,8,81
716998,9,26
716998,10,3
716998,11,91
716998,12,187
716998,13,184
716998,14,73
716998,16,47
716998,17,4
717000,1,25
717000,2,42
717000,3,201
717000,4,29
717000,5,20
717000,6,10
717000,8,92
717000,9,28
717000,10,5
717000,11,115
717000,12,156
717000,13,256
717000,14,84
717000,16,42
717000,17,0
717002,1,34
717002,2,67
717002,3,264
717002,4,27
717002,5,37
717002,6,24
717002,8,102
717002,9,41
717002,10,4
717002,11,174
717002,12,241
717002,13,357
717002,14,127
717002,16,80
717002,17,15
717004,1,26
717004,2,63
717004,3,261
717004,4,27
717004,5,42
717004,6,23
717004,8,145
717004,9,26
717004,10,6
717004,11,160
717004,12,263
717004,13,302
717004,14,94
717004,16,68
717004,17,2
717006,1,12
717006,2,54
717006,3,140
717006,4,26
717006,5,27
717006,6,16
717006,8,102
717006,9,14
717006,10,2
717006,11,91
717006,12,117
717006,13,358
717006,14,121
717006,16,51
717006,17,1
717008,1,14
717008,2,59
717008,3,274
717008,4,41
717008,5,31
717008,6,20
717008,8,150
717008,9,33
717008,10,5
717008,11,212
717008,12,253
717008,13,483
717008,14,200
717008,16,93
717008,17,0
717010,1,30
717010,2,147
717010,3,319
717010,4,48
717010,5,45
717010,6,40
717010,8,186
717010,9,65
717010,10,4
717010,11,294
717010,12,282
717010,13,682
717010,14,266
717010,16,125
717010,17,4
717012,1,27
717012,2,63
717012,3,195
717012,4,18
717012,5,74
717012,6,15
717012,8,137
717012,9,47
717012,10,9
717012,11,101
717012,12,190
717012,13,447
717012,14,181
717012,16,91
717012,17,51
717014,1,5
717014,2,25
717014,3,68
717014,4,15
717014,5,19
717014,6,3
717014,8,35
717014,9,24
717014,10,4
717014,11,43
717014,12,87
717014,13,145
717014,14,53
717014,16,41
717014,17,24
717016,1,19
717016,2,32
717016,3,173
717016,4,12
717016,5,51
717016,6,9
717016,8,90
717016,9,28
717016,10,3
717016,11,94
717016,12,190
717016,13,246
717016,14,118
717016,16,47
717016,17,71
717018,1,13
717018,2,25
717018,3,131
717018,4,20
717018,5,32
717018,6,8
717018,8,63
717018,9,21
717018,10,3
717018,11,84
717018,12,163
717018,13,243
717018,14,102
717018,16,41
717018,17,25
717020,1,8
717020,2,23
717020,3,73
717020,4,10
717020,5,12
717020,6,5
717020,8,47
717020,9,11
717020,10,7
717020,11,40
717020,12,78
717020,13,151
717020,14,86
717020,16,32
717020,17,11
717022,1,8
717022,2,21
717022,3,81
717022,4,10
717022,5,30
717022,6,6
717022,8,29
717022,9,17
717022,10,2
717022,11,33
717022,12,78
717022,13,92
717022,14,54
717022,16,20
717022,17,22
717024,1,16
717024,2,76
717024,3,252
717024,4,30
717024,5,48
717024,6,14
717024,8,156
717024,9,32
717024,10,5
717024,11,244
717024,12,361
717024,13,562
717024,14,342
717024,16,104
717024,17,42
717026,1,9
717026,2,27
717026,3,82
717026,4,12
717026,5,22
717026,6,4
717026,8,58
717026,9,21
717026,10,0
717026,11,46
717026,12,96
717026,13,127
717026,14,82
717026,16,30
717026,17,17
717028,1,10
717028,2,65
717028,3,144
717028,4,26
717028,5,64
717028,6,12
717028,8,43
717028,9,38
717028,10,20
717028,11,100
717028,12,114
717028,13,318
717028,14,107
717028,16,112
717028,17,120
717030,1,13
717030,2,23
717030,3,112
717030,4,14
717030,5,29
717030,6,9
717030,8,53
717030,9,26
717030,10,1
717030,11,54
717030,12,114
717030,13,93
717030,14,54
717030,16,34
717030,17,29
717032,1,15
717032,2,23
717032,3,94
717032,4,5
717032,5,17
717032,6,7
717032,8,51
717032,9,21
717032,10,1
717032,11,47
717032,12,110
717032,13,117
717032,14,54
717032,16,27
717032,17,20
717034,1,17
717034,2,56
717034,3,167
717034,4,22
717034,5,16
717034,6,11
717034,8,95
717034,9,25
717034,10,9
717034,11,124
717034,12,144
717034,13,491
717034,14,124
717034,16,60
717034,17,2
717036,1,21
717036,2,72
717036,3,264
717036,4,21
717036,5,46
717036,6,29
717036,8,118
717036,9,46
717036,10,9
717036,11,146
717036,12,256
717036,13,448
717036,14,153
717036,16,81
717036,17,6
717038,1,16
717038,2,72
717038,3,333
717038,4,43
717038,5,34
717038,6,17
717038,8,170
717038,9,43
717038,10,7
717038,11,194
717038,12,319
717038,13,494
717038,14,207
717038,16,77
717038,17,0
717040,1,31
717040,2,92
717040,3,270
717040,4,43
717040,5,37
717040,6,17
717040,8,143
717040,9,37
717040,10,9
717040,11,170
717040,12,259
717040,13,515
717040,14,187
717040,16,85
717040,17,7
717042,1,28
717042,2,120
717042,3,278
717042,4,54
717042,5,57
717042,6,18
717042,8,166
717042,9,38
717042,10,4
717042,11,197
717042,12,262
717042,13,774
717042,14,249
717042,16,128
717042,17,3
717044,1,11
717044,2,24
717044,3,129
717044,4,14
717044,5,25
717044,6,8
717044,8,73
717044,9,8
717044,10,2
717044,11,65
717044,12,147
717044,13,154
717044,14,75
717044,16,31
717044,17,1
717046,1,28
717046,2,68
717046,3,319
717046,4,42
717046,5,27
717046,6,17
717046,8,111
717046,9,37
717046,10,4
717046,11,161
717046,12,263
717046,13,379
717046,14,152
717046,16,79
717046,17,6
717048,1,19
717048,2,29
717048,3,284
717048,4,16
717048,5,34
717048,6,107
717048,8,94
717048,9,34
717048,10,6
717048,11,137
717048,12,177
717048,13,178
717048,14,67
717048,16,29
717048,17,3
717050,1,11
717050,2,10
717050,3,118
717050,4,12
717050,5,25
717050,6,75
717050,8,75
717050,9,31
717050,10,5
717050,11,110
717050,12,85
717050,13,73
717050,14,21
717050,16,18
717050,17,3
717052,1,5
717052,2,7
717052,3,69
717052,4,6
717052,5,1
717052,6,26
717052,8,45
717052,9,4
717052,10,2
717052,11,26
717052,12,35
717052,13,31
717052,14,8
717052,16,6
717052,17,0
717054,1,0
717054,2,5
717054,3,57
717054,4,5
717054,5,2
717054,6,6
717054,8,34
717054,9,12
717054,10,1
717054,11,42
717054,12,29
717054,13,32
717054,14,12
717054,16,6
717054,17,0
717056,1,8
717056,2,76
717056,3,255
717056,4,27
717056,5,34
717056,6,14
717056,8,131
717056,9,41
717056,10,4
717056,11,195
717056,12,304
717056,13,331
717056,14,223
717056,16,105
717056,17,38
717058,1,2
717058,2,5
717058,3,30
717058,4,3
717058,5,2
717058,6,1
717058,8,12
717058,9,2
717058,10,38
717058,11,3
717058,12,19
717058,13,22
717058,14,7
717058,16,5
717058,17,3
717060,1,1
717060,2,0
717060,3,21
717060,4,2
717060,5,29
717060,6,0
717060,8,0
717060,9,2
717060,10,1
717060,11,6
717060,12,11
717060,13,0
717060,14,2
717060,16,2
717060,17,257
717062,1,1
717062,2,17
717062,3,64
717062,4,7
717062,5,10
717062,6,4
717062,8,32
717062,9,8
717062,10,4
717062,11,46
717062,12,53
717062,13,32
717062,14,28
717062,16,10
717062,17,0
717064,1,0
717064,2,4
717064,3,72
717064,4,3
717064,5,2
717064,6,2
717064,8,26
717064,9,12
717064,10,0
717064,11,21
717064,12,30
717064,13,33
717064,14,19
717064,16,6
717064,17,0
717066,1,1
717066,2,2
717066,3,14
717066,4,0
717066,5,1
717066,6,2
717066,8,13
717066,9,1
717066,10,2
717066,11,10
717066,12,15
717066,13,14
717066,14,0
717066,16,2
717066,17,0
717068,1,1
717068,2,2
717068,3,34
717068,4,3
717068,5,2
717068,6,1
717068,8,2
717068,9,4
717068,10,0
717068,11,7
717068,12,14
717068,13,20
717068,14,1
717068,16,2
717068,17,0
717070,1,2
717070,2,2
717070,3,47
717070,4,6
717070,5,3
717070,6,5
717070,8,29
717070,9,6
717070,10,0
717070,11,23
717070,12,42
717070,13,22
717070,14,4
717070,16,7
717070,17,0
717072,1,8
717072,2,1
717072,3,74
717072,4,2
717072,5,1
717072,6,9
717072,8,12
717072,9,2
717072,10,1
717072,11,31
717072,12,55
717072,13,26
717072,14,3
717072,16,6
717072,17,0
717074,1,6
717074,2,5
717074,3,92
717074,4,3
717074,5,8
717074,6,10
717074,8,19
717074,9,3
717074,10,0
717074,11,44
717074,12,49
717074,13,42
717074,14,9
717074,16,2
717074,17,0
717076,1,23
717076,2,11
717076,3,261
717076,4,9
717076,5,12
717076,6,18
717076,8,40
717076,9,11
717076,10,0
717076,11,102
717076,12,141
717076,13,88
717076,14,32
717076,16,22
717076,17,1
717078,1,3
717078,2,1
717078,3,28
717078,4,1
717078,5,11
717078,6,0
717078,8,3
717078,9,1
717078,10,35
717078,11,5
717078,12,12
717078,13,2
717078,14,0
717078,16,0
717078,17,26
717080,1,14
717080,2,24
717080,3,135
717080,4,13
717080,5,24
717080,6,5
717080,8,79
717080,9,24
717080,10,1
717080,11,70
717080,12,163
717080,13,96
717080,14,62
717080,16,27
717080,17,58
717082,1,23
717082,2,28
717082,3,186
717082,4,12
717082,5,45
717082,6,12
717082,8,117
717082,9,50
717082,10,3
717082,11,64
717082,12,229
717082,13,146
717082,14,98
717082,16,32
717082,17,84
717084,1,17
717084,2,27
717084,3,197
717084,4,7
717084,5,49
717084,6,11
717084,8,108
717084,9,47
717084,10,5
717084,11,103
717084,12,231
717084,13,162
717084,14,100
717084,16,37
717084,17,124
717086,1,27
717086,2,21
717086,3,246
717086,4,22
717086,5,91
717086,6,18
717086,8,133
717086,9,33
717086,10,9
717086,11,109
717086,12,340
717086,13,176
717086,14,142
717086,16,47
717086,17,135
717088,1,23
717088,2,33
717088,3,209
717088,4,14
717088,5,91
717088,6,18
717088,8,150
717088,9,46
717088,10,6
717088,11,123
717088,12,299
717088,13,164
717088,14,112
717088,16,43
717088,17,115
717090,1,12
717090,2,38
717090,3,147
717090,4,12
717090,5,51
717090,6,11
717090,8,79
717090,9,29
717090,10,7
717090,11,120
717090,12,214
717090,13,161
717090,14,123
717090,16,50
717090,17,82
717092,1,23
717092,2,28
717092,3,222
717092,4,18
717092,5,73
717092,6,16
717092,8,159
717092,9,36
717092,10,2
717092,11,120
717092,12,346
717092,13,179
717092,14,149
717092,16,45
717092,17,77
717094,1,17
717094,2,23
717094,3,129
717094,4,13
717094,5,39
717094,6,11
717094,8,81
717094,9,31
717094,10,4
717094,11,78
717094,12,219
717094,13,117
717094,14,78
717094,16,33
717094,17,52
717096,1,23
717096,2,23
717096,3,236
717096,4,23
717096,5,65
717096,6,10
717096,8,100
717096,9,45
717096,10,6
717096,11,126
717096,12,316
717096,13,216
717096,14,117
717096,16,40
717096,17,102
717098,1,24
717098,2,23
717098,3,221
717098,4,8
717098,5,66
717098,6,5
717098,8,84
717098,9,47
717098,10,7
717098,11,129
717098,12,327
717098,13,173
717098,14,149
717098,16,40
717098,17,121
717100,1,18
717100,2,51
717100,3,242
717100,4,14
717100,5,73
717100,6,12
717100,8,101
717100,9,37
717100,10,3
717100,11,108
717100,12,294
717100,13,241
717100,14,127
717100,16,41
717100,17,108
717102,1,6
717102,2,40
717102,3,148
717102,4,23
717102,5,29
717102,6,11
717102,8,56
717102,9,21
717102,10,5
717102,11,171
717102,12,158
717102,13,356
717102,14,193
717102,16,65
717102,17,2
717104,1,8
717104,2,24
717104,3,182
717104,4,2
717104,5,11
717104,6,19
717104,8,62
717104,9,16
717104,10,1
717104,11,137
717104,12,95
717104,13,112
717104,14,48
717104,16,20
717104,17,0
717106,1,5
717106,2,4
717106,3,123
717106,4,10
717106,5,8
717106,6,3
717106,8,53
717106,9,10
717106,10,3
717106,11,76
717106,12,76
717106,13,66
717106,14,27
717106,16,13
717106,17,0
717108,1,11
717108,2,50
717108,3,160
717108,4,15
717108,5,57
717108,6,8
717108,8,52
717108,9,29
717108,10,17
717108,11,96
717108,12,90
717108,13,276
717108,14,86
717108,16,79
717108,17,86
717110,1,22
717110,2,54
717110,3,199
717110,4,22
717110,5,46
717110,6,11
717110,8,48
717110,9,45
717110,10,15
717110,11,120
717110,12,104
717110,13,299
717110,14,118
717110,16,111
717110,17,127
717112,1,7
717112,2,42
717112,3,147
717112,4,16
717112,5,54
717112,6,14
717112,8,42
717112,9,32
717112,10,20
717112,11,74
717112,12,87
717112,13,278
717112,14,79
717112,16,84
717112,17,94
717114,1,9
717114,2,42
717114,3,146
717114,4,15
717114,5,45
717114,6,13
717114,8,28
717114,9,36
717114,10,11
717114,11,86
717114,12,111
717114,13,207
717114,14,66
717114,16,56
717114,17,116
717116,1,14
717116,2,57
717116,3,163
717116,4,17
717116,5,43
717116,6,16
717116,8,57
717116,9,41
717116,10,18
717116,11,109
717116,12,106
717116,13,304
717116,14,81
717116,16,88
717116,17,117
717118,1,6
717118,2,37
717118,3,81
717118,4,19
717118,5,13
717118,6,8
717118,8,32
717118,9,7
717118,10,5
717118,11,89
717118,12,91
717118,13,212
717118,14,146
717118,16,51
717118,17,5
717120,1,1
717120,2,11
717120,3,36
717120,4,4
717120,5,12
717120,6,10
717120,8,25
717120,9,2
717120,10,1
717120,11,43
717120,12,37
717120,13,128
717120,14,82
717120,16,17
717120,17,2
717122,1,3
717122,2,40
717122,3,106
717122,4,8
717122,5,23
717122,6,11
717122,8,65
717122,9,21
717122,10,4
717122,11,72
717122,12,150
717122,13,208
717122,14,74
717122,16,43
717122,17,2
717124,1,19
717124,2,47
717124,3,259
717124,4,29
717124,5,30
717124,6,13
717124,8,137
717124,9,41
717124,10,8
717124,11,180
717124,12,435
717124,13,330
717124,14,158
717124,16,67
717124,17,5
717126,1,24
717126,2,59
717126,3,360
717126,4,30
717126,5,51
717126,6,8
717126,8,185
717126,9,58
717126,10,4
717126,11,246
717126,12,527
717126,13,469
717126,14,166
717126,16,87
717126,17,4
717128,1,10
717128,2,31
717128,3,125
717128,4,16
717128,5,17
717128,6,3
717128,8,75
717128,9,12
717128,10,5
717128,11,62
717128,12,152
717128,13,251
717128,14,76
717128,16,34
717128,17,1
717130,1,20
717130,2,71
717130,3,256
717130,4,35
717130,5,41
717130,6,14
717130,8,134
717130,9,44
717130,10,3
717130,11,166
717130,12,400
717130,13,380
717130,14,162
717130,16,75
717130,17,2
717132,1,14
717132,2,11
717132,3,156
717132,4,18
717132,5,16
717132,6,8
717132,8,55
717132,9,23
717132,10,5
717132,11,81
717132,12,190
717132,13,148
717132,14,70
717132,16,25
717132,17,1
717134,1,19
717134,2,45
717134,3,345
717134,4,30
717134,5,33
717134,6,17
717134,8,138
717134,9,22
717134,10,1
717134,11,194
717134,12,292
717134,13,280
717134,14,108
717134,16,51
717134,17,0
717136,1,19
717136,2,36
717136,3,263
717136,4,23
717136,5,26
717136,6,14
717136,8,73
717136,9,24
717136,10,4
717136,11,131
717136,12,217
717136,13,199
717136,14,83
717136,16,43
717136,17,0
717138,1,11
717138,2,41
717138,3,262
717138,4,17
717138,5,24
717138,6,14
717138,8,92
717138,9,38
717138,10,2
717138,11,110
717138,12,202
717138,13,235
717138,14,82
717138,16,43
717138,17,1
717140,1,10
717140,2,24
717140,3,158
717140,4,9
717140,5,16
717140,6,6
717140,8,51
717140,9,17
717140,10,4
717140,11,61
717140,12,114
717140,13,144
717140,14,59
717140,16,27
717140,17,1
717142,1,14
717142,2,41
717142,3,175
717142,4,9
717142,5,27
717142,6,13
717142,8,85
717142,9,31
717142,10,2
717142,11,81
717142,12,115
717142,13,211
717142,14,74
717142,16,38
717142,17,2
717144,1,15
717144,2,35
717144,3,223
717144,4,18
717144,5,23
717144,6,19
717144,8,92
717144,9,18
717144,10,4
717144,11,112
717144,12,153
717144,13,187
717144,14,63
717144,16,28
717144,17,0
717146,1,14
717146,2,45
717146,3,190
717146,4,15
717146,5,28
717146,6,7
717146,8,76
717146,9,26
717146,10,1
717146,11,81
717146,12,126
717146,13,259
717146,14,72
717146,16,31
717146,17,4
717148,1,15
717148,2,39
717148,3,242
717148,4,20
717148,5,23
717148,6,9
717148,8,89
717148,9,21
717148,10,3
717148,11,155
717148,12,193
717148,13,188
717148,14,70
717148,16,39
717148,17,4
717150,1,22
717150,2,42
717150,3,363
717150,4,26
717150,5,21
717150,6,24
717150,8,140
717150,9,38
717150,10,3
717150,11,219
717150,12,276
717150,13,342
717150,14,134
717150,16,55
717150,17,1
717152,1,22
717152,2,79
717152,3,436
717152,4,39
717152,5,58
717152,6,25
717152,8,225
717152,9,40
717152,10,4
717152,11,274
717152,12,342
717152,13,541
717152,14,238
717152,16,94
717152,17,3
717154,1,18
717154,2,52
717154,3,386
717154,4,25
717154,5,37
717154,6,22
717154,8,151
717154,9,42
717154,10,1
717154,11,211
717154,12,337
717154,13,338
717154,14,126
717154,16,49
717154,17,5
717156,1,14
717156,2,34
717156,3,243
717156,4,12
717156,5,17
717156,6,17
717156,8,84
717156,9,21
717156,10,6
717156,11,133
717156,12,208
717156,13,198
717156,14,85
717156,16,43
717156,17,4
717158,1,7
717158,2,50
717158,3,324
717158,4,27
717158,5,28
717158,6,29
717158,8,138
717158,9,37
717158,10,4
717158,11,140
717158,12,253
717158,13,246
717158,14,79
717158,16,42
717158,17,0
717160,1,26
717160,2,63
717160,3,464
717160,4,37
717160,5,38
717160,6,18
717160,8,164
717160,9,35
717160,10,8
717160,11,222
717160,12,353
717160,13,382
717160,14,136
717160,16,69
717160,17,2
717162,1,17
717162,2,24
717162,3,292
717162,4,21
717162,5,26
717162,6,19
717162,8,105
717162,9,27
717162,10,1
717162,11,154
717162,12,237
717162,13,186
717162,14,80
717162,16,45
717162,17,1
717164,1,19
717164,2,46
717164,3,225
717164,4,16
717164,5,36
717164,6,11
717164,8,131
717164,9,23
717164,10,5
717164,11,144
717164,12,219
717164,13,231
717164,14,122
717164,16,44
717164,17,4
717166,1,5
717166,2,30
717166,3,159
717166,4,9
717166,5,29
717166,6,12
717166,8,120
717166,9,31
717166,10,3
717166,11,102
717166,12,180
717166,13,156
717166,14,92
717166,16,33
717166,17,7
717168,1,10
717168,2,23
717168,3,168
717168,4,10
717168,5,17
717168,6,14
717168,8,105
717168,9,18
717168,10,3
717168,11,104
717168,12,221
717168,13,144
717168,14,96
717168,16,32
717168,17,1
717170,1,14
717170,2,21
717170,3,168
717170,4,3
717170,5,41
717170,6,9
717170,8,111
717170,9,19
717170,10,3
717170,11,100
717170,12,236
717170,13,168
717170,14,92
717170,16,37
717170,17,1
717172,1,18
717172,2,20
717172,3,166
717172,4,4
717172,5,42
717172,6,9
717172,8,105
717172,9,31
717172,10,6
717172,11,108
717172,12,225
717172,13,74
717172,14,48
717172,16,31
717172,17,9
717174,1,8
717174,2,16
717174,3,182
717174,4,15
717174,5,28
717174,6,13
717174,8,133
717174,9,22
717174,10,2
717174,11,118
717174,12,225
717174,13,141
717174,14,75
717174,16,37
717174,17,5
717176,1,15
717176,2,44
717176,3,291
717176,4,15
717176,5,21
717176,6,12
717176,8,167
717176,9,22
717176,10,2
717176,11,170
717176,12,268
717176,13,208
717176,14,96
717176,16,48
717176,17,3
717178,1,11
717178,2,23
717178,3,171
717178,4,11
717178,5,17
717178,6,5
717178,8,43
717178,9,19
717178,10,1
717178,11,61
717178,12,126
717178,13,105
717178,14,43
717178,16,31
717178,17,0
717180,1,14
717180,2,56
717180,3,90
717180,4,23
717180,5,24
717180,6,8
717180,8,82
717180,9,18
717180,10,1
717180,11,76
717180,12,87
717180,13,292
717180,14,92
717180,16,71
717180,17,3
717182,1,10
717182,2,30
717182,3,189
717182,4,21
717182,5,23
717182,6,18
717182,8,142
717182,9,15
717182,10,0
717182,11,152
717182,12,217
717182,13,191
717182,14,123
717182,16,22
717182,17,17
717184,1,12
717184,2,24
717184,3,194
717184,4,15
717184,5,25
717184,6,8
717184,8,121
717184,9,24
717184,10,5
717184,11,131
717184,12,191
717184,13,125
717184,14,62
717184,16,39
717184,17,2
717186,1,29
717186,2,54
717186,3,328
717186,4,26
717186,5,30
717186,6,17
717186,8,189
717186,9,30
717186,10,4
717186,11,161
717186,12,317
717186,13,206
717186,14,128
717186,16,41
717186,17,5
717188,1,31
717188,2,69
717188,3,412
717188,4,26
717188,5,53
717188,6,36
717188,8,280
717188,9,33
717188,10,5
717188,11,266
717188,12,437
717188,13,264
717188,14,168
717188,16,75
717188,17,1
717190,1,25
717190,2,36
717190,3,232
717190,4,19
717190,5,21
717190,6,12
717190,8,128
717190,9,16
717190,10,2
717190,11,140
717190,12,228
717190,13,128
717190,14,86
717190,16,31
717190,17,2
717192,1,6
717192,2,4
717192,3,48
717192,4,8
717192,5,69
717192,6,31
717192,8,60
717192,9,16
717192,10,4
717192,11,28
717192,12,18
717192,13,10
717192,14,55
717192,16,11
717192,17,57
717194,1,7
717194,2,2
717194,3,82
717194,4,9
717194,5,93
717194,6,46
717194,8,86
717194,9,37
717194,10,10
717194,11,24
717194,12,18
717194,13,23
717194,14,80
717194,16,7
717194,17,57
717196,1,6
717196,2,4
717196,3,103
717196,4,6
717196,5,132
717196,6,39
717196,8,90
717196,9,35
717196,10,9
717196,11,36
717196,12,27
717196,13,21
717196,14,90
717196,16,9
717196,17,117
717198,1,7
717198,2,3
717198,3,337
717198,4,13
717198,5,18
717198,6,4
717198,8,78
717198,9,9
717198,10,4
717198,11,54
717198,12,137
717198,13,53
717198,14,26
717198,16,11
717198,17,2
717200,1,10
717200,2,3
717200,3,279
717200,4,11
717200,5,19
717200,6,5
717200,8,86
717200,9,19
717200,10,5
717200,11,35
717200,12,112
717200,13,62
717200,14,33
717200,16,14
717200,17,4
717202,1,17
717202,2,15
717202,3,291
717202,4,7
717202,5,12
717202,6,5
717202,8,198
717202,9,28
717202,10,3
717202,11,68
717202,12,196
717202,13,121
717202,14,45
717202,16,15
717202,17,0
717204,1,3
717204,2,6
717204,3,63
717204,4,5
717204,5,4
717204,6,1
717204,8,38
717204,9,5
717204,10,0
717204,11,3
717204,12,31
717204,13,12
717204,14,9
717204,16,3
717204,17,0
717206,1,3
717206,2,4
717206,3,56
717206,4,6
717206,5,3
717206,6,6
717206,8,15
717206,9,3
717206,10,2
717206,11,34
717206,12,32
717206,13,19
717206,14,13
717206,16,8
717206,17,0
717208,1,11
717208,2,86
717208,3,125
717208,4,53
717208,5,36
717208,6,22
717208,8,58
717208,9,36
717208,10,42
717208,11,82
717208,12,91
717208,13,699
717208,14,241
717208,16,277
717208,17,49
717210,1,5
717210,2,11
717210,3,145
717210,4,17
717210,5,24
717210,6,6
717210,8,82
717210,9,16
717210,10,5
717210,11,38
717210,12,47
717210,13,41
717210,14,20
717210,16,8
717210,17,5
717212,1,3
717212,2,56
717212,3,133
717212,4,26
717212,5,33
717212,6,13
717212,8,39
717212,9,27
717212,10,11
717212,11,126
717212,12,106
717212,13,530
717212,14,213
717212,16,168
717212,17,55
717214,1,12
717214,2,75
717214,3,263
717214,4,28
717214,5,68
717214,6,37
717214,8,71
717214,9,46
717214,10,26
717214,11,204
717214,12,216
717214,13,523
717214,14,223
717214,16,165
717214,17,110
717216,1,17
717216,2,66
717216,3,148
717216,4,31
717216,5,45
717216,6,6
717216,8,45
717216,9,45
717216,10,25
717216,11,149
717216,12,110
717216,13,468
717216,14,181
717216,16,152
717216,17,226
717218,1,8
717218,2,47
717218,3,153
717218,4,34
717218,5,50
717218,6,7
717218,8,45
717218,9,32
717218,10,20
717218,11,68
717218,12,82
717218,13,330
717218,14,115
717218,16,115
717218,17,102
717220,1,7
717220,2,24
717220,3,116
717220,4,19
717220,5,40
717220,6,2
717220,8,26
717220,9,42
717220,10,11
717220,11,45
717220,12,77
717220,13,149
717220,14,78
717220,16,65
717220,17,49
717222,1,12
717222,2,74
717222,3,158
717222,4,40
717222,5,60
717222,6,11
717222,8,55
717222,9,34
717222,10,19
717222,11,106
717222,12,145
717222,13,433
717222,14,143
717222,16,146
717222,17,97
717224,1,9
717224,2,75
717224,3,160
717224,4,37
717224,5,51
717224,6,11
717224,8,61
717224,9,48
717224,10,20
717224,11,139
717224,12,116
717224,13,431
717224,14,168
717224,16,135
717224,17,136
717226,1,24
717226,2,86
717226,3,237
717226,4,26
717226,5,67
717226,6,21
717226,8,62
717226,9,44
717226,10,29
717226,11,142
717226,12,175
717226,13,280
717226,14,125
717226,16,95
717226,17,144
717228,1,2
717228,2,16
717228,3,84
717228,4,5
717228,5,46
717228,6,9
717228,8,22
717228,9,34
717228,10,9
717228,11,26
717228,12,66
717228,13,34
717228,14,14
717228,16,15
717228,17,84
717230,1,7
717230,2,31
717230,3,158
717230,4,15
717230,5,33
717230,6,14
717230,8,65
717230,9,33
717230,10,20
717230,11,99
717230,12,101
717230,13,278
717230,14,94
717230,16,75
717230,17,113
717232,1,20
717232,2,111
717232,3,323
717232,4,37
717232,5,91
717232,6,15
717232,8,62
717232,9,59
717232,10,29
717232,11,245
717232,12,147
717232,13,659
717232,14,215
717232,16,170
717232,17,151
717234,1,10
717234,2,58
717234,3,213
717234,4,22
717234,5,60
717234,6,11
717234,8,38
717234,9,44
717234,10,14
717234,11,134
717234,12,125
717234,13,371
717234,14,95
717234,16,118
717234,17,113
717236,1,12
717236,2,70
717236,3,183
717236,4,23
717236,5,50
717236,6,10
717236,8,67
717236,9,33
717236,10,15
717236,11,150
717236,12,118
717236,13,328
717236,14,114
717236,16,109
717236,17,115
717238,1,29
717238,2,40
717238,3,201
717238,4,24
717238,5,79
717238,6,29
717238,8,56
717238,9,45
717238,10,46
717238,11,110
717238,12,184
717238,13,251
717238,14,125
717238,16,104
717238,17,175
717240,1,21
717240,2,52
717240,3,153
717240,4,51
717240,5,84
717240,6,22
717240,8,35
717240,9,43
717240,10,28
717240,11,80
717240,12,98
717240,13,281
717240,14,78
717240,16,89
717240,17,147
717242,1,14
717242,2,30
717242,3,83
717242,4,27
717242,5,72
717242,6,12
717242,8,36
717242,9,17
717242,10,19
717242,11,53
717242,12,67
717242,13,131
717242,14,34
717242,16,53
717242,17,102
717244,1,14
717244,2,34
717244,3,144
717244,4,60
717244,5,60
717244,6,12
717244,8,34
717244,9,30
717244,10,36
717244,11,96
717244,12,100
717244,13,254
717244,14,95
717244,16,99
717244,17,93
717246,1,14
717246,2,18
717246,3,66
717246,4,10
717246,5,28
717246,6,6
717246,8,16
717246,9,11
717246,10,17
717246,11,30
717246,12,74
717246,13,121
717246,14,45
717246,16,33
717246,17,57
717248,1,13
717248,2,42
717248,3,136
717248,4,11
717248,5,64
717248,6,7
717248,8,41
717248,9,55
717248,10,15
717248,11,87
717248,12,125
717248,13,244
717248,14,87
717248,16,77
717248,17,172
717250,1,8
717250,2,26
717250,3,106
717250,4,7
717250,5,78
717250,6,17
717250,8,46
717250,9,45
717250,10,10
717250,11,64
717250,12,82
717250,13,167
717250,14,64
717250,16,34
717250,17,192
717252,1,11
717252,2,20
717252,3,56
717252,4,13
717252,5,66
717252,6,8
717252,8,17
717252,9,26
717252,10,10
717252,11,40
717252,12,46
717252,13,84
717252,14,24
717252,16,24
717252,17,115
717254,1,6
717254,2,17
717254,3,80
717254,4,10
717254,5,71
717254,6,6
717254,8,20
717254,9,20
717254,10,16
717254,11,37
717254,12,59
717254,13,41
717254,14,14
717254,16,27
717254,17,132
717256,1,10
717256,2,34
717256,3,162
717256,4,16
717256,5,112
717256,6,14
717256,8,55
717256,9,54
717256,10,41
717256,11,96
717256,12,127
717256,13,234
717256,14,91
717256,16,77
717256,17,199
717258,1,7
717258,2,26
717258,3,79
717258,4,6
717258,5,94
717258,6,5
717258,8,35
717258,9,35
717258,10,11
717258,11,37
717258,12,71
717258,13,52
717258,14,18
717258,16,25
717258,17,157
717260,1,12
717260,2,52
717260,3,175
717260,4,25
717260,5,59
717260,6,16
717260,8,55
717260,9,39
717260,10,15
717260,11,98
717260,12,101
717260,13,439
717260,14,163
717260,16,123
717260,17,125
717262,1,13
717262,2,41
717262,3,252
717262,4,25
717262,5,128
717262,6,20
717262,8,64
717262,9,61
717262,10,31
717262,11,100
717262,12,181
717262,13,144
717262,14,52
717262,16,49
717262,17,338
717264,1,5
717264,2,9
717264,3,63
717264,4,9
717264,5,32
717264,6,9
717264,8,24
717264,9,25
717264,10,3
717264,11,31
717264,12,50
717264,13,51
717264,14,28
717264,16,21
717264,17,137
717266,1,17
717266,2,47
717266,3,268
717266,4,21
717266,5,109
717266,6,32
717266,8,56
717266,9,58
717266,10,81
717266,11,124
717266,12,188
717266,13,234
717266,14,101
717266,16,55
717266,17,164
717268,1,4
717268,2,32
717268,3,179
717268,4,13
717268,5,78
717268,6,22
717268,8,38
717268,9,60
717268,10,25
717268,11,111
717268,12,152
717268,13,165
717268,14,90
717268,16,76
717268,17,168
717270,1,20
717270,2,31
717270,3,233
717270,4,19
717270,5,91
717270,6,41
717270,8,58
717270,9,52
717270,10,9
717270,11,84
717270,12,166
717270,13,121
717270,14,55
717270,16,49
717270,17,168
717272,1,10
717272,2,21
717272,3,169
717272,4,14
717272,5,72
717272,6,25
717272,8,40
717272,9,35
717272,10,17
717272,11,84
717272,12,128
717272,13,134
717272,14,44
717272,16,34
717272,17,152
717274,1,0
717274,2,0
717274,3,23
717274,4,0
717274,5,1
717274,6,0
717274,8,10
717274,9,2
717274,10,1
717274,11,3
717274,12,11
717274,13,9
717274,14,5
717274,16,0
717274,17,0
717276,1,1
717276,2,1
717276,3,22
717276,4,1
717276,5,0
717276,6,1
717276,8,22
717276,9,1
717276,10,0
717276,11,4
717276,12,22
717276,13,7
717276,14,11
717276,16,0
717276,17,0
717278,1,1
717278,2,1
717278,3,25
717278,4,0
717278,5,1
717278,6,0
717278,8,7
717278,9,0
717278,10,3
717278,11,0
717278,12,15
717278,13,0
717278,14,10
717278,16,2
717278,17,0
717280,1,1
717280,2,0
717280,3,13
717280,4,1
717280,5,3
717280,6,4
717280,8,11
717280,9,2
717280,10,0
717280,11,3
717280,12,21
717280,13,1
717280,14,6
717280,16,0
717280,17,0
717282,1,0
717282,2,0
717282,3,17
717282,4,0
717282,5,0
717282,6,0
717282,8,15
717282,9,4
717282,10,1
717282,11,0
717282,12,8
717282,13,6
717282,14,9
717282,16,0
717282,17,0
717284,1,0
717284,2,0
717284,3,44
717284,4,1
717284,5,2
717284,6,3
717284,8,13
717284,9,0
717284,10,0
717284,11,5
717284,12,35
717284,13,6
717284,14,12
717284,16,4
717284,17,0
717286,1,15
717286,2,8
717286,3,202
717286,4,8
717286,5,10
717286,6,31
717286,8,64
717286,9,15
717286,10,3
717286,11,82
717286,12,149
717286,13,75
717286,14,43
717286,16,10
717286,17,2
717288,1,13
717288,2,14
717288,3,169
717288,4,10
717288,5,18
717288,6,29
717288,8,57
717288,9,23
717288,10,3
717288,11,83
717288,12,95
717288,13,92
717288,14,30
717288,16,23
717288,17,0
717290,1,17
717290,2,8
717290,3,126
717290,4,2
717290,5,1
717290,6,9
717290,8,38
717290,9,10
717290,10,2
717290,11,65
717290,12,75
717290,13,19
717290,14,12
717290,16,10
717290,17,0
717292,1,4
717292,2,1
717292,3,33
717292,4,1
717292,5,2
717292,6,2
717292,8,11
717292,9,4
717292,10,2
717292,11,17
717292,12,13
717292,13,7
717292,14,4
717292,16,0
717292,17,0
717294,1,5
717294,2,0
717294,3,22
717294,4,4
717294,5,4
717294,6,0
717294,8,28
717294,9,4
717294,10,1
717294,11,17
717294,12,12
717294,13,6
717294,14,2
717294,16,3
717294,17,0
717296,1,7
717296,2,23
717296,3,174
717296,4,13
717296,5,19
717296,6,28
717296,8,55
717296,9,12
717296,10,2
717296,11,55
717296,12,62
717296,13,106
717296,14,78
717296,16,19
717296,17,3
717298,1,10
717298,2,33
717298,3,323
717298,4,23
717298,5,18
717298,6,40
717298,8,67
717298,9,14
717298,10,5
717298,11,120
717298,12,173
717298,13,191
717298,14,191
717298,16,40
717298,17,3
717300,1,12
717300,2,25
717300,3,271
717300,4,10
717300,5,19
717300,6,42
717300,8,84
717300,9,17
717300,10,0
717300,11,89
717300,12,162
717300,13,189
717300,14,221
717300,16,39
717300,17,1
717302,1,0
717302,2,0
717302,3,5
717302,4,1
717302,5,0
717302,6,0
717302,8,1
717302,9,0
717302,10,2
717302,11,2
717302,12,0
717302,13,18
717302,14,4
717302,16,12
717302,17,1
717304,1,7
717304,2,6
717304,3,130
717304,4,10
717304,5,3
717304,6,18
717304,8,20
717304,9,7
717304,10,2
717304,11,39
717304,12,58
717304,13,45
717304,14,22
717304,16,9
717304,17,0
717306,1,2
717306,2,0
717306,3,74
717306,4,1
717306,5,3
717306,6,12
717306,8,13
717306,9,4
717306,10,2
717306,11,15
717306,12,19
717306,13,16
717306,14,20
717306,16,2
717306,17,0
717308,1,2
717308,2,4
717308,3,34
717308,4,1
717308,5,10
717308,6,47
717308,8,9
717308,9,8
717308,10,0
717308,11,14
717308,12,22
717308,13,13
717308,14,12
717308,16,6
717308,17,1
717310,1,5
717310,2,5
717310,3,59
717310,4,1
717310,5,1
717310,6,19
717310,8,11
717310,9,1
717310,10,1
717310,11,11
717310,12,8
717310,13,15
717310,14,9
717310,16,1
717310,17,0
717312,1,1
717312,2,1
717312,3,57
717312,4,1
717312,5,1
717312,6,6
717312,8,20
717312,9,2
717312,10,1
717312,11,8
717312,12,17
717312,13,15
717312,14,13
717312,16,5
717312,17,0
717314,1,5
717314,2,5
717314,3,100
717314,4,7
717314,5,6
717314,6,7
717314,8,16
717314,9,4
717314,10,0
717314,11,33
717314,12,52
717314,13,52
717314,14,44
717314,16,16
717314,17,0
717316,1,8
717316,2,3
717316,3,86
717316,4,5
717316,5,4
717316,6,13
717316,8,24
717316,9,3
717316,10,1
717316,11,14
717316,12,50
717316,13,28
717316,14,21
717316,16,9
717316,17,0
717318,1,3
717318,2,5
717318,3,64
717318,4,2
717318,5,1
717318,6,27
717318,8,12
717318,9,8
717318,10,2
717318,11,33
717318,12,48
717318,13,37
717318,14,33
717318,16,9
717318,17,0
717320,1,5
717320,2,1
717320,3,49
717320,4,1
717320,5,5
717320,6,10
717320,8,15
717320,9,6
717320,10,1
717320,11,9
717320,12,26
717320,13,16
717320,14,20
717320,16,3
717320,17,0
717322,1,4
717322,2,10
717322,3,63
717322,4,2
717322,5,4
717322,6,7
717322,8,28
717322,9,1
717322,10,2
717322,11,17
717322,12,24
717322,13,22
717322,14,9
717322,16,7
717322,17,0
717324,1,25
717324,2,40
717324,3,222
717324,4,39
717324,5,15
717324,6,24
717324,8,94
717324,9,13
717324,10,0
717324,11,107
717324,12,131
717324,13,225
717324,14,111
717324,16,52
717324,17,0
717326,1,6
717326,2,12
717326,3,112
717326,4,10
717326,5,15
717326,6,10
717326,8,25
717326,9,24
717326,10,4
717326,11,68
717326,12,107
717326,13,69
717326,14,30
717326,16,12
717326,17,2
717328,1,12
717328,2,14
717328,3,85
717328,4,14
717328,5,11
717328,6,14
717328,8,28
717328,9,6
717328,10,1
717328,11,43
717328,12,64
717328,13,59
717328,14,35
717328,16,20
717328,17,0
717330,1,5
717330,2,3
717330,3,69
717330,4,8
717330,5,7
717330,6,10
717330,8,26
717330,9,5
717330,10,0
717330,11,29
717330,12,43
717330,13,31
717330,14,36
717330,16,3
717330,17,0
717332,1,7
717332,2,11
717332,3,186
717332,4,6
717332,5,7
717332,6,6
717332,8,25
717332,9,12
717332,10,2
717332,11,44
717332,12,82
717332,13,56
717332,14,27
717332,16,19
717332,17,0
717334,1,10
717334,2,6
717334,3,268
717334,4,6
717334,5,18
717334,6,12
717334,8,30
717334,9,19
717334,10,2
717334,11,17
717334,12,79
717334,13,40
717334,14,19
717334,16,20
717334,17,7
717336,1,5
717336,2,2
717336,3,64
717336,4,0
717336,5,4
717336,6,3
717336,8,15
717336,9,6
717336,10,0
717336,11,9
717336,12,18
717336,13,16
717336,14,5
717336,16,2
717336,17,0
717338,1,5
717338,2,1
717338,3,115
717338,4,2
717338,5,0
717338,6,10
717338,8,10
717338,9,2
717338,10,0
717338,11,16
717338,12,30
717338,13,16
717338,14,6
717338,16,0
717338,17,0
717340,1,15
717340,2,18
717340,3,212
717340,4,14
717340,5,21
717340,6,13
717340,8,44
717340,9,9
717340,10,4
717340,11,52
717340,12,83
717340,13,191
717340,14,77
717340,16,27
717340,17,2
717342,1,15
717342,2,44
717342,3,257
717342,4,17
717342,5,18
717342,6,17
717342,8,77
717342,9,23
717342,10,2
717342,11,82
717342,12,131
717342,13,212
717342,14,93
717342,16,49
717342,17,0
717344,1,25
717344,2,45
717344,3,239
717344,4,20
717344,5,17
717344,6,7
717344,8,72
717344,9,34
717344,10,0
717344,11,102
717344,12,164
717344,13,261
717344,14,90
717344,16,30
717344,17,2
717346,1,17
717346,2,11
717346,3,102
717346,4,4
717346,5,4
717346,6,8
717346,8,19
717346,9,9
717346,10,1
717346,11,30
717346,12,74
717346,13,62
717346,14,22
717346,16,12
717346,17,0
717348,1,6
717348,2,10
717348,3,96
717348,4,5
717348,5,4
717348,6,8
717348,8,20
717348,9,8
717348,10,0
717348,11,34
717348,12,39
717348,13,88
717348,14,20
717348,16,12
717348,17,0
717350,1,2
717350,2,6
717350,3,100
717350,4,1
717350,5,10
717350,6,3
717350,8,18
717350,9,5
717350,10,2
717350,11,21
717350,12,56
717350,13,46
717350,14,7
717350,16,3
717350,17,0
717352,1,7
717352,2,20
717352,3,244
717352,4,6
717352,5,11
717352,6,12
717352,8,63
717352,9,16
717352,10,3
717352,11,38
717352,12,107
717352,13,85
717352,14,24
717352,16,14
717352,17,1
717354,1,25
717354,2,21
717354,3,234
717354,4,34
717354,5,13
717354,6,11
717354,8,70
717354,9,35
717354,10,3
717354,11,85
717354,12,166
717354,13,239
717354,14,79
717354,16,42
717354,17,1
717356,1,10
717356,2,43
717356,3,233
717356,4,24
717356,5,22
717356,6,20
717356,8,48
717356,9,15
717356,10,6
717356,11,95
717356,12,144
717356,13,208
717356,14,89
717356,16,40
717356,17,0
717358,1,8
717358,2,28
717358,3,191
717358,4,19
717358,5,7
717358,6,11
717358,8,67
717358,9,22
717358,10,1
717358,11,84
717358,12,153
717358,13,213
717358,14,102
717358,16,52
717358,17,2
717360,1,10
717360,2,15
717360,3,89
717360,4,14
717360,5,3
717360,6,4
717360,8,20
717360,9,8
717360,10,2
717360,11,17
717360,12,23
717360,13,157
717360,14,39
717360,16,22
717360,17,0
717362,1,8
717362,2,4
717362,3,51
717362,4,8
717362,5,9
717362,6,8
717362,8,15
717362,9,10
717362,10,1
717362,11,15
717362,12,31
717362,13,41
717362,14,16
717362,16,8
717362,17,2
717364,1,30
717364,2,22
717364,3,164
717364,4,38
717364,5,15
717364,6,17
717364,8,63
717364,9,22
717364,10,1
717364,11,87
717364,12,144
717364,13,200
717364,14,69
717364,16,38
717364,17,2
717366,1,3
717366,2,17
717366,3,167
717366,4,3
717366,5,10
717366,6,10
717366,8,22
717366,9,7
717366,10,0
717366,11,29
717366,12,43
717366,13,54
717366,14,31
717366,16,9
717366,17,0
717368,1,7
717368,2,4
717368,3,64
717368,4,6
717368,5,4
717368,6,3
717368,8,14
717368,9,21
717368,10,2
717368,11,24
717368,12,46
717368,13,15
717368,14,8
717368,16,8
717368,17,1
717370,1,14
717370,2,41
717370,3,276
717370,4,17
717370,5,24
717370,6,11
717370,8,100
717370,9,115
717370,10,3
717370,11,99
717370,12,227
717370,13,168
717370,14,101
717370,16,46
717370,17,2
717372,1,7
717372,2,3
717372,3,47
717372,4,2
717372,5,5
717372,6,5
717372,8,14
717372,9,13
717372,10,1
717372,11,20
717372,12,32
717372,13,6
717372,14,5
717372,16,2
717372,17,0
717374,1,4
717374,2,13
717374,3,125
717374,4,10
717374,5,9
717374,6,5
717374,8,43
717374,9,45
717374,10,3
717374,11,33
717374,12,98
717374,13,48
717374,14,32
717374,16,17
717374,17,0
717376,1,11
717376,2,31
717376,3,320
717376,4,17
717376,5,18
717376,6,10
717376,8,88
717376,9,93
717376,10,5
717376,11,103
717376,12,244
717376,13,134
717376,14,72
717376,16,33
717376,17,5
717378,1,3
717378,2,1
717378,3,20
717378,4,1
717378,5,0
717378,6,0
717378,8,11
717378,9,1
717378,10,0
717378,11,5
717378,12,18
717378,13,9
717378,14,2
717378,16,0
717378,17,0
717380,1,20
717380,2,24
717380,3,256
717380,4,9
717380,5,23
717380,6,12
717380,8,81
717380,9,79
717380,10,2
717380,11,99
717380,12,188
717380,13,135
717380,14,54
717380,16,37
717380,17,2
717382,1,9
717382,2,21
717382,3,126
717382,4,4
717382,5,12
717382,6,4
717382,8,39
717382,9,28
717382,10,1
717382,11,57
717382,12,107
717382,13,92
717382,14,54
717382,16,28
717382,17,0
717384,1,9
717384,2,5
717384,3,43
717384,4,0
717384,5,5
717384,6,2
717384,8,17
717384,9,23
717384,10,0
717384,11,12
717384,12,43
717384,13,16
717384,14,9
717384,16,3
717384,17,1
717386,1,18
717386,2,23
717386,3,189
717386,4,14
717386,5,21
717386,6,10
717386,8,61
717386,9,78
717386,10,5
717386,11,69
717386,12,153
717386,13,147
717386,14,82
717386,16,25
717386,17,3
717388,1,11
717388,2,7
717388,3,101
717388,4,1
717388,5,10
717388,6,12
717388,8,14
717388,9,86
717388,10,2
717388,11,25
717388,12,85
717388,13,30
717388,14,12
717388,16,10
717388,17,0
717390,1,4
717390,2,3
717390,3,45
717390,4,7
717390,5,3
717390,6,3
717390,8,58
717390,9,28
717390,10,0
717390,11,22
717390,12,33
717390,13,15
717390,14,8
717390,16,3
717390,17,0
717392,1,5
717392,2,8
717392,3,116
717392,4,6
717392,5,7
717392,6,5
717392,8,27
717392,9,31
717392,10,1
717392,11,27
717392,12,78
717392,13,26
717392,14,39
717392,16,3
717392,17,1
717394,1,6
717394,2,2
717394,3,71
717394,4,4
717394,5,7
717394,6,3
717394,8,18
717394,9,18
717394,10,6
717394,11,17
717394,12,48
717394,13,13
717394,14,10
717394,16,2
717394,17,0
717396,1,16
717396,2,23
717396,3,278
717396,4,10
717396,5,16
717396,6,16
717396,8,84
717396,9,102
717396,10,2
717396,11,118
717396,12,171
717396,13,142
717396,14,71
717396,16,26
717396,17,1
717398,1,6
717398,2,4
717398,3,66
717398,4,7
717398,5,9
717398,6,8
717398,8,24
717398,9,59
717398,10,3
717398,11,19
717398,12,76
717398,13,22
717398,14,21
717398,16,14
717398,17,1
717400,1,7
717400,2,8
717400,3,106
717400,4,7
717400,5,6
717400,6,3
717400,8,33
717400,9,21
717400,10,1
717400,11,33
717400,12,64
717400,13,32
717400,14,19
717400,16,14
717400,17,1
717402,1,1
717402,2,1
717402,3,59
717402,4,2
717402,5,2
717402,6,0
717402,8,20
717402,9,14
717402,10,0
717402,11,3
717402,12,32
717402,13,8
717402,14,3
717402,16,1
717402,17,0
717404,1,3
717404,2,0
717404,3,32
717404,4,5
717404,5,3
717404,6,3
717404,8,14
717404,9,12
717404,10,0
717404,11,11
717404,12,32
717404,13,7
717404,14,2
717404,16,5
717404,17,0
717406,1,4
717406,2,2
717406,3,59
717406,4,1
717406,5,4
717406,6,4
717406,8,32
717406,9,14
717406,10,5
717406,11,14
717406,12,41
717406,13,19
717406,14,19
717406,16,8
717406,17,1
717408,1,2
717408,2,3
717408,3,27
717408,4,1
717408,5,2
717408,6,3
717408,8,11
717408,9,4
717408,10,0
717408,11,8
717408,12,23
717408,13,6
717408,14,5
717408,16,1
717408,17,0
717410,1,2
717410,2,1
717410,3,50
717410,4,5
717410,5,5
717410,6,0
717410,8,13
717410,9,11
717410,10,1
717410,11,24
717410,12,21
717410,13,14
717410,14,4
717410,16,1
717410,17,0
717412,1,11
717412,2,21
717412,3,95
717412,4,16
717412,5,18
717412,6,7
717412,8,60
717412,9,17
717412,10,4
717412,11,62
717412,12,115
717412,13,124
717412,14,63
717412,16,31
717412,17,33
717414,1,7
717414,2,1
717414,3,36
717414,4,3
717414,5,1
717414,6,3
717414,8,6
717414,9,15
717414,10,1
717414,11,11
717414,12,25
717414,13,5
717414,14,8
717414,16,2
717414,17,0
717416,1,20
717416,2,22
717416,3,198
717416,4,15
717416,5,26
717416,6,8
717416,8,78
717416,9,66
717416,10,2
717416,11,83
717416,12,168
717416,13,71
717416,14,60
717416,16,25
717416,17,1
717418,1,2
717418,2,2
717418,3,30
717418,4,0
717418,5,2
717418,6,2
717418,8,9
717418,9,12
717418,10,2
717418,11,8
717418,12,23
717418,13,9
717418,14,5
717418,16,3
717418,17,0
717420,1,3
717420,2,1
717420,3,52
717420,4,0
717420,5,3
717420,6,7
717420,8,9
717420,9,5
717420,10,0
717420,11,13
717420,12,28
717420,13,13
717420,14,3
717420,16,1
717420,17,0
717422,1,3
717422,2,0
717422,3,17
717422,4,0
717422,5,4
717422,6,1
717422,8,11
717422,9,2
717422,10,0
717422,11,5
717422,12,37
717422,13,4
717422,14,12
717422,16,2
717422,17,0
717424,1,4
717424,2,0
717424,3,37
717424,4,2
717424,5,4
717424,6,0
717424,8,21
717424,9,5
717424,10,0
717424,11,12
717424,12,34
717424,13,12
717424,14,18
717424,16,4
717424,17,0
717426,1,0
717426,2,4
717426,3,37
717426,4,0
717426,5,1
717426,6,0
717426,8,18
717426,9,2
717426,10,0
717426,11,6
717426,12,26
717426,13,6
717426,14,8
717426,16,1
717426,17,1
717428,1,4
717428,2,6
717428,3,61
717428,4,1
717428,5,3
717428,6,1
717428,8,19
717428,9,2
717428,10,1
717428,11,10
717428,12,31
717428,13,7
717428,14,14
717428,16,1
717428,17,0
717430,1,4
717430,2,0
717430,3,31
717430,4,3
717430,5,3
717430,6,4
717430,8,24
717430,9,2
717430,10,0
717430,11,15
717430,12,34
717430,13,12
717430,14,11
717430,16,3
717430,17,0
717432,1,4
717432,2,3
717432,3,58
717432,4,1
717432,5,1
717432,6,6
717432,8,14
717432,9,11
717432,10,0
717432,11,11
717432,12,30
717432,13,5
717432,14,29
717432,16,2
717432,17,0
717434,1,3
717434,2,1
717434,3,30
717434,4,1
717434,5,4
717434,6,1
717434,8,7
717434,9,2
717434,10,0
717434,11,3
717434,12,39
717434,13,5
717434,14,16
717434,16,0
717434,17,0
717436,1,2
717436,2,0
717436,3,36
717436,4,1
717436,5,1
717436,6,1
717436,8,14
717436,9,2
717436,10,0
717436,11,17
717436,12,33
717436,13,5
717436,14,32
717436,16,3
717436,17,0
717438,1,2
717438,2,0
717438,3,28
717438,4,2
717438,5,1
717438,6,1
717438,8,4
717438,9,1
717438,10,1
717438,11,0
717438,12,18
717438,13,5
717438,14,3
717438,16,1
717438,17,0
717440,1,0
717440,2,1
717440,3,11
717440,4,0
717440,5,4
717440,6,0
717440,8,11
717440,9,3
717440,10,0
717440,11,1
717440,12,13
717440,13,4
717440,14,16
717440,16,1
717440,17,0
717442,1,6
717442,2,1
717442,3,23
717442,4,1
717442,5,1
717442,6,5
717442,8,17
717442,9,2
717442,10,0
717442,11,16
717442,12,20
717442,13,11
717442,14,5
717442,16,4
717442,17,1
717444,1,3
717444,2,1
717444,3,60
717444,4,2
717444,5,5
717444,6,10
717444,8,18
717444,9,2
717444,10,3
717444,11,58
717444,12,43
717444,13,14
717444,14,15
717444,16,5
717444,17,0
717446,1,6
717446,2,0
717446,3,43
717446,4,0
717446,5,1
717446,6,10
717446,8,28
717446,9,5
717446,10,0
717446,11,27
717446,12,25
717446,13,32
717446,14,7
717446,16,3
717446,17,0
717448,1,1
717448,2,3
717448,3,34
717448,4,2
717448,5,3
717448,6,2
717448,8,14
717448,9,1
717448,10,0
717448,11,21
717448,12,19
717448,13,8
717448,14,5
717448,16,7
717448,17,0
717450,1,7
717450,2,5
717450,3,18
717450,4,1
717450,5,0
717450,6,3
717450,8,17
717450,9,5
717450,10,0
717450,11,6
717450,12,15
717450,13,9
717450,14,1
717450,16,6
717450,17,0
717452,1,23
717452,2,2
717452,3,23
717452,4,0
717452,5,4
717452,6,4
717452,8,10
717452,9,6
717452,10,0
717452,11,7
717452,12,18
717452,13,11
717452,14,4
717452,16,1
717452,17,0
717454,1,7
717454,2,4
717454,3,37
717454,4,4
717454,5,2
717454,6,6
717454,8,18
717454,9,1
717454,10,1
717454,11,18
717454,12,33
717454,13,9
717454,14,0
717454,16,2
717454,17,0
717456,1,3
717456,2,0
717456,3,31
717456,4,2
717456,5,2
717456,6,9
717456,8,11
717456,9,2
717456,10,2
717456,11,15
717456,12,24
717456,13,3
717456,14,4
717456,16,1
717456,17,0
717458,1,7
717458,2,3
717458,3,36
717458,4,1
717458,5,1
717458,6,2
717458,8,4
717458,9,8
717458,10,1
717458,11,13
717458,12,22
717458,13,5
717458,14,5
717458,16,2
717458,17,0
717460,1,7
717460,2,1
717460,3,10
717460,4,0
717460,5,3
717460,6,6
717460,8,19
717460,9,6
717460,10,3
717460,11,21
717460,12,30
717460,13,0
717460,14,3
717460,16,3
717460,17,0
717462,1,1
717462,2,7
717462,3,20
717462,4,0
717462,5,0
717462,6,2
717462,8,15
717462,9,7
717462,10,0
717462,11,12
717462,12,25
717462,13,8
717462,14,5
717462,16,3
717462,17,0
717464,1,6
717464,2,0
717464,3,31
717464,4,2
717464,5,3
717464,6,7
717464,8,13
717464,9,7
717464,10,1
717464,11,9
717464,12,18
717464,13,13
717464,14,4
717464,16,0
717464,17,2
717466,1,7
717466,2,5
717466,3,120
717466,4,13
717466,5,8
717466,6,17
717466,8,27
717466,9,10
717466,10,3
717466,11,43
717466,12,75
717466,13,59
717466,14,59
717466,16,17
717466,17,0
717468,1,5
717468,2,3
717468,3,90
717468,4,7
717468,5,1
717468,6,11
717468,8,16
717468,9,6
717468,10,0
717468,11,12
717468,12,27
717468,13,23
717468,14,19
717468,16,9
717468,17,0
717470,1,10
717470,2,4
717470,3,148
717470,4,6
717470,5,9
717470,6,6
717470,8,33
717470,9,16
717470,10,0
717470,11,41
717470,12,69
717470,13,40
717470,14,66
717470,16,18
717470,17,0
717472,1,8
717472,2,2
717472,3,122
717472,4,10
717472,5,7
717472,6,17
717472,8,28
717472,9,4
717472,10,1
717472,11,54
717472,12,82
717472,13,54
717472,14,40
717472,16,24
717472,17,1
717474,1,8
717474,2,17
717474,3,218
717474,4,13
717474,5,14
717474,6,20
717474,8,47
717474,9,7
717474,10,1
717474,11,65
717474,12,152
717474,13,120
717474,14,58
717474,16,39
717474,17,0
717476,1,6
717476,2,16
717476,3,230
717476,4,16
717476,5,10
717476,6,42
717476,8,69
717476,9,5
717476,10,4
717476,11,62
717476,12,92
717476,13,94
717476,14,78
717476,16,24
717476,17,1
717478,1,2
717478,2,2
717478,3,83
717478,4,4
717478,5,4
717478,6,5
717478,8,36
717478,9,13
717478,10,2
717478,11,40
717478,12,48
717478,13,35
717478,14,30
717478,16,3
717478,17,6
717480,1,2
717480,2,0
717480,3,64
717480,4,2
717480,5,2
717480,6,3
717480,8,9
717480,9,1
717480,10,1
717480,11,25
717480,12,23
717480,13,19
717480,14,13
717480,16,2
717480,17,2
717482,1,8
717482,2,6
717482,3,81
717482,4,5
717482,5,9
717482,6,42
717482,8,10
717482,9,7
717482,10,1
717482,11,22
717482,12,43
717482,13,17
717482,14,17
717482,16,11
717482,17,0
717484,1,8
717484,2,10
717484,3,83
717484,4,2
717484,5,4
717484,6,7
717484,8,41
717484,9,5
717484,10,3
717484,11,28
717484,12,45
717484,13,27
717484,14,10
717484,16,25
717484,17,1
717486,1,15
717486,2,4
717486,3,139
717486,4,8
717486,5,5
717486,6,10
717486,8,30
717486,9,10
717486,10,2
717486,11,30
717486,12,70
717486,13,44
717486,14,24
717486,16,12
717486,17,0
717488,1,4
717488,2,6
717488,3,147
717488,4,11
717488,5,4
717488,6,12
717488,8,17
717488,9,3
717488,10,2
717488,11,20
717488,12,59
717488,13,28
717488,14,9
717488,16,2
717488,17,0
717490,1,5
717490,2,0
717490,3,116
717490,4,4
717490,5,0
717490,6,5
717490,8,5
717490,9,7
717490,10,0
717490,11,9
717490,12,34
717490,13,15
717490,14,8
717490,16,1
717490,17,0
717492,1,14
717492,2,52
717492,3,189
717492,4,21
717492,5,12
717492,6,9
717492,8,70
717492,9,27
717492,10,5
717492,11,76
717492,12,181
717492,13,230
717492,14,114
717492,16,51
717492,17,0
717494,1,13
717494,2,10
717494,3,119
717494,4,6
717494,5,5
717494,6,17
717494,8,29
717494,9,10
717494,10,2
717494,11,47
717494,12,84
717494,13,60
717494,14,36
717494,16,20
717494,17,2
717496,1,15
717496,2,44
717496,3,240
717496,4,19
717496,5,10
717496,6,15
717496,8,62
717496,9,19
717496,10,6
717496,11,104
717496,12,179
717496,13,184
717496,14,105
717496,16,50
717496,17,1
717498,1,3
717498,2,7
717498,3,146
717498,4,6
717498,5,6
717498,6,23
717498,8,20
717498,9,7
717498,10,2
717498,11,31
717498,12,180
717498,13,78
717498,14,52
717498,16,9
717498,17,1
717500,1,0
717500,2,0
717500,3,16
717500,4,3
717500,5,0
717500,6,0
717500,8,5
717500,9,3
717500,10,0
717500,11,7
717500,12,6
717500,13,2
717500,14,3
717500,16,1
717500,17,0
717502,1,3
717502,2,0
717502,3,43
717502,4,0
717502,5,3
717502,6,2
717502,8,4
717502,9,2
717502,10,0
717502,11,4
717502,12,11
717502,13,4
717502,14,16
717502,16,1
717502,17,0
717504,1,21
717504,2,121
717504,3,305
717504,4,72
717504,5,51
717504,6,22
717504,8,100
717504,9,40
717504,10,29
717504,11,259
717504,12,200
717504,13,1015
717504,14,417
717504,16,298
717504,17,79
717506,1,6
717506,2,73
717506,3,150
717506,4,24
717506,5,31
717506,6,9
717506,8,82
717506,9,22
717506,10,24
717506,11,157
717506,12,102
717506,13,541
717506,14,270
717506,16,151
717506,17,55
717508,1,4
717508,2,71
717508,3,130
717508,4,32
717508,5,24
717508,6,11
717508,8,41
717508,9,23
717508,10,15
717508,11,126
717508,12,86
717508,13,434
717508,14,192
717508,16,152
717508,17,57
717510,1,12
717510,2,12
717510,3,125
717510,4,11
717510,5,14
717510,6,10
717510,8,46
717510,9,11
717510,10,5
717510,11,70
717510,12,143
717510,13,67
717510,14,33
717510,16,16
717510,17,1
717512,1,5
717512,2,26
717512,3,87
717512,4,12
717512,5,24
717512,6,9
717512,8,76
717512,9,18
717512,10,0
717512,11,75
717512,12,130
717512,13,194
717512,14,104
717512,16,40
717512,17,14
